scenario,records,avg_risk_score,avg_latency_ms,avg_packet_loss_rate,avg_route_deviation,tamper_rate
combined,180000,0.24102752878921924,79.52148495587079,0.10951318716918185,43.42229656143312,0.2257222222222222
jamming,180000,0.25832573596618646,79.57185328144466,0.11008858221833408,5.004485066714977,0.0
normal,180000,0.10002104503347865,39.979718037870356,0.02496613325924622,4.99115200865552,0.0
spoofing,180000,0.26746570071333303,40.0451827536733,0.024988912204136463,43.58648160815106,0.0
tampering,180000,0.24040592558839438,39.9753326536915,0.025013968806361874,4.996314325511015,0.22466111111111112
