seed,scenario,attack_intensity,uav_count,uav_id,start_timestamp,end_timestamp,label
1,combined,low,20,UAV-012,0,19,normal
1,combined,low,20,UAV-012,5,24,normal
1,combined,low,20,UAV-012,10,29,normal
1,combined,low,20,UAV-012,15,34,normal
1,combined,low,20,UAV-012,20,39,normal
1,combined,low,20,UAV-012,25,44,normal
1,combined,low,20,UAV-012,30,49,normal
1,combined,low,20,UAV-012,35,54,normal
1,combined,low,20,UAV-012,40,59,normal
1,combined,low,20,UAV-012,45,64,normal
1,combined,low,20,UAV-012,50,69,normal
1,combined,low,20,UAV-012,55,74,normal
1,combined,low,20,UAV-012,60,80,combined
1,combined,low,20,UAV-012,65,85,combined
1,combined,low,20,UAV-012,70,89,normal
1,combined,low,20,UAV-012,75,94,combined
1,combined,low,20,UAV-012,81,99,combined
1,combined,low,20,UAV-012,86,104,normal
1,combined,low,20,UAV-012,90,109,normal
1,combined,low,20,UAV-012,95,113,normal
1,combined,low,20,UAV-012,100,118,normal
1,combined,low,20,UAV-012,105,124,combined
1,combined,low,20,UAV-012,110,130,combined
1,combined,low,20,UAV-012,114,134,combined
1,combined,low,20,UAV-012,119,141,combined
1,combined,low,20,UAV-012,125,146,combined
1,combined,low,20,UAV-012,130,150,combined
1,combined,low,20,UAV-012,135,154,combined
1,combined,low,20,UAV-012,143,159,combined
1,combined,low,20,UAV-012,146,163,combined
1,combined,low,20,UAV-012,151,169,combined
1,combined,low,20,UAV-012,155,175,combined
1,combined,low,20,UAV-012,160,179,combined
1,combined,low,20,UAV-012,164,184,combined
1,combined,low,20,UAV-012,170,189,normal
1,combined,low,20,UAV-012,176,194,normal
1,combined,low,20,UAV-012,180,199,normal
1,combined,low,20,UAV-012,185,204,normal
1,combined,low,20,UAV-012,190,209,normal
1,combined,low,20,UAV-012,195,214,normal
1,combined,low,20,UAV-012,200,219,normal
1,combined,low,20,UAV-012,205,224,normal
1,combined,low,20,UAV-012,210,229,normal
1,combined,low,20,UAV-012,215,234,normal
1,combined,low,20,UAV-012,220,239,normal
1,combined,low,20,UAV-019,0,19,normal
1,combined,low,20,UAV-019,5,24,normal
1,combined,low,20,UAV-019,10,29,normal
1,combined,low,20,UAV-019,15,34,normal
1,combined,low,20,UAV-019,20,39,normal
1,combined,low,20,UAV-019,25,44,normal
1,combined,low,20,UAV-019,30,49,normal
1,combined,low,20,UAV-019,35,54,normal
1,combined,low,20,UAV-019,40,59,normal
1,combined,low,20,UAV-019,45,64,normal
1,combined,low,20,UAV-019,50,69,normal
1,combined,low,20,UAV-019,55,73,combined
1,combined,low,20,UAV-019,60,79,combined
1,combined,low,20,UAV-019,65,84,combined
1,combined,low,20,UAV-019,69,89,combined
1,combined,low,20,UAV-019,74,94,combined
1,combined,low,20,UAV-019,80,99,combined
1,combined,low,20,UAV-019,85,103,combined
1,combined,low,20,UAV-019,90,110,combined
1,combined,low,20,UAV-019,96,115,combined
1,combined,low,20,UAV-019,101,119,combined
1,combined,low,20,UAV-019,104,124,combined
1,combined,low,20,UAV-019,112,129,combined
1,combined,low,20,UAV-019,116,135,normal
1,combined,low,20,UAV-019,120,140,combined
1,combined,low,20,UAV-019,125,144,combined
1,combined,low,20,UAV-019,130,149,combined
1,combined,low,20,UAV-019,136,154,combined
1,combined,low,20,UAV-019,141,158,combined
1,combined,low,20,UAV-019,145,165,combined
1,combined,low,20,UAV-019,150,170,combined
1,combined,low,20,UAV-019,154,175,combined
1,combined,low,20,UAV-019,159,179,combined
1,combined,low,20,UAV-019,166,184,combined
1,combined,low,20,UAV-019,172,189,combined
1,combined,low,20,UAV-019,176,194,normal
1,combined,low,20,UAV-019,180,199,normal
1,combined,low,20,UAV-019,185,204,normal
1,combined,low,20,UAV-019,190,209,normal
1,combined,low,20,UAV-019,195,214,normal
1,combined,low,20,UAV-019,200,219,normal
1,combined,low,20,UAV-019,205,224,normal
1,combined,low,20,UAV-019,210,229,normal
1,combined,low,20,UAV-019,215,234,normal
1,combined,low,20,UAV-019,220,239,normal
1,jamming,high,20,UAV-020,0,19,normal
1,jamming,high,20,UAV-020,5,24,normal
1,jamming,high,20,UAV-020,10,29,normal
1,jamming,high,20,UAV-020,15,34,normal
1,jamming,high,20,UAV-020,20,39,normal
1,jamming,high,20,UAV-020,25,44,normal
1,jamming,high,20,UAV-020,30,49,normal
1,jamming,high,20,UAV-020,35,54,normal
1,jamming,high,20,UAV-020,40,59,normal
1,jamming,high,20,UAV-020,45,64,normal
1,jamming,high,20,UAV-020,50,69,jamming
1,jamming,high,20,UAV-020,55,74,jamming
1,jamming,high,20,UAV-020,60,79,jamming
1,jamming,high,20,UAV-020,65,84,jamming
1,jamming,high,20,UAV-020,70,89,jamming
1,jamming,high,20,UAV-020,75,94,jamming
1,jamming,high,20,UAV-020,80,99,jamming
1,jamming,high,20,UAV-020,85,104,jamming
1,jamming,high,20,UAV-020,90,109,jamming
1,jamming,high,20,UAV-020,95,114,jamming
1,jamming,high,20,UAV-020,100,119,jamming
1,jamming,high,20,UAV-020,105,124,jamming
1,jamming,high,20,UAV-020,110,129,jamming
1,jamming,high,20,UAV-020,115,134,jamming
1,jamming,high,20,UAV-020,120,139,jamming
1,jamming,high,20,UAV-020,125,144,jamming
1,jamming,high,20,UAV-020,130,149,jamming
1,jamming,high,20,UAV-020,135,154,jamming
1,jamming,high,20,UAV-020,140,159,jamming
1,jamming,high,20,UAV-020,145,164,jamming
1,jamming,high,20,UAV-020,150,169,jamming
1,jamming,high,20,UAV-020,155,174,jamming
1,jamming,high,20,UAV-020,160,179,jamming
1,jamming,high,20,UAV-020,165,184,jamming
1,jamming,high,20,UAV-020,170,189,jamming
1,jamming,high,20,UAV-020,175,194,normal
1,jamming,high,20,UAV-020,180,199,normal
1,jamming,high,20,UAV-020,185,204,normal
1,jamming,high,20,UAV-020,190,209,normal
1,jamming,high,20,UAV-020,195,214,normal
1,jamming,high,20,UAV-020,200,219,normal
1,jamming,high,20,UAV-020,205,224,normal
1,jamming,high,20,UAV-020,210,229,normal
1,jamming,high,20,UAV-020,215,234,normal
1,jamming,high,20,UAV-020,220,239,normal
1,jamming,high,30,UAV-003,0,19,normal
1,jamming,high,30,UAV-003,5,24,normal
1,jamming,high,30,UAV-003,10,29,normal
1,jamming,high,30,UAV-003,15,34,normal
1,jamming,high,30,UAV-003,20,39,normal
1,jamming,high,30,UAV-003,25,44,normal
1,jamming,high,30,UAV-003,30,49,normal
1,jamming,high,30,UAV-003,35,54,normal
1,jamming,high,30,UAV-003,40,59,normal
1,jamming,high,30,UAV-003,45,64,normal
1,jamming,high,30,UAV-003,50,69,jamming
1,jamming,high,30,UAV-003,55,74,jamming
1,jamming,high,30,UAV-003,60,79,jamming
1,jamming,high,30,UAV-003,65,84,jamming
1,jamming,high,30,UAV-003,70,89,jamming
1,jamming,high,30,UAV-003,75,94,jamming
1,jamming,high,30,UAV-003,80,99,jamming
1,jamming,high,30,UAV-003,85,104,jamming
1,jamming,high,30,UAV-003,90,109,jamming
1,jamming,high,30,UAV-003,95,114,jamming
1,jamming,high,30,UAV-003,100,119,jamming
1,jamming,high,30,UAV-003,105,124,jamming
1,jamming,high,30,UAV-003,110,129,jamming
1,jamming,high,30,UAV-003,115,134,jamming
1,jamming,high,30,UAV-003,120,139,jamming
1,jamming,high,30,UAV-003,125,144,jamming
1,jamming,high,30,UAV-003,130,149,jamming
1,jamming,high,30,UAV-003,135,154,jamming
1,jamming,high,30,UAV-003,140,159,jamming
1,jamming,high,30,UAV-003,145,164,jamming
1,jamming,high,30,UAV-003,150,169,jamming
1,jamming,high,30,UAV-003,155,174,jamming
1,jamming,high,30,UAV-003,160,179,jamming
1,jamming,high,30,UAV-003,165,184,jamming
1,jamming,high,30,UAV-003,170,189,jamming
1,jamming,high,30,UAV-003,175,194,normal
1,jamming,high,30,UAV-003,180,199,normal
1,jamming,high,30,UAV-003,185,204,normal
1,jamming,high,30,UAV-003,190,209,normal
1,jamming,high,30,UAV-003,195,214,normal
1,jamming,high,30,UAV-003,200,219,normal
1,jamming,high,30,UAV-003,205,224,normal
1,jamming,high,30,UAV-003,210,229,normal
1,jamming,high,30,UAV-003,215,234,normal
1,jamming,high,30,UAV-003,220,239,normal
1,jamming,high,30,UAV-026,0,19,normal
1,jamming,high,30,UAV-026,5,24,normal
1,jamming,high,30,UAV-026,10,29,normal
1,jamming,high,30,UAV-026,15,34,normal
1,jamming,high,30,UAV-026,20,39,normal
1,jamming,high,30,UAV-026,25,44,normal
1,jamming,high,30,UAV-026,30,49,normal
1,jamming,high,30,UAV-026,35,54,normal
1,jamming,high,30,UAV-026,40,59,normal
1,jamming,high,30,UAV-026,45,64,normal
1,jamming,high,30,UAV-026,50,69,jamming
1,jamming,high,30,UAV-026,55,74,jamming
1,jamming,high,30,UAV-026,60,79,jamming
1,jamming,high,30,UAV-026,65,84,jamming
1,jamming,high,30,UAV-026,70,89,jamming
1,jamming,high,30,UAV-026,75,94,jamming
1,jamming,high,30,UAV-026,80,99,jamming
1,jamming,high,30,UAV-026,85,104,jamming
1,jamming,high,30,UAV-026,90,109,jamming
1,jamming,high,30,UAV-026,95,114,jamming
1,jamming,high,30,UAV-026,100,119,jamming
1,jamming,high,30,UAV-026,105,124,jamming
1,jamming,high,30,UAV-026,110,129,jamming
1,jamming,high,30,UAV-026,115,134,jamming
1,jamming,high,30,UAV-026,120,139,jamming
1,jamming,high,30,UAV-026,125,144,jamming
1,jamming,high,30,UAV-026,130,149,jamming
1,jamming,high,30,UAV-026,135,154,jamming
1,jamming,high,30,UAV-026,140,159,jamming
1,jamming,high,30,UAV-026,145,164,jamming
1,jamming,high,30,UAV-026,150,169,jamming
1,jamming,high,30,UAV-026,155,174,jamming
1,jamming,high,30,UAV-026,160,179,jamming
1,jamming,high,30,UAV-026,165,184,jamming
1,jamming,high,30,UAV-026,170,189,jamming
1,jamming,high,30,UAV-026,175,194,normal
1,jamming,high,30,UAV-026,180,199,normal
1,jamming,high,30,UAV-026,185,204,normal
1,jamming,high,30,UAV-026,190,209,normal
1,jamming,high,30,UAV-026,195,214,normal
1,jamming,high,30,UAV-026,200,219,normal
1,jamming,high,30,UAV-026,205,224,normal
1,jamming,high,30,UAV-026,210,229,normal
1,jamming,high,30,UAV-026,215,234,normal
1,jamming,high,30,UAV-026,220,239,normal
1,jamming,low,30,UAV-025,0,19,normal
1,jamming,low,30,UAV-025,5,24,normal
1,jamming,low,30,UAV-025,10,29,normal
1,jamming,low,30,UAV-025,15,34,normal
1,jamming,low,30,UAV-025,20,39,normal
1,jamming,low,30,UAV-025,25,44,normal
1,jamming,low,30,UAV-025,30,49,normal
1,jamming,low,30,UAV-025,35,54,normal
1,jamming,low,30,UAV-025,40,59,normal
1,jamming,low,30,UAV-025,45,64,normal
1,jamming,low,30,UAV-025,50,69,normal
1,jamming,low,30,UAV-025,55,74,normal
1,jamming,low,30,UAV-025,60,79,jamming
1,jamming,low,30,UAV-025,65,84,jamming
1,jamming,low,30,UAV-025,70,89,normal
1,jamming,low,30,UAV-025,75,94,jamming
1,jamming,low,30,UAV-025,80,99,jamming
1,jamming,low,30,UAV-025,85,104,normal
1,jamming,low,30,UAV-025,90,109,jamming
1,jamming,low,30,UAV-025,95,114,jamming
1,jamming,low,30,UAV-025,100,119,jamming
1,jamming,low,30,UAV-025,105,124,jamming
1,jamming,low,30,UAV-025,110,129,jamming
1,jamming,low,30,UAV-025,115,134,jamming
1,jamming,low,30,UAV-025,120,139,jamming
1,jamming,low,30,UAV-025,125,144,jamming
1,jamming,low,30,UAV-025,130,149,jamming
1,jamming,low,30,UAV-025,135,154,jamming
1,jamming,low,30,UAV-025,140,159,normal
1,jamming,low,30,UAV-025,145,164,normal
1,jamming,low,30,UAV-025,150,169,jamming
1,jamming,low,30,UAV-025,155,174,jamming
1,jamming,low,30,UAV-025,160,179,jamming
1,jamming,low,30,UAV-025,165,184,jamming
1,jamming,low,30,UAV-025,170,189,normal
1,jamming,low,30,UAV-025,175,194,normal
1,jamming,low,30,UAV-025,180,199,normal
1,jamming,low,30,UAV-025,185,204,normal
1,jamming,low,30,UAV-025,190,209,normal
1,jamming,low,30,UAV-025,195,214,normal
1,jamming,low,30,UAV-025,200,219,normal
1,jamming,low,30,UAV-025,205,224,normal
1,jamming,low,30,UAV-025,210,229,normal
1,jamming,low,30,UAV-025,215,234,normal
1,jamming,low,30,UAV-025,220,239,normal
1,jamming,medium,10,UAV-003,0,19,normal
1,jamming,medium,10,UAV-003,5,24,normal
1,jamming,medium,10,UAV-003,10,29,normal
1,jamming,medium,10,UAV-003,15,34,normal
1,jamming,medium,10,UAV-003,20,39,normal
1,jamming,medium,10,UAV-003,25,44,normal
1,jamming,medium,10,UAV-003,30,49,normal
1,jamming,medium,10,UAV-003,35,54,normal
1,jamming,medium,10,UAV-003,40,59,normal
1,jamming,medium,10,UAV-003,45,64,normal
1,jamming,medium,10,UAV-003,50,69,normal
1,jamming,medium,10,UAV-003,55,74,jamming
1,jamming,medium,10,UAV-003,60,79,jamming
1,jamming,medium,10,UAV-003,65,84,jamming
1,jamming,medium,10,UAV-003,70,89,jamming
1,jamming,medium,10,UAV-003,75,94,jamming
1,jamming,medium,10,UAV-003,80,99,jamming
1,jamming,medium,10,UAV-003,85,104,jamming
1,jamming,medium,10,UAV-003,90,109,jamming
1,jamming,medium,10,UAV-003,95,114,jamming
1,jamming,medium,10,UAV-003,100,119,jamming
1,jamming,medium,10,UAV-003,105,124,jamming
1,jamming,medium,10,UAV-003,110,129,jamming
1,jamming,medium,10,UAV-003,115,134,jamming
1,jamming,medium,10,UAV-003,120,139,jamming
1,jamming,medium,10,UAV-003,125,144,jamming
1,jamming,medium,10,UAV-003,130,149,jamming
1,jamming,medium,10,UAV-003,135,154,jamming
1,jamming,medium,10,UAV-003,140,159,jamming
1,jamming,medium,10,UAV-003,145,164,jamming
1,jamming,medium,10,UAV-003,150,169,jamming
1,jamming,medium,10,UAV-003,155,174,jamming
1,jamming,medium,10,UAV-003,160,179,jamming
1,jamming,medium,10,UAV-003,165,184,jamming
1,jamming,medium,10,UAV-003,170,189,jamming
1,jamming,medium,10,UAV-003,175,194,normal
1,jamming,medium,10,UAV-003,180,199,normal
1,jamming,medium,10,UAV-003,185,204,normal
1,jamming,medium,10,UAV-003,190,209,normal
1,jamming,medium,10,UAV-003,195,214,normal
1,jamming,medium,10,UAV-003,200,219,normal
1,jamming,medium,10,UAV-003,205,224,normal
1,jamming,medium,10,UAV-003,210,229,normal
1,jamming,medium,10,UAV-003,215,234,normal
1,jamming,medium,10,UAV-003,220,239,normal
1,jamming,medium,30,UAV-014,0,19,normal
1,jamming,medium,30,UAV-014,5,24,normal
1,jamming,medium,30,UAV-014,10,29,normal
1,jamming,medium,30,UAV-014,15,34,normal
1,jamming,medium,30,UAV-014,20,39,normal
1,jamming,medium,30,UAV-014,25,44,normal
1,jamming,medium,30,UAV-014,30,49,normal
1,jamming,medium,30,UAV-014,35,54,normal
1,jamming,medium,30,UAV-014,40,59,normal
1,jamming,medium,30,UAV-014,45,64,normal
1,jamming,medium,30,UAV-014,50,69,jamming
1,jamming,medium,30,UAV-014,55,74,jamming
1,jamming,medium,30,UAV-014,60,79,jamming
1,jamming,medium,30,UAV-014,65,84,jamming
1,jamming,medium,30,UAV-014,70,89,jamming
1,jamming,medium,30,UAV-014,75,94,jamming
1,jamming,medium,30,UAV-014,80,99,jamming
1,jamming,medium,30,UAV-014,85,104,jamming
1,jamming,medium,30,UAV-014,90,109,jamming
1,jamming,medium,30,UAV-014,95,114,jamming
1,jamming,medium,30,UAV-014,100,119,jamming
1,jamming,medium,30,UAV-014,105,124,jamming
1,jamming,medium,30,UAV-014,110,129,jamming
1,jamming,medium,30,UAV-014,115,134,jamming
1,jamming,medium,30,UAV-014,120,139,jamming
1,jamming,medium,30,UAV-014,125,144,jamming
1,jamming,medium,30,UAV-014,130,149,jamming
1,jamming,medium,30,UAV-014,135,154,jamming
1,jamming,medium,30,UAV-014,140,159,jamming
1,jamming,medium,30,UAV-014,145,164,jamming
1,jamming,medium,30,UAV-014,150,169,jamming
1,jamming,medium,30,UAV-014,155,174,jamming
1,jamming,medium,30,UAV-014,160,179,jamming
1,jamming,medium,30,UAV-014,165,184,jamming
1,jamming,medium,30,UAV-014,170,189,jamming
1,jamming,medium,30,UAV-014,175,194,normal
1,jamming,medium,30,UAV-014,180,199,normal
1,jamming,medium,30,UAV-014,185,204,normal
1,jamming,medium,30,UAV-014,190,209,normal
1,jamming,medium,30,UAV-014,195,214,normal
1,jamming,medium,30,UAV-014,200,219,normal
1,jamming,medium,30,UAV-014,205,224,normal
1,jamming,medium,30,UAV-014,210,229,normal
1,jamming,medium,30,UAV-014,215,234,normal
1,jamming,medium,30,UAV-014,220,239,normal
1,jamming_spoofing,high,30,UAV-026,0,19,normal
1,jamming_spoofing,high,30,UAV-026,5,24,normal
1,jamming_spoofing,high,30,UAV-026,10,29,normal
1,jamming_spoofing,high,30,UAV-026,15,34,normal
1,jamming_spoofing,high,30,UAV-026,20,39,normal
1,jamming_spoofing,high,30,UAV-026,25,44,normal
1,jamming_spoofing,high,30,UAV-026,30,49,normal
1,jamming_spoofing,high,30,UAV-026,35,54,normal
1,jamming_spoofing,high,30,UAV-026,40,59,normal
1,jamming_spoofing,high,30,UAV-026,45,64,normal
1,jamming_spoofing,high,30,UAV-026,50,69,jamming_spoofing
1,jamming_spoofing,high,30,UAV-026,55,74,jamming_spoofing
1,jamming_spoofing,high,30,UAV-026,60,79,jamming_spoofing
1,jamming_spoofing,high,30,UAV-026,65,84,jamming_spoofing
1,jamming_spoofing,high,30,UAV-026,70,89,jamming_spoofing
1,jamming_spoofing,high,30,UAV-026,75,94,jamming_spoofing
1,jamming_spoofing,high,30,UAV-026,80,99,jamming_spoofing
1,jamming_spoofing,high,30,UAV-026,85,104,jamming_spoofing
1,jamming_spoofing,high,30,UAV-026,90,109,jamming_spoofing
1,jamming_spoofing,high,30,UAV-026,95,114,jamming_spoofing
1,jamming_spoofing,high,30,UAV-026,100,119,jamming_spoofing
1,jamming_spoofing,high,30,UAV-026,105,124,jamming_spoofing
1,jamming_spoofing,high,30,UAV-026,110,129,jamming_spoofing
1,jamming_spoofing,high,30,UAV-026,115,134,jamming_spoofing
1,jamming_spoofing,high,30,UAV-026,120,139,jamming_spoofing
1,jamming_spoofing,high,30,UAV-026,125,144,jamming_spoofing
1,jamming_spoofing,high,30,UAV-026,130,149,jamming_spoofing
1,jamming_spoofing,high,30,UAV-026,135,154,jamming_spoofing
1,jamming_spoofing,high,30,UAV-026,140,159,jamming_spoofing
1,jamming_spoofing,high,30,UAV-026,145,164,jamming_spoofing
1,jamming_spoofing,high,30,UAV-026,150,169,jamming_spoofing
1,jamming_spoofing,high,30,UAV-026,155,174,jamming_spoofing
1,jamming_spoofing,high,30,UAV-026,160,179,jamming_spoofing
1,jamming_spoofing,high,30,UAV-026,165,184,jamming_spoofing
1,jamming_spoofing,high,30,UAV-026,170,189,jamming_spoofing
1,jamming_spoofing,high,30,UAV-026,175,194,normal
1,jamming_spoofing,high,30,UAV-026,180,199,normal
1,jamming_spoofing,high,30,UAV-026,185,204,normal
1,jamming_spoofing,high,30,UAV-026,190,209,normal
1,jamming_spoofing,high,30,UAV-026,195,214,normal
1,jamming_spoofing,high,30,UAV-026,200,219,normal
1,jamming_spoofing,high,30,UAV-026,205,224,normal
1,jamming_spoofing,high,30,UAV-026,210,229,normal
1,jamming_spoofing,high,30,UAV-026,215,234,normal
1,jamming_spoofing,high,30,UAV-026,220,239,normal
1,jamming_spoofing,high,30,UAV-029,0,19,normal
1,jamming_spoofing,high,30,UAV-029,5,24,normal
1,jamming_spoofing,high,30,UAV-029,10,29,normal
1,jamming_spoofing,high,30,UAV-029,15,34,normal
1,jamming_spoofing,high,30,UAV-029,20,39,normal
1,jamming_spoofing,high,30,UAV-029,25,44,normal
1,jamming_spoofing,high,30,UAV-029,30,49,normal
1,jamming_spoofing,high,30,UAV-029,35,54,normal
1,jamming_spoofing,high,30,UAV-029,40,59,normal
1,jamming_spoofing,high,30,UAV-029,45,64,normal
1,jamming_spoofing,high,30,UAV-029,50,69,jamming_spoofing
1,jamming_spoofing,high,30,UAV-029,55,74,jamming_spoofing
1,jamming_spoofing,high,30,UAV-029,60,79,jamming_spoofing
1,jamming_spoofing,high,30,UAV-029,65,84,jamming_spoofing
1,jamming_spoofing,high,30,UAV-029,70,89,jamming_spoofing
1,jamming_spoofing,high,30,UAV-029,75,94,jamming_spoofing
1,jamming_spoofing,high,30,UAV-029,80,99,jamming_spoofing
1,jamming_spoofing,high,30,UAV-029,85,104,jamming_spoofing
1,jamming_spoofing,high,30,UAV-029,90,109,jamming_spoofing
1,jamming_spoofing,high,30,UAV-029,95,114,jamming_spoofing
1,jamming_spoofing,high,30,UAV-029,100,119,jamming_spoofing
1,jamming_spoofing,high,30,UAV-029,105,124,jamming_spoofing
1,jamming_spoofing,high,30,UAV-029,110,129,jamming_spoofing
1,jamming_spoofing,high,30,UAV-029,115,134,jamming_spoofing
1,jamming_spoofing,high,30,UAV-029,120,139,jamming_spoofing
1,jamming_spoofing,high,30,UAV-029,125,144,jamming_spoofing
1,jamming_spoofing,high,30,UAV-029,130,149,jamming_spoofing
1,jamming_spoofing,high,30,UAV-029,135,154,jamming_spoofing
1,jamming_spoofing,high,30,UAV-029,140,159,jamming_spoofing
1,jamming_spoofing,high,30,UAV-029,145,164,jamming_spoofing
1,jamming_spoofing,high,30,UAV-029,150,169,jamming_spoofing
1,jamming_spoofing,high,30,UAV-029,155,174,jamming_spoofing
1,jamming_spoofing,high,30,UAV-029,160,179,jamming_spoofing
1,jamming_spoofing,high,30,UAV-029,165,184,jamming_spoofing
1,jamming_spoofing,high,30,UAV-029,170,189,jamming_spoofing
1,jamming_spoofing,high,30,UAV-029,175,194,normal
1,jamming_spoofing,high,30,UAV-029,180,199,normal
1,jamming_spoofing,high,30,UAV-029,185,204,normal
1,jamming_spoofing,high,30,UAV-029,190,209,normal
1,jamming_spoofing,high,30,UAV-029,195,214,normal
1,jamming_spoofing,high,30,UAV-029,200,219,normal
1,jamming_spoofing,high,30,UAV-029,205,224,normal
1,jamming_spoofing,high,30,UAV-029,210,229,normal
1,jamming_spoofing,high,30,UAV-029,215,234,normal
1,jamming_spoofing,high,30,UAV-029,220,239,normal
1,jamming_spoofing,low,10,UAV-010,0,19,normal
1,jamming_spoofing,low,10,UAV-010,5,24,normal
1,jamming_spoofing,low,10,UAV-010,10,29,normal
1,jamming_spoofing,low,10,UAV-010,15,34,normal
1,jamming_spoofing,low,10,UAV-010,20,39,normal
1,jamming_spoofing,low,10,UAV-010,25,44,normal
1,jamming_spoofing,low,10,UAV-010,30,49,normal
1,jamming_spoofing,low,10,UAV-010,35,54,normal
1,jamming_spoofing,low,10,UAV-010,40,59,normal
1,jamming_spoofing,low,10,UAV-010,45,64,normal
1,jamming_spoofing,low,10,UAV-010,50,69,normal
1,jamming_spoofing,low,10,UAV-010,55,74,normal
1,jamming_spoofing,low,10,UAV-010,60,79,normal
1,jamming_spoofing,low,10,UAV-010,65,84,normal
1,jamming_spoofing,low,10,UAV-010,70,89,normal
1,jamming_spoofing,low,10,UAV-010,75,94,jamming_spoofing
1,jamming_spoofing,low,10,UAV-010,80,99,jamming_spoofing
1,jamming_spoofing,low,10,UAV-010,85,104,jamming_spoofing
1,jamming_spoofing,low,10,UAV-010,90,109,jamming_spoofing
1,jamming_spoofing,low,10,UAV-010,95,114,jamming_spoofing
1,jamming_spoofing,low,10,UAV-010,100,119,normal
1,jamming_spoofing,low,10,UAV-010,105,124,normal
1,jamming_spoofing,low,10,UAV-010,110,129,normal
1,jamming_spoofing,low,10,UAV-010,115,134,normal
1,jamming_spoofing,low,10,UAV-010,120,139,normal
1,jamming_spoofing,low,10,UAV-010,125,144,normal
1,jamming_spoofing,low,10,UAV-010,130,149,normal
1,jamming_spoofing,low,10,UAV-010,135,154,jamming_spoofing
1,jamming_spoofing,low,10,UAV-010,140,159,jamming_spoofing
1,jamming_spoofing,low,10,UAV-010,145,164,jamming_spoofing
1,jamming_spoofing,low,10,UAV-010,150,169,jamming_spoofing
1,jamming_spoofing,low,10,UAV-010,155,174,jamming_spoofing
1,jamming_spoofing,low,10,UAV-010,160,179,jamming_spoofing
1,jamming_spoofing,low,10,UAV-010,165,184,jamming_spoofing
1,jamming_spoofing,low,10,UAV-010,170,189,jamming_spoofing
1,jamming_spoofing,low,10,UAV-010,175,194,normal
1,jamming_spoofing,low,10,UAV-010,180,199,normal
1,jamming_spoofing,low,10,UAV-010,185,204,normal
1,jamming_spoofing,low,10,UAV-010,190,209,normal
1,jamming_spoofing,low,10,UAV-010,195,214,normal
1,jamming_spoofing,low,10,UAV-010,200,219,normal
1,jamming_spoofing,low,10,UAV-010,205,224,normal
1,jamming_spoofing,low,10,UAV-010,210,229,normal
1,jamming_spoofing,low,10,UAV-010,215,234,normal
1,jamming_spoofing,low,10,UAV-010,220,239,normal
1,jamming_spoofing,low,30,UAV-020,0,19,normal
1,jamming_spoofing,low,30,UAV-020,5,24,normal
1,jamming_spoofing,low,30,UAV-020,10,29,normal
1,jamming_spoofing,low,30,UAV-020,15,34,normal
1,jamming_spoofing,low,30,UAV-020,20,39,normal
1,jamming_spoofing,low,30,UAV-020,25,44,normal
1,jamming_spoofing,low,30,UAV-020,30,49,normal
1,jamming_spoofing,low,30,UAV-020,35,54,normal
1,jamming_spoofing,low,30,UAV-020,40,59,normal
1,jamming_spoofing,low,30,UAV-020,45,64,normal
1,jamming_spoofing,low,30,UAV-020,50,69,normal
1,jamming_spoofing,low,30,UAV-020,55,74,jamming_spoofing
1,jamming_spoofing,low,30,UAV-020,60,79,jamming_spoofing
1,jamming_spoofing,low,30,UAV-020,65,84,jamming_spoofing
1,jamming_spoofing,low,30,UAV-020,70,89,jamming_spoofing
1,jamming_spoofing,low,30,UAV-020,75,94,jamming_spoofing
1,jamming_spoofing,low,30,UAV-020,80,99,jamming_spoofing
1,jamming_spoofing,low,30,UAV-020,85,104,jamming_spoofing
1,jamming_spoofing,low,30,UAV-020,90,109,normal
1,jamming_spoofing,low,30,UAV-020,95,114,normal
1,jamming_spoofing,low,30,UAV-020,100,119,jamming_spoofing
1,jamming_spoofing,low,30,UAV-020,105,124,jamming_spoofing
1,jamming_spoofing,low,30,UAV-020,110,129,jamming_spoofing
1,jamming_spoofing,low,30,UAV-020,115,134,jamming_spoofing
1,jamming_spoofing,low,30,UAV-020,120,139,jamming_spoofing
1,jamming_spoofing,low,30,UAV-020,125,144,jamming_spoofing
1,jamming_spoofing,low,30,UAV-020,130,149,jamming_spoofing
1,jamming_spoofing,low,30,UAV-020,135,154,normal
1,jamming_spoofing,low,30,UAV-020,140,159,normal
1,jamming_spoofing,low,30,UAV-020,145,164,jamming_spoofing
1,jamming_spoofing,low,30,UAV-020,150,169,jamming_spoofing
1,jamming_spoofing,low,30,UAV-020,155,174,jamming_spoofing
1,jamming_spoofing,low,30,UAV-020,160,179,jamming_spoofing
1,jamming_spoofing,low,30,UAV-020,165,184,jamming_spoofing
1,jamming_spoofing,low,30,UAV-020,170,189,normal
1,jamming_spoofing,low,30,UAV-020,175,194,normal
1,jamming_spoofing,low,30,UAV-020,180,199,normal
1,jamming_spoofing,low,30,UAV-020,185,204,normal
1,jamming_spoofing,low,30,UAV-020,190,209,normal
1,jamming_spoofing,low,30,UAV-020,195,214,normal
1,jamming_spoofing,low,30,UAV-020,200,219,normal
1,jamming_spoofing,low,30,UAV-020,205,224,normal
1,jamming_spoofing,low,30,UAV-020,210,229,normal
1,jamming_spoofing,low,30,UAV-020,215,234,normal
1,jamming_spoofing,low,30,UAV-020,220,239,normal
1,jamming_spoofing,low,30,UAV-027,0,19,normal
1,jamming_spoofing,low,30,UAV-027,5,24,normal
1,jamming_spoofing,low,30,UAV-027,10,29,normal
1,jamming_spoofing,low,30,UAV-027,15,34,normal
1,jamming_spoofing,low,30,UAV-027,20,39,normal
1,jamming_spoofing,low,30,UAV-027,25,44,normal
1,jamming_spoofing,low,30,UAV-027,30,49,normal
1,jamming_spoofing,low,30,UAV-027,35,54,normal
1,jamming_spoofing,low,30,UAV-027,40,59,normal
1,jamming_spoofing,low,30,UAV-027,45,64,normal
1,jamming_spoofing,low,30,UAV-027,50,69,normal
1,jamming_spoofing,low,30,UAV-027,55,74,jamming_spoofing
1,jamming_spoofing,low,30,UAV-027,60,79,jamming_spoofing
1,jamming_spoofing,low,30,UAV-027,65,84,jamming_spoofing
1,jamming_spoofing,low,30,UAV-027,70,89,jamming_spoofing
1,jamming_spoofing,low,30,UAV-027,75,94,normal
1,jamming_spoofing,low,30,UAV-027,80,99,normal
1,jamming_spoofing,low,30,UAV-027,85,104,normal
1,jamming_spoofing,low,30,UAV-027,90,109,jamming_spoofing
1,jamming_spoofing,low,30,UAV-027,95,114,jamming_spoofing
1,jamming_spoofing,low,30,UAV-027,100,119,jamming_spoofing
1,jamming_spoofing,low,30,UAV-027,105,124,jamming_spoofing
1,jamming_spoofing,low,30,UAV-027,110,129,jamming_spoofing
1,jamming_spoofing,low,30,UAV-027,115,134,jamming_spoofing
1,jamming_spoofing,low,30,UAV-027,120,139,jamming_spoofing
1,jamming_spoofing,low,30,UAV-027,125,144,jamming_spoofing
1,jamming_spoofing,low,30,UAV-027,130,149,jamming_spoofing
1,jamming_spoofing,low,30,UAV-027,135,154,jamming_spoofing
1,jamming_spoofing,low,30,UAV-027,140,159,jamming_spoofing
1,jamming_spoofing,low,30,UAV-027,145,164,jamming_spoofing
1,jamming_spoofing,low,30,UAV-027,150,169,jamming_spoofing
1,jamming_spoofing,low,30,UAV-027,155,174,jamming_spoofing
1,jamming_spoofing,low,30,UAV-027,160,179,normal
1,jamming_spoofing,low,30,UAV-027,165,184,normal
1,jamming_spoofing,low,30,UAV-027,170,189,normal
1,jamming_spoofing,low,30,UAV-027,175,194,normal
1,jamming_spoofing,low,30,UAV-027,180,199,normal
1,jamming_spoofing,low,30,UAV-027,185,204,normal
1,jamming_spoofing,low,30,UAV-027,190,209,normal
1,jamming_spoofing,low,30,UAV-027,195,214,normal
1,jamming_spoofing,low,30,UAV-027,200,219,normal
1,jamming_spoofing,low,30,UAV-027,205,224,normal
1,jamming_spoofing,low,30,UAV-027,210,229,normal
1,jamming_spoofing,low,30,UAV-027,215,234,normal
1,jamming_spoofing,low,30,UAV-027,220,239,normal
1,jamming_spoofing,medium,30,UAV-017,0,19,normal
1,jamming_spoofing,medium,30,UAV-017,5,24,normal
1,jamming_spoofing,medium,30,UAV-017,10,29,normal
1,jamming_spoofing,medium,30,UAV-017,15,34,normal
1,jamming_spoofing,medium,30,UAV-017,20,39,normal
1,jamming_spoofing,medium,30,UAV-017,25,44,normal
1,jamming_spoofing,medium,30,UAV-017,30,49,normal
1,jamming_spoofing,medium,30,UAV-017,35,54,normal
1,jamming_spoofing,medium,30,UAV-017,40,59,normal
1,jamming_spoofing,medium,30,UAV-017,45,64,normal
1,jamming_spoofing,medium,30,UAV-017,50,69,jamming_spoofing
1,jamming_spoofing,medium,30,UAV-017,55,74,jamming_spoofing
1,jamming_spoofing,medium,30,UAV-017,60,79,jamming_spoofing
1,jamming_spoofing,medium,30,UAV-017,65,84,jamming_spoofing
1,jamming_spoofing,medium,30,UAV-017,70,89,jamming_spoofing
1,jamming_spoofing,medium,30,UAV-017,75,94,jamming_spoofing
1,jamming_spoofing,medium,30,UAV-017,80,99,jamming_spoofing
1,jamming_spoofing,medium,30,UAV-017,85,104,jamming_spoofing
1,jamming_spoofing,medium,30,UAV-017,90,109,jamming_spoofing
1,jamming_spoofing,medium,30,UAV-017,95,114,jamming_spoofing
1,jamming_spoofing,medium,30,UAV-017,100,119,jamming_spoofing
1,jamming_spoofing,medium,30,UAV-017,105,124,jamming_spoofing
1,jamming_spoofing,medium,30,UAV-017,110,129,jamming_spoofing
1,jamming_spoofing,medium,30,UAV-017,115,134,jamming_spoofing
1,jamming_spoofing,medium,30,UAV-017,120,139,jamming_spoofing
1,jamming_spoofing,medium,30,UAV-017,125,144,jamming_spoofing
1,jamming_spoofing,medium,30,UAV-017,130,149,jamming_spoofing
1,jamming_spoofing,medium,30,UAV-017,135,154,jamming_spoofing
1,jamming_spoofing,medium,30,UAV-017,140,159,jamming_spoofing
1,jamming_spoofing,medium,30,UAV-017,145,164,jamming_spoofing
1,jamming_spoofing,medium,30,UAV-017,150,169,jamming_spoofing
1,jamming_spoofing,medium,30,UAV-017,155,174,jamming_spoofing
1,jamming_spoofing,medium,30,UAV-017,160,179,jamming_spoofing
1,jamming_spoofing,medium,30,UAV-017,165,184,jamming_spoofing
1,jamming_spoofing,medium,30,UAV-017,170,189,jamming_spoofing
1,jamming_spoofing,medium,30,UAV-017,175,194,normal
1,jamming_spoofing,medium,30,UAV-017,180,199,normal
1,jamming_spoofing,medium,30,UAV-017,185,204,normal
1,jamming_spoofing,medium,30,UAV-017,190,209,normal
1,jamming_spoofing,medium,30,UAV-017,195,214,normal
1,jamming_spoofing,medium,30,UAV-017,200,219,normal
1,jamming_spoofing,medium,30,UAV-017,205,224,normal
1,jamming_spoofing,medium,30,UAV-017,210,229,normal
1,jamming_spoofing,medium,30,UAV-017,215,234,normal
1,jamming_spoofing,medium,30,UAV-017,220,239,normal
1,jamming_tampering,high,20,UAV-003,0,19,normal
1,jamming_tampering,high,20,UAV-003,5,24,normal
1,jamming_tampering,high,20,UAV-003,10,29,normal
1,jamming_tampering,high,20,UAV-003,15,34,normal
1,jamming_tampering,high,20,UAV-003,20,39,normal
1,jamming_tampering,high,20,UAV-003,25,43,normal
1,jamming_tampering,high,20,UAV-003,30,47,normal
1,jamming_tampering,high,20,UAV-003,35,52,normal
1,jamming_tampering,high,20,UAV-003,40,57,normal
1,jamming_tampering,high,20,UAV-003,43,61,normal
1,jamming_tampering,high,20,UAV-003,48,69,jamming_tampering
1,jamming_tampering,high,20,UAV-003,53,77,jamming_tampering
1,jamming_tampering,high,20,UAV-003,58,79,jamming_tampering
1,jamming_tampering,high,20,UAV-003,62,84,jamming_tampering
1,jamming_tampering,high,20,UAV-003,70,88,jamming_tampering
1,jamming_tampering,high,20,UAV-003,77,93,jamming_tampering
1,jamming_tampering,high,20,UAV-003,80,98,jamming_tampering
1,jamming_tampering,high,20,UAV-003,85,103,jamming_tampering
1,jamming_tampering,high,20,UAV-003,89,108,jamming_tampering
1,jamming_tampering,high,20,UAV-003,94,114,jamming_tampering
1,jamming_tampering,high,20,UAV-003,99,119,jamming_tampering
1,jamming_tampering,high,20,UAV-003,104,124,jamming_tampering
1,jamming_tampering,high,20,UAV-003,109,130,jamming_tampering
1,jamming_tampering,high,20,UAV-003,115,134,jamming_tampering
1,jamming_tampering,high,20,UAV-003,120,139,jamming_tampering
1,jamming_tampering,high,20,UAV-003,125,143,jamming_tampering
1,jamming_tampering,high,20,UAV-003,131,151,jamming_tampering
1,jamming_tampering,high,20,UAV-003,135,156,jamming_tampering
1,jamming_tampering,high,20,UAV-003,139,161,jamming_tampering
1,jamming_tampering,high,20,UAV-003,144,166,jamming_tampering
1,jamming_tampering,high,20,UAV-003,152,170,jamming_tampering
1,jamming_tampering,high,20,UAV-003,156,175,jamming_tampering
1,jamming_tampering,high,20,UAV-003,162,180,jamming_tampering
1,jamming_tampering,high,20,UAV-003,167,184,jamming_tampering
1,jamming_tampering,high,20,UAV-003,171,189,jamming_tampering
1,jamming_tampering,high,20,UAV-003,176,194,normal
1,jamming_tampering,high,20,UAV-003,181,199,normal
1,jamming_tampering,high,20,UAV-003,185,204,normal
1,jamming_tampering,high,20,UAV-003,190,209,normal
1,jamming_tampering,high,20,UAV-003,195,214,normal
1,jamming_tampering,high,20,UAV-003,200,219,normal
1,jamming_tampering,high,20,UAV-003,205,224,normal
1,jamming_tampering,high,20,UAV-003,210,229,normal
1,jamming_tampering,high,20,UAV-003,215,234,normal
1,jamming_tampering,high,20,UAV-003,220,239,normal
1,jamming_tampering,high,20,UAV-008,0,19,normal
1,jamming_tampering,high,20,UAV-008,5,24,normal
1,jamming_tampering,high,20,UAV-008,10,29,normal
1,jamming_tampering,high,20,UAV-008,15,34,normal
1,jamming_tampering,high,20,UAV-008,20,39,normal
1,jamming_tampering,high,20,UAV-008,25,44,normal
1,jamming_tampering,high,20,UAV-008,30,49,normal
1,jamming_tampering,high,20,UAV-008,35,54,normal
1,jamming_tampering,high,20,UAV-008,40,59,normal
1,jamming_tampering,high,20,UAV-008,45,64,normal
1,jamming_tampering,high,20,UAV-008,50,68,jamming_tampering
1,jamming_tampering,high,20,UAV-008,55,75,jamming_tampering
1,jamming_tampering,high,20,UAV-008,60,79,jamming_tampering
1,jamming_tampering,high,20,UAV-008,65,83,jamming_tampering
1,jamming_tampering,high,20,UAV-008,69,90,jamming_tampering
1,jamming_tampering,high,20,UAV-008,75,97,jamming_tampering
1,jamming_tampering,high,20,UAV-008,79,102,jamming_tampering
1,jamming_tampering,high,20,UAV-008,84,107,jamming_tampering
1,jamming_tampering,high,20,UAV-008,90,111,jamming_tampering
1,jamming_tampering,high,20,UAV-008,97,116,jamming_tampering
1,jamming_tampering,high,20,UAV-008,103,121,jamming_tampering
1,jamming_tampering,high,20,UAV-008,108,124,jamming_tampering
1,jamming_tampering,high,20,UAV-008,112,128,jamming_tampering
1,jamming_tampering,high,20,UAV-008,117,133,jamming_tampering
1,jamming_tampering,high,20,UAV-008,121,141,jamming_tampering
1,jamming_tampering,high,20,UAV-008,125,148,jamming_tampering
1,jamming_tampering,high,20,UAV-008,129,152,jamming_tampering
1,jamming_tampering,high,20,UAV-008,135,155,jamming_tampering
1,jamming_tampering,high,20,UAV-008,142,159,jamming_tampering
1,jamming_tampering,high,20,UAV-008,149,163,jamming_tampering
1,jamming_tampering,high,20,UAV-008,153,169,jamming_tampering
1,jamming_tampering,high,20,UAV-008,156,176,jamming_tampering
1,jamming_tampering,high,20,UAV-008,160,181,jamming_tampering
1,jamming_tampering,high,20,UAV-008,164,185,jamming_tampering
1,jamming_tampering,high,20,UAV-008,171,190,jamming_tampering
1,jamming_tampering,high,20,UAV-008,177,194,normal
1,jamming_tampering,high,20,UAV-008,182,199,normal
1,jamming_tampering,high,20,UAV-008,186,204,normal
1,jamming_tampering,high,20,UAV-008,191,209,normal
1,jamming_tampering,high,20,UAV-008,195,214,normal
1,jamming_tampering,high,20,UAV-008,200,219,normal
1,jamming_tampering,high,20,UAV-008,205,224,normal
1,jamming_tampering,high,20,UAV-008,210,229,normal
1,jamming_tampering,high,20,UAV-008,215,234,normal
1,jamming_tampering,high,20,UAV-008,220,239,normal
1,jamming_tampering,high,30,UAV-022,0,19,normal
1,jamming_tampering,high,30,UAV-022,5,24,normal
1,jamming_tampering,high,30,UAV-022,10,29,normal
1,jamming_tampering,high,30,UAV-022,15,34,normal
1,jamming_tampering,high,30,UAV-022,20,39,normal
1,jamming_tampering,high,30,UAV-022,25,44,normal
1,jamming_tampering,high,30,UAV-022,30,49,normal
1,jamming_tampering,high,30,UAV-022,35,54,normal
1,jamming_tampering,high,30,UAV-022,40,58,normal
1,jamming_tampering,high,30,UAV-022,45,63,normal
1,jamming_tampering,high,30,UAV-022,50,67,jamming_tampering
1,jamming_tampering,high,30,UAV-022,55,71,jamming_tampering
1,jamming_tampering,high,30,UAV-022,59,76,jamming_tampering
1,jamming_tampering,high,30,UAV-022,64,82,jamming_tampering
1,jamming_tampering,high,30,UAV-022,68,88,jamming_tampering
1,jamming_tampering,high,30,UAV-022,73,94,jamming_tampering
1,jamming_tampering,high,30,UAV-022,78,97,jamming_tampering
1,jamming_tampering,high,30,UAV-022,84,103,jamming_tampering
1,jamming_tampering,high,30,UAV-022,89,108,jamming_tampering
1,jamming_tampering,high,30,UAV-022,94,117,jamming_tampering
1,jamming_tampering,high,30,UAV-022,98,122,jamming_tampering
1,jamming_tampering,high,30,UAV-022,105,127,jamming_tampering
1,jamming_tampering,high,30,UAV-022,109,130,jamming_tampering
1,jamming_tampering,high,30,UAV-022,118,135,jamming_tampering
1,jamming_tampering,high,30,UAV-022,123,137,jamming_tampering
1,jamming_tampering,high,30,UAV-022,128,142,jamming_tampering
1,jamming_tampering,high,30,UAV-022,131,145,jamming_tampering
1,jamming_tampering,high,30,UAV-022,135,150,jamming_tampering
1,jamming_tampering,high,30,UAV-022,138,156,jamming_tampering
1,jamming_tampering,high,30,UAV-022,142,162,jamming_tampering
1,jamming_tampering,high,30,UAV-022,145,168,jamming_tampering
1,jamming_tampering,high,30,UAV-022,151,173,jamming_tampering
1,jamming_tampering,high,30,UAV-022,158,179,jamming_tampering
1,jamming_tampering,high,30,UAV-022,163,184,jamming_tampering
1,jamming_tampering,high,30,UAV-022,169,189,jamming_tampering
1,jamming_tampering,high,30,UAV-022,174,194,normal
1,jamming_tampering,high,30,UAV-022,180,199,normal
1,jamming_tampering,high,30,UAV-022,185,204,normal
1,jamming_tampering,high,30,UAV-022,190,209,normal
1,jamming_tampering,high,30,UAV-022,195,214,normal
1,jamming_tampering,high,30,UAV-022,200,219,normal
1,jamming_tampering,high,30,UAV-022,205,224,normal
1,jamming_tampering,high,30,UAV-022,210,229,normal
1,jamming_tampering,high,30,UAV-022,215,234,normal
1,jamming_tampering,high,30,UAV-022,220,239,normal
1,jamming_tampering,low,10,UAV-005,0,19,normal
1,jamming_tampering,low,10,UAV-005,5,24,normal
1,jamming_tampering,low,10,UAV-005,10,29,normal
1,jamming_tampering,low,10,UAV-005,15,34,normal
1,jamming_tampering,low,10,UAV-005,20,39,normal
1,jamming_tampering,low,10,UAV-005,25,44,normal
1,jamming_tampering,low,10,UAV-005,30,49,normal
1,jamming_tampering,low,10,UAV-005,35,53,normal
1,jamming_tampering,low,10,UAV-005,40,58,normal
1,jamming_tampering,low,10,UAV-005,45,64,normal
1,jamming_tampering,low,10,UAV-005,50,70,normal
1,jamming_tampering,low,10,UAV-005,54,74,jamming_tampering
1,jamming_tampering,low,10,UAV-005,59,78,jamming_tampering
1,jamming_tampering,low,10,UAV-005,65,84,jamming_tampering
1,jamming_tampering,low,10,UAV-005,71,89,jamming_tampering
1,jamming_tampering,low,10,UAV-005,75,93,jamming_tampering
1,jamming_tampering,low,10,UAV-005,78,99,jamming_tampering
1,jamming_tampering,low,10,UAV-005,85,105,jamming_tampering
1,jamming_tampering,low,10,UAV-005,90,109,jamming_tampering
1,jamming_tampering,low,10,UAV-005,94,113,jamming_tampering
1,jamming_tampering,low,10,UAV-005,101,118,jamming_tampering
1,jamming_tampering,low,10,UAV-005,106,124,jamming_tampering
1,jamming_tampering,low,10,UAV-005,110,129,jamming_tampering
1,jamming_tampering,low,10,UAV-005,114,134,jamming_tampering
1,jamming_tampering,low,10,UAV-005,119,139,jamming_tampering
1,jamming_tampering,low,10,UAV-005,125,144,jamming_tampering
1,jamming_tampering,low,10,UAV-005,130,149,normal
1,jamming_tampering,low,10,UAV-005,135,154,normal
1,jamming_tampering,low,10,UAV-005,140,158,jamming_tampering
1,jamming_tampering,low,10,UAV-005,145,163,jamming_tampering
1,jamming_tampering,low,10,UAV-005,150,168,jamming_tampering
1,jamming_tampering,low,10,UAV-005,155,175,jamming_tampering
1,jamming_tampering,low,10,UAV-005,159,179,jamming_tampering
1,jamming_tampering,low,10,UAV-005,164,184,normal
1,jamming_tampering,low,10,UAV-005,169,189,normal
1,jamming_tampering,low,10,UAV-005,176,194,normal
1,jamming_tampering,low,10,UAV-005,180,199,normal
1,jamming_tampering,low,10,UAV-005,185,204,normal
1,jamming_tampering,low,10,UAV-005,190,209,normal
1,jamming_tampering,low,10,UAV-005,195,214,normal
1,jamming_tampering,low,10,UAV-005,200,219,normal
1,jamming_tampering,low,10,UAV-005,205,224,normal
1,jamming_tampering,low,10,UAV-005,210,229,normal
1,jamming_tampering,low,10,UAV-005,215,234,normal
1,jamming_tampering,low,10,UAV-005,220,239,normal
1,jamming_tampering,low,30,UAV-014,0,19,normal
1,jamming_tampering,low,30,UAV-014,5,24,normal
1,jamming_tampering,low,30,UAV-014,10,29,normal
1,jamming_tampering,low,30,UAV-014,15,34,normal
1,jamming_tampering,low,30,UAV-014,20,39,normal
1,jamming_tampering,low,30,UAV-014,25,44,normal
1,jamming_tampering,low,30,UAV-014,30,49,normal
1,jamming_tampering,low,30,UAV-014,35,54,normal
1,jamming_tampering,low,30,UAV-014,40,59,normal
1,jamming_tampering,low,30,UAV-014,45,63,normal
1,jamming_tampering,low,30,UAV-014,50,68,normal
1,jamming_tampering,low,30,UAV-014,55,74,normal
1,jamming_tampering,low,30,UAV-014,60,79,jamming_tampering
1,jamming_tampering,low,30,UAV-014,64,84,jamming_tampering
1,jamming_tampering,low,30,UAV-014,69,88,jamming_tampering
1,jamming_tampering,low,30,UAV-014,75,93,jamming_tampering
1,jamming_tampering,low,30,UAV-014,80,98,jamming_tampering
1,jamming_tampering,low,30,UAV-014,85,104,jamming_tampering
1,jamming_tampering,low,30,UAV-014,89,109,jamming_tampering
1,jamming_tampering,low,30,UAV-014,94,113,jamming_tampering
1,jamming_tampering,low,30,UAV-014,100,119,jamming_tampering
1,jamming_tampering,low,30,UAV-014,105,125,jamming_tampering
1,jamming_tampering,low,30,UAV-014,110,128,normal
1,jamming_tampering,low,30,UAV-014,114,133,normal
1,jamming_tampering,low,30,UAV-014,121,138,normal
1,jamming_tampering,low,30,UAV-014,125,144,normal
1,jamming_tampering,low,30,UAV-014,129,149,normal
1,jamming_tampering,low,30,UAV-014,134,154,normal
1,jamming_tampering,low,30,UAV-014,139,159,normal
1,jamming_tampering,low,30,UAV-014,145,164,normal
1,jamming_tampering,low,30,UAV-014,150,169,normal
1,jamming_tampering,low,30,UAV-014,155,174,normal
1,jamming_tampering,low,30,UAV-014,160,180,normal
1,jamming_tampering,low,30,UAV-014,165,185,normal
1,jamming_tampering,low,30,UAV-014,170,189,normal
1,jamming_tampering,low,30,UAV-014,175,194,normal
1,jamming_tampering,low,30,UAV-014,181,199,normal
1,jamming_tampering,low,30,UAV-014,186,204,normal
1,jamming_tampering,low,30,UAV-014,190,209,normal
1,jamming_tampering,low,30,UAV-014,195,214,normal
1,jamming_tampering,low,30,UAV-014,200,219,normal
1,jamming_tampering,low,30,UAV-014,205,224,normal
1,jamming_tampering,low,30,UAV-014,210,229,normal
1,jamming_tampering,low,30,UAV-014,215,234,normal
1,jamming_tampering,low,30,UAV-014,220,239,normal
1,jamming_tampering,medium,30,UAV-020,0,19,normal
1,jamming_tampering,medium,30,UAV-020,5,24,normal
1,jamming_tampering,medium,30,UAV-020,10,29,normal
1,jamming_tampering,medium,30,UAV-020,15,34,normal
1,jamming_tampering,medium,30,UAV-020,20,39,normal
1,jamming_tampering,medium,30,UAV-020,25,44,normal
1,jamming_tampering,medium,30,UAV-020,30,49,normal
1,jamming_tampering,medium,30,UAV-020,35,54,normal
1,jamming_tampering,medium,30,UAV-020,40,59,normal
1,jamming_tampering,medium,30,UAV-020,45,64,normal
1,jamming_tampering,medium,30,UAV-020,50,69,jamming_tampering
1,jamming_tampering,medium,30,UAV-020,55,75,jamming_tampering
1,jamming_tampering,medium,30,UAV-020,60,82,jamming_tampering
1,jamming_tampering,medium,30,UAV-020,65,86,jamming_tampering
1,jamming_tampering,medium,30,UAV-020,70,89,jamming_tampering
1,jamming_tampering,medium,30,UAV-020,76,92,jamming_tampering
1,jamming_tampering,medium,30,UAV-020,83,96,jamming_tampering
1,jamming_tampering,medium,30,UAV-020,86,101,jamming_tampering
1,jamming_tampering,medium,30,UAV-020,90,107,jamming_tampering
1,jamming_tampering,medium,30,UAV-020,93,112,jamming_tampering
1,jamming_tampering,medium,30,UAV-020,97,119,jamming_tampering
1,jamming_tampering,medium,30,UAV-020,102,124,jamming_tampering
1,jamming_tampering,medium,30,UAV-020,108,129,jamming_tampering
1,jamming_tampering,medium,30,UAV-020,113,134,jamming_tampering
1,jamming_tampering,medium,30,UAV-020,120,139,jamming_tampering
1,jamming_tampering,medium,30,UAV-020,125,144,jamming_tampering
1,jamming_tampering,medium,30,UAV-020,130,149,jamming_tampering
1,jamming_tampering,medium,30,UAV-020,135,153,jamming_tampering
1,jamming_tampering,medium,30,UAV-020,140,159,jamming_tampering
1,jamming_tampering,medium,30,UAV-020,145,164,jamming_tampering
1,jamming_tampering,medium,30,UAV-020,150,170,jamming_tampering
1,jamming_tampering,medium,30,UAV-020,153,174,jamming_tampering
1,jamming_tampering,medium,30,UAV-020,160,180,jamming_tampering
1,jamming_tampering,medium,30,UAV-020,165,185,jamming_tampering
1,jamming_tampering,medium,30,UAV-020,170,190,jamming_tampering
1,jamming_tampering,medium,30,UAV-020,176,194,normal
1,jamming_tampering,medium,30,UAV-020,181,199,normal
1,jamming_tampering,medium,30,UAV-020,186,204,normal
1,jamming_tampering,medium,30,UAV-020,191,209,normal
1,jamming_tampering,medium,30,UAV-020,195,214,normal
1,jamming_tampering,medium,30,UAV-020,200,219,normal
1,jamming_tampering,medium,30,UAV-020,205,224,normal
1,jamming_tampering,medium,30,UAV-020,210,229,normal
1,jamming_tampering,medium,30,UAV-020,215,234,normal
1,jamming_tampering,medium,30,UAV-020,220,239,normal
1,normal,none,30,UAV-028,0,19,normal
1,normal,none,30,UAV-028,5,24,normal
1,normal,none,30,UAV-028,10,29,normal
1,normal,none,30,UAV-028,15,34,normal
1,normal,none,30,UAV-028,20,39,normal
1,normal,none,30,UAV-028,25,44,normal
1,normal,none,30,UAV-028,30,49,normal
1,normal,none,30,UAV-028,35,54,normal
1,normal,none,30,UAV-028,40,59,normal
1,normal,none,30,UAV-028,45,64,normal
1,normal,none,30,UAV-028,50,69,normal
1,normal,none,30,UAV-028,55,74,normal
1,normal,none,30,UAV-028,60,79,normal
1,normal,none,30,UAV-028,65,84,normal
1,normal,none,30,UAV-028,70,89,normal
1,normal,none,30,UAV-028,75,94,normal
1,normal,none,30,UAV-028,80,99,normal
1,normal,none,30,UAV-028,85,104,normal
1,normal,none,30,UAV-028,90,109,normal
1,normal,none,30,UAV-028,95,114,normal
1,normal,none,30,UAV-028,100,119,normal
1,normal,none,30,UAV-028,105,124,normal
1,normal,none,30,UAV-028,110,129,normal
1,normal,none,30,UAV-028,115,134,normal
1,normal,none,30,UAV-028,120,139,normal
1,normal,none,30,UAV-028,125,144,normal
1,normal,none,30,UAV-028,130,149,normal
1,normal,none,30,UAV-028,135,154,normal
1,normal,none,30,UAV-028,140,159,normal
1,normal,none,30,UAV-028,145,164,normal
1,normal,none,30,UAV-028,150,169,normal
1,normal,none,30,UAV-028,155,174,normal
1,normal,none,30,UAV-028,160,179,normal
1,normal,none,30,UAV-028,165,184,normal
1,normal,none,30,UAV-028,170,189,normal
1,normal,none,30,UAV-028,175,194,normal
1,normal,none,30,UAV-028,180,199,normal
1,normal,none,30,UAV-028,185,204,normal
1,normal,none,30,UAV-028,190,209,normal
1,normal,none,30,UAV-028,195,214,normal
1,normal,none,30,UAV-028,200,219,normal
1,normal,none,30,UAV-028,205,224,normal
1,normal,none,30,UAV-028,210,229,normal
1,normal,none,30,UAV-028,215,234,normal
1,normal,none,30,UAV-028,220,239,normal
1,spoofing,high,20,UAV-002,0,19,normal
1,spoofing,high,20,UAV-002,5,24,normal
1,spoofing,high,20,UAV-002,10,29,normal
1,spoofing,high,20,UAV-002,15,34,normal
1,spoofing,high,20,UAV-002,20,39,normal
1,spoofing,high,20,UAV-002,25,44,normal
1,spoofing,high,20,UAV-002,30,49,normal
1,spoofing,high,20,UAV-002,35,54,normal
1,spoofing,high,20,UAV-002,40,59,normal
1,spoofing,high,20,UAV-002,45,64,normal
1,spoofing,high,20,UAV-002,50,69,spoofing
1,spoofing,high,20,UAV-002,55,74,spoofing
1,spoofing,high,20,UAV-002,60,79,spoofing
1,spoofing,high,20,UAV-002,65,84,spoofing
1,spoofing,high,20,UAV-002,70,89,spoofing
1,spoofing,high,20,UAV-002,75,94,spoofing
1,spoofing,high,20,UAV-002,80,99,spoofing
1,spoofing,high,20,UAV-002,85,104,spoofing
1,spoofing,high,20,UAV-002,90,109,spoofing
1,spoofing,high,20,UAV-002,95,114,spoofing
1,spoofing,high,20,UAV-002,100,119,spoofing
1,spoofing,high,20,UAV-002,105,124,spoofing
1,spoofing,high,20,UAV-002,110,129,spoofing
1,spoofing,high,20,UAV-002,115,134,spoofing
1,spoofing,high,20,UAV-002,120,139,spoofing
1,spoofing,high,20,UAV-002,125,144,spoofing
1,spoofing,high,20,UAV-002,130,149,spoofing
1,spoofing,high,20,UAV-002,135,154,spoofing
1,spoofing,high,20,UAV-002,140,159,spoofing
1,spoofing,high,20,UAV-002,145,164,spoofing
1,spoofing,high,20,UAV-002,150,169,spoofing
1,spoofing,high,20,UAV-002,155,174,spoofing
1,spoofing,high,20,UAV-002,160,179,spoofing
1,spoofing,high,20,UAV-002,165,184,spoofing
1,spoofing,high,20,UAV-002,170,189,spoofing
1,spoofing,high,20,UAV-002,175,194,normal
1,spoofing,high,20,UAV-002,180,199,normal
1,spoofing,high,20,UAV-002,185,204,normal
1,spoofing,high,20,UAV-002,190,209,normal
1,spoofing,high,20,UAV-002,195,214,normal
1,spoofing,high,20,UAV-002,200,219,normal
1,spoofing,high,20,UAV-002,205,224,normal
1,spoofing,high,20,UAV-002,210,229,normal
1,spoofing,high,20,UAV-002,215,234,normal
1,spoofing,high,20,UAV-002,220,239,normal
1,spoofing,high,20,UAV-020,0,19,normal
1,spoofing,high,20,UAV-020,5,24,normal
1,spoofing,high,20,UAV-020,10,29,normal
1,spoofing,high,20,UAV-020,15,34,normal
1,spoofing,high,20,UAV-020,20,39,normal
1,spoofing,high,20,UAV-020,25,44,normal
1,spoofing,high,20,UAV-020,30,49,normal
1,spoofing,high,20,UAV-020,35,54,normal
1,spoofing,high,20,UAV-020,40,59,normal
1,spoofing,high,20,UAV-020,45,64,normal
1,spoofing,high,20,UAV-020,50,69,spoofing
1,spoofing,high,20,UAV-020,55,74,spoofing
1,spoofing,high,20,UAV-020,60,79,spoofing
1,spoofing,high,20,UAV-020,65,84,spoofing
1,spoofing,high,20,UAV-020,70,89,spoofing
1,spoofing,high,20,UAV-020,75,94,spoofing
1,spoofing,high,20,UAV-020,80,99,spoofing
1,spoofing,high,20,UAV-020,85,104,spoofing
1,spoofing,high,20,UAV-020,90,109,spoofing
1,spoofing,high,20,UAV-020,95,114,spoofing
1,spoofing,high,20,UAV-020,100,119,spoofing
1,spoofing,high,20,UAV-020,105,124,spoofing
1,spoofing,high,20,UAV-020,110,129,spoofing
1,spoofing,high,20,UAV-020,115,134,spoofing
1,spoofing,high,20,UAV-020,120,139,spoofing
1,spoofing,high,20,UAV-020,125,144,spoofing
1,spoofing,high,20,UAV-020,130,149,spoofing
1,spoofing,high,20,UAV-020,135,154,spoofing
1,spoofing,high,20,UAV-020,140,159,spoofing
1,spoofing,high,20,UAV-020,145,164,spoofing
1,spoofing,high,20,UAV-020,150,169,spoofing
1,spoofing,high,20,UAV-020,155,174,spoofing
1,spoofing,high,20,UAV-020,160,179,spoofing
1,spoofing,high,20,UAV-020,165,184,spoofing
1,spoofing,high,20,UAV-020,170,189,spoofing
1,spoofing,high,20,UAV-020,175,194,normal
1,spoofing,high,20,UAV-020,180,199,normal
1,spoofing,high,20,UAV-020,185,204,normal
1,spoofing,high,20,UAV-020,190,209,normal
1,spoofing,high,20,UAV-020,195,214,normal
1,spoofing,high,20,UAV-020,200,219,normal
1,spoofing,high,20,UAV-020,205,224,normal
1,spoofing,high,20,UAV-020,210,229,normal
1,spoofing,high,20,UAV-020,215,234,normal
1,spoofing,high,20,UAV-020,220,239,normal
1,spoofing,low,20,UAV-006,0,19,normal
1,spoofing,low,20,UAV-006,5,24,normal
1,spoofing,low,20,UAV-006,10,29,normal
1,spoofing,low,20,UAV-006,15,34,normal
1,spoofing,low,20,UAV-006,20,39,normal
1,spoofing,low,20,UAV-006,25,44,normal
1,spoofing,low,20,UAV-006,30,49,normal
1,spoofing,low,20,UAV-006,35,54,normal
1,spoofing,low,20,UAV-006,40,59,normal
1,spoofing,low,20,UAV-006,45,64,normal
1,spoofing,low,20,UAV-006,50,69,normal
1,spoofing,low,20,UAV-006,55,74,spoofing
1,spoofing,low,20,UAV-006,60,79,spoofing
1,spoofing,low,20,UAV-006,65,84,spoofing
1,spoofing,low,20,UAV-006,70,89,spoofing
1,spoofing,low,20,UAV-006,75,94,normal
1,spoofing,low,20,UAV-006,80,99,normal
1,spoofing,low,20,UAV-006,85,104,normal
1,spoofing,low,20,UAV-006,90,109,normal
1,spoofing,low,20,UAV-006,95,114,normal
1,spoofing,low,20,UAV-006,100,119,spoofing
1,spoofing,low,20,UAV-006,105,124,spoofing
1,spoofing,low,20,UAV-006,110,129,spoofing
1,spoofing,low,20,UAV-006,115,134,spoofing
1,spoofing,low,20,UAV-006,120,139,spoofing
1,spoofing,low,20,UAV-006,125,144,normal
1,spoofing,low,20,UAV-006,130,149,normal
1,spoofing,low,20,UAV-006,135,154,normal
1,spoofing,low,20,UAV-006,140,159,normal
1,spoofing,low,20,UAV-006,145,164,normal
1,spoofing,low,20,UAV-006,150,169,normal
1,spoofing,low,20,UAV-006,155,174,normal
1,spoofing,low,20,UAV-006,160,179,normal
1,spoofing,low,20,UAV-006,165,184,normal
1,spoofing,low,20,UAV-006,170,189,normal
1,spoofing,low,20,UAV-006,175,194,normal
1,spoofing,low,20,UAV-006,180,199,normal
1,spoofing,low,20,UAV-006,185,204,normal
1,spoofing,low,20,UAV-006,190,209,normal
1,spoofing,low,20,UAV-006,195,214,normal
1,spoofing,low,20,UAV-006,200,219,normal
1,spoofing,low,20,UAV-006,205,224,normal
1,spoofing,low,20,UAV-006,210,229,normal
1,spoofing,low,20,UAV-006,215,234,normal
1,spoofing,low,20,UAV-006,220,239,normal
1,spoofing,low,20,UAV-019,0,19,normal
1,spoofing,low,20,UAV-019,5,24,normal
1,spoofing,low,20,UAV-019,10,29,normal
1,spoofing,low,20,UAV-019,15,34,normal
1,spoofing,low,20,UAV-019,20,39,normal
1,spoofing,low,20,UAV-019,25,44,normal
1,spoofing,low,20,UAV-019,30,49,normal
1,spoofing,low,20,UAV-019,35,54,normal
1,spoofing,low,20,UAV-019,40,59,normal
1,spoofing,low,20,UAV-019,45,64,normal
1,spoofing,low,20,UAV-019,50,69,normal
1,spoofing,low,20,UAV-019,55,74,spoofing
1,spoofing,low,20,UAV-019,60,79,spoofing
1,spoofing,low,20,UAV-019,65,84,normal
1,spoofing,low,20,UAV-019,70,89,spoofing
1,spoofing,low,20,UAV-019,75,94,normal
1,spoofing,low,20,UAV-019,80,99,normal
1,spoofing,low,20,UAV-019,85,104,normal
1,spoofing,low,20,UAV-019,90,109,normal
1,spoofing,low,20,UAV-019,95,114,normal
1,spoofing,low,20,UAV-019,100,119,normal
1,spoofing,low,20,UAV-019,105,124,normal
1,spoofing,low,20,UAV-019,110,129,spoofing
1,spoofing,low,20,UAV-019,115,134,spoofing
1,spoofing,low,20,UAV-019,120,139,spoofing
1,spoofing,low,20,UAV-019,125,144,spoofing
1,spoofing,low,20,UAV-019,130,149,spoofing
1,spoofing,low,20,UAV-019,135,154,spoofing
1,spoofing,low,20,UAV-019,140,159,spoofing
1,spoofing,low,20,UAV-019,145,164,spoofing
1,spoofing,low,20,UAV-019,150,169,spoofing
1,spoofing,low,20,UAV-019,155,174,spoofing
1,spoofing,low,20,UAV-019,160,179,spoofing
1,spoofing,low,20,UAV-019,165,184,spoofing
1,spoofing,low,20,UAV-019,170,189,spoofing
1,spoofing,low,20,UAV-019,175,194,normal
1,spoofing,low,20,UAV-019,180,199,normal
1,spoofing,low,20,UAV-019,185,204,normal
1,spoofing,low,20,UAV-019,190,209,normal
1,spoofing,low,20,UAV-019,195,214,normal
1,spoofing,low,20,UAV-019,200,219,normal
1,spoofing,low,20,UAV-019,205,224,normal
1,spoofing,low,20,UAV-019,210,229,normal
1,spoofing,low,20,UAV-019,215,234,normal
1,spoofing,low,20,UAV-019,220,239,normal
1,spoofing,medium,20,UAV-013,0,19,normal
1,spoofing,medium,20,UAV-013,5,24,normal
1,spoofing,medium,20,UAV-013,10,29,normal
1,spoofing,medium,20,UAV-013,15,34,normal
1,spoofing,medium,20,UAV-013,20,39,normal
1,spoofing,medium,20,UAV-013,25,44,normal
1,spoofing,medium,20,UAV-013,30,49,normal
1,spoofing,medium,20,UAV-013,35,54,normal
1,spoofing,medium,20,UAV-013,40,59,normal
1,spoofing,medium,20,UAV-013,45,64,normal
1,spoofing,medium,20,UAV-013,50,69,spoofing
1,spoofing,medium,20,UAV-013,55,74,spoofing
1,spoofing,medium,20,UAV-013,60,79,spoofing
1,spoofing,medium,20,UAV-013,65,84,spoofing
1,spoofing,medium,20,UAV-013,70,89,spoofing
1,spoofing,medium,20,UAV-013,75,94,spoofing
1,spoofing,medium,20,UAV-013,80,99,spoofing
1,spoofing,medium,20,UAV-013,85,104,spoofing
1,spoofing,medium,20,UAV-013,90,109,spoofing
1,spoofing,medium,20,UAV-013,95,114,spoofing
1,spoofing,medium,20,UAV-013,100,119,spoofing
1,spoofing,medium,20,UAV-013,105,124,spoofing
1,spoofing,medium,20,UAV-013,110,129,spoofing
1,spoofing,medium,20,UAV-013,115,134,spoofing
1,spoofing,medium,20,UAV-013,120,139,spoofing
1,spoofing,medium,20,UAV-013,125,144,spoofing
1,spoofing,medium,20,UAV-013,130,149,spoofing
1,spoofing,medium,20,UAV-013,135,154,spoofing
1,spoofing,medium,20,UAV-013,140,159,spoofing
1,spoofing,medium,20,UAV-013,145,164,spoofing
1,spoofing,medium,20,UAV-013,150,169,spoofing
1,spoofing,medium,20,UAV-013,155,174,spoofing
1,spoofing,medium,20,UAV-013,160,179,spoofing
1,spoofing,medium,20,UAV-013,165,184,spoofing
1,spoofing,medium,20,UAV-013,170,189,normal
1,spoofing,medium,20,UAV-013,175,194,normal
1,spoofing,medium,20,UAV-013,180,199,normal
1,spoofing,medium,20,UAV-013,185,204,normal
1,spoofing,medium,20,UAV-013,190,209,normal
1,spoofing,medium,20,UAV-013,195,214,normal
1,spoofing,medium,20,UAV-013,200,219,normal
1,spoofing,medium,20,UAV-013,205,224,normal
1,spoofing,medium,20,UAV-013,210,229,normal
1,spoofing,medium,20,UAV-013,215,234,normal
1,spoofing,medium,20,UAV-013,220,239,normal
1,spoofing,medium,30,UAV-014,0,19,normal
1,spoofing,medium,30,UAV-014,5,24,normal
1,spoofing,medium,30,UAV-014,10,29,normal
1,spoofing,medium,30,UAV-014,15,34,normal
1,spoofing,medium,30,UAV-014,20,39,normal
1,spoofing,medium,30,UAV-014,25,44,normal
1,spoofing,medium,30,UAV-014,30,49,normal
1,spoofing,medium,30,UAV-014,35,54,normal
1,spoofing,medium,30,UAV-014,40,59,normal
1,spoofing,medium,30,UAV-014,45,64,normal
1,spoofing,medium,30,UAV-014,50,69,spoofing
1,spoofing,medium,30,UAV-014,55,74,spoofing
1,spoofing,medium,30,UAV-014,60,79,spoofing
1,spoofing,medium,30,UAV-014,65,84,spoofing
1,spoofing,medium,30,UAV-014,70,89,spoofing
1,spoofing,medium,30,UAV-014,75,94,spoofing
1,spoofing,medium,30,UAV-014,80,99,spoofing
1,spoofing,medium,30,UAV-014,85,104,spoofing
1,spoofing,medium,30,UAV-014,90,109,spoofing
1,spoofing,medium,30,UAV-014,95,114,spoofing
1,spoofing,medium,30,UAV-014,100,119,spoofing
1,spoofing,medium,30,UAV-014,105,124,spoofing
1,spoofing,medium,30,UAV-014,110,129,spoofing
1,spoofing,medium,30,UAV-014,115,134,spoofing
1,spoofing,medium,30,UAV-014,120,139,spoofing
1,spoofing,medium,30,UAV-014,125,144,spoofing
1,spoofing,medium,30,UAV-014,130,149,spoofing
1,spoofing,medium,30,UAV-014,135,154,spoofing
1,spoofing,medium,30,UAV-014,140,159,spoofing
1,spoofing,medium,30,UAV-014,145,164,spoofing
1,spoofing,medium,30,UAV-014,150,169,spoofing
1,spoofing,medium,30,UAV-014,155,174,spoofing
1,spoofing,medium,30,UAV-014,160,179,spoofing
1,spoofing,medium,30,UAV-014,165,184,spoofing
1,spoofing,medium,30,UAV-014,170,189,normal
1,spoofing,medium,30,UAV-014,175,194,normal
1,spoofing,medium,30,UAV-014,180,199,normal
1,spoofing,medium,30,UAV-014,185,204,normal
1,spoofing,medium,30,UAV-014,190,209,normal
1,spoofing,medium,30,UAV-014,195,214,normal
1,spoofing,medium,30,UAV-014,200,219,normal
1,spoofing,medium,30,UAV-014,205,224,normal
1,spoofing,medium,30,UAV-014,210,229,normal
1,spoofing,medium,30,UAV-014,215,234,normal
1,spoofing,medium,30,UAV-014,220,239,normal
1,spoofing_tampering,high,30,UAV-029,0,19,normal
1,spoofing_tampering,high,30,UAV-029,5,24,normal
1,spoofing_tampering,high,30,UAV-029,10,29,normal
1,spoofing_tampering,high,30,UAV-029,15,34,normal
1,spoofing_tampering,high,30,UAV-029,20,39,normal
1,spoofing_tampering,high,30,UAV-029,25,44,normal
1,spoofing_tampering,high,30,UAV-029,30,49,normal
1,spoofing_tampering,high,30,UAV-029,35,54,normal
1,spoofing_tampering,high,30,UAV-029,40,58,normal
1,spoofing_tampering,high,30,UAV-029,45,63,normal
1,spoofing_tampering,high,30,UAV-029,50,68,spoofing_tampering
1,spoofing_tampering,high,30,UAV-029,55,72,spoofing_tampering
1,spoofing_tampering,high,30,UAV-029,59,76,spoofing_tampering
1,spoofing_tampering,high,30,UAV-029,64,83,spoofing_tampering
1,spoofing_tampering,high,30,UAV-029,68,87,spoofing_tampering
1,spoofing_tampering,high,30,UAV-029,72,92,spoofing_tampering
1,spoofing_tampering,high,30,UAV-029,77,99,spoofing_tampering
1,spoofing_tampering,high,30,UAV-029,84,104,spoofing_tampering
1,spoofing_tampering,high,30,UAV-029,88,110,spoofing_tampering
1,spoofing_tampering,high,30,UAV-029,93,115,spoofing_tampering
1,spoofing_tampering,high,30,UAV-029,100,119,spoofing_tampering
1,spoofing_tampering,high,30,UAV-029,106,124,spoofing_tampering
1,spoofing_tampering,high,30,UAV-029,111,130,spoofing_tampering
1,spoofing_tampering,high,30,UAV-029,116,135,spoofing_tampering
1,spoofing_tampering,high,30,UAV-029,120,141,spoofing_tampering
1,spoofing_tampering,high,30,UAV-029,125,145,spoofing_tampering
1,spoofing_tampering,high,30,UAV-029,131,150,spoofing_tampering
1,spoofing_tampering,high,30,UAV-029,136,157,spoofing_tampering
1,spoofing_tampering,high,30,UAV-029,142,160,spoofing_tampering
1,spoofing_tampering,high,30,UAV-029,146,165,spoofing_tampering
1,spoofing_tampering,high,30,UAV-029,151,170,spoofing_tampering
1,spoofing_tampering,high,30,UAV-029,157,177,spoofing_tampering
1,spoofing_tampering,high,30,UAV-029,161,181,spoofing_tampering
1,spoofing_tampering,high,30,UAV-029,166,186,spoofing_tampering
1,spoofing_tampering,high,30,UAV-029,172,190,spoofing_tampering
1,spoofing_tampering,high,30,UAV-029,178,195,normal
1,spoofing_tampering,high,30,UAV-029,182,199,normal
1,spoofing_tampering,high,30,UAV-029,186,204,normal
1,spoofing_tampering,high,30,UAV-029,191,209,normal
1,spoofing_tampering,high,30,UAV-029,195,214,normal
1,spoofing_tampering,high,30,UAV-029,200,219,normal
1,spoofing_tampering,high,30,UAV-029,205,224,normal
1,spoofing_tampering,high,30,UAV-029,210,229,normal
1,spoofing_tampering,high,30,UAV-029,215,234,normal
1,spoofing_tampering,high,30,UAV-029,220,239,normal
1,spoofing_tampering,low,10,UAV-004,0,19,normal
1,spoofing_tampering,low,10,UAV-004,5,24,normal
1,spoofing_tampering,low,10,UAV-004,10,29,normal
1,spoofing_tampering,low,10,UAV-004,15,34,normal
1,spoofing_tampering,low,10,UAV-004,20,39,normal
1,spoofing_tampering,low,10,UAV-004,25,44,normal
1,spoofing_tampering,low,10,UAV-004,30,49,normal
1,spoofing_tampering,low,10,UAV-004,35,54,normal
1,spoofing_tampering,low,10,UAV-004,40,59,normal
1,spoofing_tampering,low,10,UAV-004,45,64,normal
1,spoofing_tampering,low,10,UAV-004,50,69,normal
1,spoofing_tampering,low,10,UAV-004,55,74,spoofing_tampering
1,spoofing_tampering,low,10,UAV-004,61,80,spoofing_tampering
1,spoofing_tampering,low,10,UAV-004,65,85,spoofing_tampering
1,spoofing_tampering,low,10,UAV-004,70,89,spoofing_tampering
1,spoofing_tampering,low,10,UAV-004,75,94,spoofing_tampering
1,spoofing_tampering,low,10,UAV-004,81,99,spoofing_tampering
1,spoofing_tampering,low,10,UAV-004,86,104,spoofing_tampering
1,spoofing_tampering,low,10,UAV-004,90,109,normal
1,spoofing_tampering,low,10,UAV-004,95,113,normal
1,spoofing_tampering,low,10,UAV-004,100,119,normal
1,spoofing_tampering,low,10,UAV-004,105,123,normal
1,spoofing_tampering,low,10,UAV-004,110,129,spoofing_tampering
1,spoofing_tampering,low,10,UAV-004,114,134,normal
1,spoofing_tampering,low,10,UAV-004,120,139,normal
1,spoofing_tampering,low,10,UAV-004,125,144,spoofing_tampering
1,spoofing_tampering,low,10,UAV-004,130,149,spoofing_tampering
1,spoofing_tampering,low,10,UAV-004,135,155,spoofing_tampering
1,spoofing_tampering,low,10,UAV-004,140,160,spoofing_tampering
1,spoofing_tampering,low,10,UAV-004,145,164,spoofing_tampering
1,spoofing_tampering,low,10,UAV-004,151,168,spoofing_tampering
1,spoofing_tampering,low,10,UAV-004,156,174,spoofing_tampering
1,spoofing_tampering,low,10,UAV-004,161,179,spoofing_tampering
1,spoofing_tampering,low,10,UAV-004,165,184,normal
1,spoofing_tampering,low,10,UAV-004,169,189,normal
1,spoofing_tampering,low,10,UAV-004,175,194,normal
1,spoofing_tampering,low,10,UAV-004,180,199,normal
1,spoofing_tampering,low,10,UAV-004,185,204,normal
1,spoofing_tampering,low,10,UAV-004,190,209,normal
1,spoofing_tampering,low,10,UAV-004,195,214,normal
1,spoofing_tampering,low,10,UAV-004,200,219,normal
1,spoofing_tampering,low,10,UAV-004,205,224,normal
1,spoofing_tampering,low,10,UAV-004,210,229,normal
1,spoofing_tampering,low,10,UAV-004,215,234,normal
1,spoofing_tampering,low,10,UAV-004,220,239,normal
1,spoofing_tampering,low,10,UAV-006,0,19,normal
1,spoofing_tampering,low,10,UAV-006,5,24,normal
1,spoofing_tampering,low,10,UAV-006,10,29,normal
1,spoofing_tampering,low,10,UAV-006,15,34,normal
1,spoofing_tampering,low,10,UAV-006,20,39,normal
1,spoofing_tampering,low,10,UAV-006,25,44,normal
1,spoofing_tampering,low,10,UAV-006,30,49,normal
1,spoofing_tampering,low,10,UAV-006,35,53,normal
1,spoofing_tampering,low,10,UAV-006,40,58,normal
1,spoofing_tampering,low,10,UAV-006,45,64,normal
1,spoofing_tampering,low,10,UAV-006,50,69,normal
1,spoofing_tampering,low,10,UAV-006,54,74,spoofing_tampering
1,spoofing_tampering,low,10,UAV-006,59,77,spoofing_tampering
1,spoofing_tampering,low,10,UAV-006,65,85,spoofing_tampering
1,spoofing_tampering,low,10,UAV-006,70,89,spoofing_tampering
1,spoofing_tampering,low,10,UAV-006,75,94,spoofing_tampering
1,spoofing_tampering,low,10,UAV-006,78,99,normal
1,spoofing_tampering,low,10,UAV-006,86,104,spoofing_tampering
1,spoofing_tampering,low,10,UAV-006,90,109,spoofing_tampering
1,spoofing_tampering,low,10,UAV-006,95,115,spoofing_tampering
1,spoofing_tampering,low,10,UAV-006,100,119,spoofing_tampering
1,spoofing_tampering,low,10,UAV-006,105,124,spoofing_tampering
1,spoofing_tampering,low,10,UAV-006,110,129,spoofing_tampering
1,spoofing_tampering,low,10,UAV-006,115,134,spoofing_tampering
1,spoofing_tampering,low,10,UAV-006,120,139,normal
1,spoofing_tampering,low,10,UAV-006,126,144,normal
1,spoofing_tampering,low,10,UAV-006,130,149,normal
1,spoofing_tampering,low,10,UAV-006,135,155,spoofing_tampering
1,spoofing_tampering,low,10,UAV-006,140,160,spoofing_tampering
1,spoofing_tampering,low,10,UAV-006,145,165,spoofing_tampering
1,spoofing_tampering,low,10,UAV-006,150,170,spoofing_tampering
1,spoofing_tampering,low,10,UAV-006,156,174,spoofing_tampering
1,spoofing_tampering,low,10,UAV-006,161,179,spoofing_tampering
1,spoofing_tampering,low,10,UAV-006,166,184,spoofing_tampering
1,spoofing_tampering,low,10,UAV-006,171,189,spoofing_tampering
1,spoofing_tampering,low,10,UAV-006,175,194,normal
1,spoofing_tampering,low,10,UAV-006,180,199,normal
1,spoofing_tampering,low,10,UAV-006,185,204,normal
1,spoofing_tampering,low,10,UAV-006,190,209,normal
1,spoofing_tampering,low,10,UAV-006,195,214,normal
1,spoofing_tampering,low,10,UAV-006,200,219,normal
1,spoofing_tampering,low,10,UAV-006,205,224,normal
1,spoofing_tampering,low,10,UAV-006,210,229,normal
1,spoofing_tampering,low,10,UAV-006,215,234,normal
1,spoofing_tampering,low,10,UAV-006,220,239,normal
1,spoofing_tampering,low,10,UAV-008,0,19,normal
1,spoofing_tampering,low,10,UAV-008,5,24,normal
1,spoofing_tampering,low,10,UAV-008,10,29,normal
1,spoofing_tampering,low,10,UAV-008,15,34,normal
1,spoofing_tampering,low,10,UAV-008,20,39,normal
1,spoofing_tampering,low,10,UAV-008,25,44,normal
1,spoofing_tampering,low,10,UAV-008,30,49,normal
1,spoofing_tampering,low,10,UAV-008,35,53,normal
1,spoofing_tampering,low,10,UAV-008,40,58,normal
1,spoofing_tampering,low,10,UAV-008,45,64,normal
1,spoofing_tampering,low,10,UAV-008,49,68,normal
1,spoofing_tampering,low,10,UAV-008,54,74,spoofing_tampering
1,spoofing_tampering,low,10,UAV-008,59,79,spoofing_tampering
1,spoofing_tampering,low,10,UAV-008,65,84,spoofing_tampering
1,spoofing_tampering,low,10,UAV-008,70,90,spoofing_tampering
1,spoofing_tampering,low,10,UAV-008,75,95,spoofing_tampering
1,spoofing_tampering,low,10,UAV-008,80,99,normal
1,spoofing_tampering,low,10,UAV-008,84,104,normal
1,spoofing_tampering,low,10,UAV-008,91,109,normal
1,spoofing_tampering,low,10,UAV-008,96,114,normal
1,spoofing_tampering,low,10,UAV-008,100,119,normal
1,spoofing_tampering,low,10,UAV-008,105,124,normal
1,spoofing_tampering,low,10,UAV-008,110,129,spoofing_tampering
1,spoofing_tampering,low,10,UAV-008,115,134,spoofing_tampering
1,spoofing_tampering,low,10,UAV-008,120,139,spoofing_tampering
1,spoofing_tampering,low,10,UAV-008,125,144,spoofing_tampering
1,spoofing_tampering,low,10,UAV-008,130,150,spoofing_tampering
1,spoofing_tampering,low,10,UAV-008,135,155,spoofing_tampering
1,spoofing_tampering,low,10,UAV-008,140,159,spoofing_tampering
1,spoofing_tampering,low,10,UAV-008,146,163,spoofing_tampering
1,spoofing_tampering,low,10,UAV-008,151,169,spoofing_tampering
1,spoofing_tampering,low,10,UAV-008,155,175,normal
1,spoofing_tampering,low,10,UAV-008,160,179,normal
1,spoofing_tampering,low,10,UAV-008,164,184,normal
1,spoofing_tampering,low,10,UAV-008,170,189,normal
1,spoofing_tampering,low,10,UAV-008,176,194,normal
1,spoofing_tampering,low,10,UAV-008,180,199,normal
1,spoofing_tampering,low,10,UAV-008,185,204,normal
1,spoofing_tampering,low,10,UAV-008,190,209,normal
1,spoofing_tampering,low,10,UAV-008,195,214,normal
1,spoofing_tampering,low,10,UAV-008,200,219,normal
1,spoofing_tampering,low,10,UAV-008,205,224,normal
1,spoofing_tampering,low,10,UAV-008,210,229,normal
1,spoofing_tampering,low,10,UAV-008,215,234,normal
1,spoofing_tampering,low,10,UAV-008,220,239,normal
1,spoofing_tampering,low,20,UAV-017,0,19,normal
1,spoofing_tampering,low,20,UAV-017,5,24,normal
1,spoofing_tampering,low,20,UAV-017,10,29,normal
1,spoofing_tampering,low,20,UAV-017,15,34,normal
1,spoofing_tampering,low,20,UAV-017,20,39,normal
1,spoofing_tampering,low,20,UAV-017,25,44,normal
1,spoofing_tampering,low,20,UAV-017,30,49,normal
1,spoofing_tampering,low,20,UAV-017,35,54,normal
1,spoofing_tampering,low,20,UAV-017,40,59,normal
1,spoofing_tampering,low,20,UAV-017,45,65,normal
1,spoofing_tampering,low,20,UAV-017,50,69,normal
1,spoofing_tampering,low,20,UAV-017,55,74,normal
1,spoofing_tampering,low,20,UAV-017,60,79,normal
1,spoofing_tampering,low,20,UAV-017,66,84,spoofing_tampering
1,spoofing_tampering,low,20,UAV-017,70,89,normal
1,spoofing_tampering,low,20,UAV-017,75,94,spoofing_tampering
1,spoofing_tampering,low,20,UAV-017,80,98,spoofing_tampering
1,spoofing_tampering,low,20,UAV-017,85,103,spoofing_tampering
1,spoofing_tampering,low,20,UAV-017,90,109,normal
1,spoofing_tampering,low,20,UAV-017,94,114,normal
1,spoofing_tampering,low,20,UAV-017,99,119,normal
1,spoofing_tampering,low,20,UAV-017,105,125,normal
1,spoofing_tampering,low,20,UAV-017,110,130,normal
1,spoofing_tampering,low,20,UAV-017,115,134,normal
1,spoofing_tampering,low,20,UAV-017,120,138,spoofing_tampering
1,spoofing_tampering,low,20,UAV-017,126,142,spoofing_tampering
1,spoofing_tampering,low,20,UAV-017,131,148,spoofing_tampering
1,spoofing_tampering,low,20,UAV-017,135,154,spoofing_tampering
1,spoofing_tampering,low,20,UAV-017,139,160,spoofing_tampering
1,spoofing_tampering,low,20,UAV-017,143,164,spoofing_tampering
1,spoofing_tampering,low,20,UAV-017,150,169,spoofing_tampering
1,spoofing_tampering,low,20,UAV-017,155,174,spoofing_tampering
1,spoofing_tampering,low,20,UAV-017,161,179,spoofing_tampering
1,spoofing_tampering,low,20,UAV-017,165,184,normal
1,spoofing_tampering,low,20,UAV-017,170,189,normal
1,spoofing_tampering,low,20,UAV-017,175,194,normal
1,spoofing_tampering,low,20,UAV-017,180,199,normal
1,spoofing_tampering,low,20,UAV-017,185,204,normal
1,spoofing_tampering,low,20,UAV-017,190,209,normal
1,spoofing_tampering,low,20,UAV-017,195,214,normal
1,spoofing_tampering,low,20,UAV-017,200,219,normal
1,spoofing_tampering,low,20,UAV-017,205,224,normal
1,spoofing_tampering,low,20,UAV-017,210,229,normal
1,spoofing_tampering,low,20,UAV-017,215,234,normal
1,spoofing_tampering,low,20,UAV-017,220,239,normal
1,spoofing_tampering,low,30,UAV-012,0,19,normal
1,spoofing_tampering,low,30,UAV-012,5,24,normal
1,spoofing_tampering,low,30,UAV-012,10,29,normal
1,spoofing_tampering,low,30,UAV-012,15,34,normal
1,spoofing_tampering,low,30,UAV-012,20,39,normal
1,spoofing_tampering,low,30,UAV-012,25,44,normal
1,spoofing_tampering,low,30,UAV-012,30,49,normal
1,spoofing_tampering,low,30,UAV-012,35,54,normal
1,spoofing_tampering,low,30,UAV-012,40,58,normal
1,spoofing_tampering,low,30,UAV-012,45,63,normal
1,spoofing_tampering,low,30,UAV-012,50,69,normal
1,spoofing_tampering,low,30,UAV-012,55,74,normal
1,spoofing_tampering,low,30,UAV-012,58,79,spoofing_tampering
1,spoofing_tampering,low,30,UAV-012,64,84,spoofing_tampering
1,spoofing_tampering,low,30,UAV-012,70,89,spoofing_tampering
1,spoofing_tampering,low,30,UAV-012,75,94,spoofing_tampering
1,spoofing_tampering,low,30,UAV-012,80,99,spoofing_tampering
1,spoofing_tampering,low,30,UAV-012,85,104,spoofing_tampering
1,spoofing_tampering,low,30,UAV-012,90,108,spoofing_tampering
1,spoofing_tampering,low,30,UAV-012,95,113,spoofing_tampering
1,spoofing_tampering,low,30,UAV-012,99,119,spoofing_tampering
1,spoofing_tampering,low,30,UAV-012,105,124,spoofing_tampering
1,spoofing_tampering,low,30,UAV-012,109,128,spoofing_tampering
1,spoofing_tampering,low,30,UAV-012,114,133,spoofing_tampering
1,spoofing_tampering,low,30,UAV-012,120,138,spoofing_tampering
1,spoofing_tampering,low,30,UAV-012,125,145,spoofing_tampering
1,spoofing_tampering,low,30,UAV-012,129,150,spoofing_tampering
1,spoofing_tampering,low,30,UAV-012,134,154,spoofing_tampering
1,spoofing_tampering,low,30,UAV-012,140,158,spoofing_tampering
1,spoofing_tampering,low,30,UAV-012,146,165,spoofing_tampering
1,spoofing_tampering,low,30,UAV-012,151,170,spoofing_tampering
1,spoofing_tampering,low,30,UAV-012,154,176,spoofing_tampering
1,spoofing_tampering,low,30,UAV-012,161,179,spoofing_tampering
1,spoofing_tampering,low,30,UAV-012,165,184,spoofing_tampering
1,spoofing_tampering,low,30,UAV-012,171,189,normal
1,spoofing_tampering,low,30,UAV-012,177,194,normal
1,spoofing_tampering,low,30,UAV-012,180,199,normal
1,spoofing_tampering,low,30,UAV-012,185,204,normal
1,spoofing_tampering,low,30,UAV-012,190,209,normal
1,spoofing_tampering,low,30,UAV-012,195,214,normal
1,spoofing_tampering,low,30,UAV-012,200,219,normal
1,spoofing_tampering,low,30,UAV-012,205,224,normal
1,spoofing_tampering,low,30,UAV-012,210,229,normal
1,spoofing_tampering,low,30,UAV-012,215,234,normal
1,spoofing_tampering,low,30,UAV-012,220,239,normal
1,spoofing_tampering,low,30,UAV-024,0,19,normal
1,spoofing_tampering,low,30,UAV-024,5,24,normal
1,spoofing_tampering,low,30,UAV-024,10,29,normal
1,spoofing_tampering,low,30,UAV-024,15,34,normal
1,spoofing_tampering,low,30,UAV-024,20,39,normal
1,spoofing_tampering,low,30,UAV-024,25,44,normal
1,spoofing_tampering,low,30,UAV-024,30,49,normal
1,spoofing_tampering,low,30,UAV-024,35,54,normal
1,spoofing_tampering,low,30,UAV-024,40,59,normal
1,spoofing_tampering,low,30,UAV-024,45,65,normal
1,spoofing_tampering,low,30,UAV-024,50,68,normal
1,spoofing_tampering,low,30,UAV-024,55,74,normal
1,spoofing_tampering,low,30,UAV-024,60,79,spoofing_tampering
1,spoofing_tampering,low,30,UAV-024,65,84,spoofing_tampering
1,spoofing_tampering,low,30,UAV-024,69,89,spoofing_tampering
1,spoofing_tampering,low,30,UAV-024,75,94,spoofing_tampering
1,spoofing_tampering,low,30,UAV-024,80,99,spoofing_tampering
1,spoofing_tampering,low,30,UAV-024,85,104,normal
1,spoofing_tampering,low,30,UAV-024,90,109,normal
1,spoofing_tampering,low,30,UAV-024,95,114,normal
1,spoofing_tampering,low,30,UAV-024,100,119,normal
1,spoofing_tampering,low,30,UAV-024,105,124,normal
1,spoofing_tampering,low,30,UAV-024,110,129,normal
1,spoofing_tampering,low,30,UAV-024,115,134,normal
1,spoofing_tampering,low,30,UAV-024,120,139,normal
1,spoofing_tampering,low,30,UAV-024,125,143,normal
1,spoofing_tampering,low,30,UAV-024,130,148,spoofing_tampering
1,spoofing_tampering,low,30,UAV-024,135,154,spoofing_tampering
1,spoofing_tampering,low,30,UAV-024,140,159,spoofing_tampering
1,spoofing_tampering,low,30,UAV-024,144,163,spoofing_tampering
1,spoofing_tampering,low,30,UAV-024,149,170,spoofing_tampering
1,spoofing_tampering,low,30,UAV-024,155,175,normal
1,spoofing_tampering,low,30,UAV-024,160,180,normal
1,spoofing_tampering,low,30,UAV-024,165,184,normal
1,spoofing_tampering,low,30,UAV-024,171,189,normal
1,spoofing_tampering,low,30,UAV-024,177,194,normal
1,spoofing_tampering,low,30,UAV-024,181,199,normal
1,spoofing_tampering,low,30,UAV-024,185,204,normal
1,spoofing_tampering,low,30,UAV-024,190,209,normal
1,spoofing_tampering,low,30,UAV-024,195,214,normal
1,spoofing_tampering,low,30,UAV-024,200,219,normal
1,spoofing_tampering,low,30,UAV-024,205,224,normal
1,spoofing_tampering,low,30,UAV-024,210,229,normal
1,spoofing_tampering,low,30,UAV-024,215,234,normal
1,spoofing_tampering,low,30,UAV-024,220,239,normal
1,tampering,high,10,UAV-002,0,19,normal
1,tampering,high,10,UAV-002,5,24,normal
1,tampering,high,10,UAV-002,10,29,normal
1,tampering,high,10,UAV-002,15,34,normal
1,tampering,high,10,UAV-002,20,39,normal
1,tampering,high,10,UAV-002,25,44,normal
1,tampering,high,10,UAV-002,30,48,normal
1,tampering,high,10,UAV-002,35,53,normal
1,tampering,high,10,UAV-002,40,57,normal
1,tampering,high,10,UAV-002,45,63,normal
1,tampering,high,10,UAV-002,49,68,tampering
1,tampering,high,10,UAV-002,54,74,tampering
1,tampering,high,10,UAV-002,58,77,tampering
1,tampering,high,10,UAV-002,64,82,tampering
1,tampering,high,10,UAV-002,69,88,tampering
1,tampering,high,10,UAV-002,75,94,tampering
1,tampering,high,10,UAV-002,78,99,tampering
1,tampering,high,10,UAV-002,82,104,tampering
1,tampering,high,10,UAV-002,88,108,tampering
1,tampering,high,10,UAV-002,95,112,tampering
1,tampering,high,10,UAV-002,100,118,tampering
1,tampering,high,10,UAV-002,105,124,tampering
1,tampering,high,10,UAV-002,108,127,tampering
1,tampering,high,10,UAV-002,114,132,tampering
1,tampering,high,10,UAV-002,119,135,tampering
1,tampering,high,10,UAV-002,125,140,tampering
1,tampering,high,10,UAV-002,127,147,tampering
1,tampering,high,10,UAV-002,133,154,tampering
1,tampering,high,10,UAV-002,136,158,tampering
1,tampering,high,10,UAV-002,141,163,tampering
1,tampering,high,10,UAV-002,149,167,tampering
1,tampering,high,10,UAV-002,154,173,tampering
1,tampering,high,10,UAV-002,159,180,tampering
1,tampering,high,10,UAV-002,164,184,tampering
1,tampering,high,10,UAV-002,168,189,tampering
1,tampering,high,10,UAV-002,174,194,normal
1,tampering,high,10,UAV-002,181,199,normal
1,tampering,high,10,UAV-002,185,204,normal
1,tampering,high,10,UAV-002,190,209,normal
1,tampering,high,10,UAV-002,195,214,normal
1,tampering,high,10,UAV-002,200,219,normal
1,tampering,high,10,UAV-002,205,224,normal
1,tampering,high,10,UAV-002,210,229,normal
1,tampering,high,10,UAV-002,215,234,normal
1,tampering,high,10,UAV-002,220,239,normal
1,tampering,high,30,UAV-003,0,19,normal
1,tampering,high,30,UAV-003,5,24,normal
1,tampering,high,30,UAV-003,10,29,normal
1,tampering,high,30,UAV-003,15,34,normal
1,tampering,high,30,UAV-003,20,39,normal
1,tampering,high,30,UAV-003,25,44,normal
1,tampering,high,30,UAV-003,30,49,normal
1,tampering,high,30,UAV-003,35,53,normal
1,tampering,high,30,UAV-003,40,58,normal
1,tampering,high,30,UAV-003,45,62,normal
1,tampering,high,30,UAV-003,50,66,tampering
1,tampering,high,30,UAV-003,54,72,tampering
1,tampering,high,30,UAV-003,59,78,tampering
1,tampering,high,30,UAV-003,63,83,tampering
1,tampering,high,30,UAV-003,66,91,tampering
1,tampering,high,30,UAV-003,73,94,tampering
1,tampering,high,30,UAV-003,79,100,tampering
1,tampering,high,30,UAV-003,84,104,tampering
1,tampering,high,30,UAV-003,91,109,tampering
1,tampering,high,30,UAV-003,95,114,tampering
1,tampering,high,30,UAV-003,101,120,tampering
1,tampering,high,30,UAV-003,105,125,tampering
1,tampering,high,30,UAV-003,110,130,tampering
1,tampering,high,30,UAV-003,115,134,tampering
1,tampering,high,30,UAV-003,121,141,tampering
1,tampering,high,30,UAV-003,126,145,tampering
1,tampering,high,30,UAV-003,131,150,tampering
1,tampering,high,30,UAV-003,135,154,tampering
1,tampering,high,30,UAV-003,142,159,tampering
1,tampering,high,30,UAV-003,146,163,tampering
1,tampering,high,30,UAV-003,151,169,tampering
1,tampering,high,30,UAV-003,155,176,tampering
1,tampering,high,30,UAV-003,160,181,tampering
1,tampering,high,30,UAV-003,165,185,tampering
1,tampering,high,30,UAV-003,171,190,tampering
1,tampering,high,30,UAV-003,177,194,normal
1,tampering,high,30,UAV-003,182,199,normal
1,tampering,high,30,UAV-003,186,204,normal
1,tampering,high,30,UAV-003,191,209,normal
1,tampering,high,30,UAV-003,195,214,normal
1,tampering,high,30,UAV-003,200,219,normal
1,tampering,high,30,UAV-003,205,224,normal
1,tampering,high,30,UAV-003,210,229,normal
1,tampering,high,30,UAV-003,215,234,normal
1,tampering,high,30,UAV-003,220,239,normal
1,tampering,high,30,UAV-014,0,19,normal
1,tampering,high,30,UAV-014,5,24,normal
1,tampering,high,30,UAV-014,10,29,normal
1,tampering,high,30,UAV-014,15,34,normal
1,tampering,high,30,UAV-014,20,39,normal
1,tampering,high,30,UAV-014,25,44,normal
1,tampering,high,30,UAV-014,30,49,normal
1,tampering,high,30,UAV-014,35,54,normal
1,tampering,high,30,UAV-014,40,58,normal
1,tampering,high,30,UAV-014,45,63,normal
1,tampering,high,30,UAV-014,50,67,tampering
1,tampering,high,30,UAV-014,55,73,tampering
1,tampering,high,30,UAV-014,59,79,tampering
1,tampering,high,30,UAV-014,63,82,tampering
1,tampering,high,30,UAV-014,68,88,tampering
1,tampering,high,30,UAV-014,74,93,tampering
1,tampering,high,30,UAV-014,80,98,tampering
1,tampering,high,30,UAV-014,84,103,tampering
1,tampering,high,30,UAV-014,89,109,tampering
1,tampering,high,30,UAV-014,94,112,tampering
1,tampering,high,30,UAV-014,99,119,tampering
1,tampering,high,30,UAV-014,104,124,tampering
1,tampering,high,30,UAV-014,110,128,tampering
1,tampering,high,30,UAV-014,114,132,tampering
1,tampering,high,30,UAV-014,120,140,tampering
1,tampering,high,30,UAV-014,125,145,tampering
1,tampering,high,30,UAV-014,129,149,tampering
1,tampering,high,30,UAV-014,134,155,tampering
1,tampering,high,30,UAV-014,141,160,tampering
1,tampering,high,30,UAV-014,146,165,tampering
1,tampering,high,30,UAV-014,151,171,tampering
1,tampering,high,30,UAV-014,156,177,tampering
1,tampering,high,30,UAV-014,161,181,tampering
1,tampering,high,30,UAV-014,166,186,tampering
1,tampering,high,30,UAV-014,172,189,tampering
1,tampering,high,30,UAV-014,178,194,normal
1,tampering,high,30,UAV-014,182,199,normal
1,tampering,high,30,UAV-014,187,204,normal
1,tampering,high,30,UAV-014,190,209,normal
1,tampering,high,30,UAV-014,195,214,normal
1,tampering,high,30,UAV-014,200,219,normal
1,tampering,high,30,UAV-014,205,224,normal
1,tampering,high,30,UAV-014,210,229,normal
1,tampering,high,30,UAV-014,215,234,normal
1,tampering,high,30,UAV-014,220,239,normal
1,tampering,low,30,UAV-020,0,19,normal
1,tampering,low,30,UAV-020,5,24,normal
1,tampering,low,30,UAV-020,10,29,normal
1,tampering,low,30,UAV-020,15,34,normal
1,tampering,low,30,UAV-020,20,39,normal
1,tampering,low,30,UAV-020,25,44,normal
1,tampering,low,30,UAV-020,30,49,normal
1,tampering,low,30,UAV-020,35,54,normal
1,tampering,low,30,UAV-020,40,58,normal
1,tampering,low,30,UAV-020,45,64,normal
1,tampering,low,30,UAV-020,50,70,normal
1,tampering,low,30,UAV-020,55,75,normal
1,tampering,low,30,UAV-020,59,79,normal
1,tampering,low,30,UAV-020,65,85,normal
1,tampering,low,30,UAV-020,71,89,tampering
1,tampering,low,30,UAV-020,77,94,tampering
1,tampering,low,30,UAV-020,80,99,tampering
1,tampering,low,30,UAV-020,86,105,tampering
1,tampering,low,30,UAV-020,90,109,tampering
1,tampering,low,30,UAV-020,95,114,tampering
1,tampering,low,30,UAV-020,100,119,tampering
1,tampering,low,30,UAV-020,106,124,tampering
1,tampering,low,30,UAV-020,110,129,normal
1,tampering,low,30,UAV-020,114,134,normal
1,tampering,low,30,UAV-020,120,139,normal
1,tampering,low,30,UAV-020,125,145,normal
1,tampering,low,30,UAV-020,130,149,normal
1,tampering,low,30,UAV-020,135,153,tampering
1,tampering,low,30,UAV-020,140,158,tampering
1,tampering,low,30,UAV-020,145,164,tampering
1,tampering,low,30,UAV-020,150,168,tampering
1,tampering,low,30,UAV-020,154,173,normal
1,tampering,low,30,UAV-020,159,178,normal
1,tampering,low,30,UAV-020,165,185,normal
1,tampering,low,30,UAV-020,169,190,normal
1,tampering,low,30,UAV-020,174,194,normal
1,tampering,low,30,UAV-020,181,199,normal
1,tampering,low,30,UAV-020,186,204,normal
1,tampering,low,30,UAV-020,190,209,normal
1,tampering,low,30,UAV-020,195,214,normal
1,tampering,low,30,UAV-020,200,219,normal
1,tampering,low,30,UAV-020,205,224,normal
1,tampering,low,30,UAV-020,210,229,normal
1,tampering,low,30,UAV-020,215,234,normal
1,tampering,low,30,UAV-020,220,239,normal
1,tampering,medium,20,UAV-001,0,19,normal
1,tampering,medium,20,UAV-001,5,24,normal
1,tampering,medium,20,UAV-001,10,29,normal
1,tampering,medium,20,UAV-001,15,34,normal
1,tampering,medium,20,UAV-001,20,39,normal
1,tampering,medium,20,UAV-001,25,44,normal
1,tampering,medium,20,UAV-001,30,49,normal
1,tampering,medium,20,UAV-001,35,53,normal
1,tampering,medium,20,UAV-001,40,58,normal
1,tampering,medium,20,UAV-001,45,64,normal
1,tampering,medium,20,UAV-001,50,70,tampering
1,tampering,medium,20,UAV-001,54,76,tampering
1,tampering,medium,20,UAV-001,59,80,tampering
1,tampering,medium,20,UAV-001,65,84,tampering
1,tampering,medium,20,UAV-001,71,89,tampering
1,tampering,medium,20,UAV-001,77,94,tampering
1,tampering,medium,20,UAV-001,81,100,tampering
1,tampering,medium,20,UAV-001,85,104,tampering
1,tampering,medium,20,UAV-001,90,109,tampering
1,tampering,medium,20,UAV-001,95,113,tampering
1,tampering,medium,20,UAV-001,101,119,normal
1,tampering,medium,20,UAV-001,105,124,normal
1,tampering,medium,20,UAV-001,110,129,tampering
1,tampering,medium,20,UAV-001,115,135,tampering
1,tampering,medium,20,UAV-001,120,139,tampering
1,tampering,medium,20,UAV-001,125,143,tampering
1,tampering,medium,20,UAV-001,131,148,tampering
1,tampering,medium,20,UAV-001,136,154,tampering
1,tampering,medium,20,UAV-001,140,159,tampering
1,tampering,medium,20,UAV-001,144,163,tampering
1,tampering,medium,20,UAV-001,150,169,tampering
1,tampering,medium,20,UAV-001,155,174,tampering
1,tampering,medium,20,UAV-001,160,179,tampering
1,tampering,medium,20,UAV-001,164,184,tampering
1,tampering,medium,20,UAV-001,170,189,tampering
1,tampering,medium,20,UAV-001,175,194,normal
1,tampering,medium,20,UAV-001,180,199,normal
1,tampering,medium,20,UAV-001,185,204,normal
1,tampering,medium,20,UAV-001,190,209,normal
1,tampering,medium,20,UAV-001,195,214,normal
1,tampering,medium,20,UAV-001,200,219,normal
1,tampering,medium,20,UAV-001,205,224,normal
1,tampering,medium,20,UAV-001,210,229,normal
1,tampering,medium,20,UAV-001,215,234,normal
1,tampering,medium,20,UAV-001,220,239,normal
1,tampering,medium,30,UAV-011,0,19,normal
1,tampering,medium,30,UAV-011,5,24,normal
1,tampering,medium,30,UAV-011,10,29,normal
1,tampering,medium,30,UAV-011,15,34,normal
1,tampering,medium,30,UAV-011,20,39,normal
1,tampering,medium,30,UAV-011,25,44,normal
1,tampering,medium,30,UAV-011,30,49,normal
1,tampering,medium,30,UAV-011,35,54,normal
1,tampering,medium,30,UAV-011,40,59,normal
1,tampering,medium,30,UAV-011,45,64,normal
1,tampering,medium,30,UAV-011,50,69,normal
1,tampering,medium,30,UAV-011,55,73,tampering
1,tampering,medium,30,UAV-011,60,78,tampering
1,tampering,medium,30,UAV-011,65,84,tampering
1,tampering,medium,30,UAV-011,70,90,tampering
1,tampering,medium,30,UAV-011,74,94,tampering
1,tampering,medium,30,UAV-011,79,99,tampering
1,tampering,medium,30,UAV-011,86,104,tampering
1,tampering,medium,30,UAV-011,91,109,tampering
1,tampering,medium,30,UAV-011,96,114,tampering
1,tampering,medium,30,UAV-011,100,119,tampering
1,tampering,medium,30,UAV-011,104,124,tampering
1,tampering,medium,30,UAV-011,110,129,tampering
1,tampering,medium,30,UAV-011,115,134,tampering
1,tampering,medium,30,UAV-011,120,141,tampering
1,tampering,medium,30,UAV-011,125,145,tampering
1,tampering,medium,30,UAV-011,130,150,tampering
1,tampering,medium,30,UAV-011,135,154,tampering
1,tampering,medium,30,UAV-011,141,159,tampering
1,tampering,medium,30,UAV-011,146,163,tampering
1,tampering,medium,30,UAV-011,151,168,tampering
1,tampering,medium,30,UAV-011,155,174,tampering
1,tampering,medium,30,UAV-011,159,180,tampering
1,tampering,medium,30,UAV-011,164,184,tampering
1,tampering,medium,30,UAV-011,170,189,tampering
1,tampering,medium,30,UAV-011,175,194,normal
1,tampering,medium,30,UAV-011,181,199,normal
1,tampering,medium,30,UAV-011,185,204,normal
1,tampering,medium,30,UAV-011,190,209,normal
1,tampering,medium,30,UAV-011,195,214,normal
1,tampering,medium,30,UAV-011,200,219,normal
1,tampering,medium,30,UAV-011,205,224,normal
1,tampering,medium,30,UAV-011,210,229,normal
1,tampering,medium,30,UAV-011,215,234,normal
1,tampering,medium,30,UAV-011,220,239,normal
1,tampering,medium,30,UAV-021,0,19,normal
1,tampering,medium,30,UAV-021,5,24,normal
1,tampering,medium,30,UAV-021,10,29,normal
1,tampering,medium,30,UAV-021,15,34,normal
1,tampering,medium,30,UAV-021,20,39,normal
1,tampering,medium,30,UAV-021,25,44,normal
1,tampering,medium,30,UAV-021,30,49,normal
1,tampering,medium,30,UAV-021,35,53,normal
1,tampering,medium,30,UAV-021,40,58,normal
1,tampering,medium,30,UAV-021,45,63,normal
1,tampering,medium,30,UAV-021,50,68,tampering
1,tampering,medium,30,UAV-021,54,73,tampering
1,tampering,medium,30,UAV-021,59,78,tampering
1,tampering,medium,30,UAV-021,65,84,tampering
1,tampering,medium,30,UAV-021,69,91,tampering
1,tampering,medium,30,UAV-021,74,96,tampering
1,tampering,medium,30,UAV-021,79,98,tampering
1,tampering,medium,30,UAV-021,86,103,tampering
1,tampering,medium,30,UAV-021,92,108,tampering
1,tampering,medium,30,UAV-021,96,111,tampering
1,tampering,medium,30,UAV-021,99,117,tampering
1,tampering,medium,30,UAV-021,104,123,tampering
1,tampering,medium,30,UAV-021,108,126,tampering
1,tampering,medium,30,UAV-021,114,131,tampering
1,tampering,medium,30,UAV-021,117,137,tampering
1,tampering,medium,30,UAV-021,123,144,tampering
1,tampering,medium,30,UAV-021,126,148,tampering
1,tampering,medium,30,UAV-021,132,154,tampering
1,tampering,medium,30,UAV-021,140,160,tampering
1,tampering,medium,30,UAV-021,144,164,tampering
1,tampering,medium,30,UAV-021,149,168,tampering
1,tampering,medium,30,UAV-021,155,173,tampering
1,tampering,medium,30,UAV-021,161,179,tampering
1,tampering,medium,30,UAV-021,165,184,tampering
1,tampering,medium,30,UAV-021,169,189,normal
1,tampering,medium,30,UAV-021,174,194,normal
1,tampering,medium,30,UAV-021,180,199,normal
1,tampering,medium,30,UAV-021,185,204,normal
1,tampering,medium,30,UAV-021,190,209,normal
1,tampering,medium,30,UAV-021,195,214,normal
1,tampering,medium,30,UAV-021,200,219,normal
1,tampering,medium,30,UAV-021,205,224,normal
1,tampering,medium,30,UAV-021,210,229,normal
1,tampering,medium,30,UAV-021,215,234,normal
1,tampering,medium,30,UAV-021,220,239,normal
2,combined,high,30,UAV-003,0,19,normal
2,combined,high,30,UAV-003,5,24,normal
2,combined,high,30,UAV-003,10,29,normal
2,combined,high,30,UAV-003,15,34,normal
2,combined,high,30,UAV-003,20,39,normal
2,combined,high,30,UAV-003,25,44,normal
2,combined,high,30,UAV-003,30,49,normal
2,combined,high,30,UAV-003,35,54,normal
2,combined,high,30,UAV-003,40,59,normal
2,combined,high,30,UAV-003,45,65,normal
2,combined,high,30,UAV-003,50,70,normal
2,combined,high,30,UAV-003,55,75,combined
2,combined,high,30,UAV-003,60,80,combined
2,combined,high,30,UAV-003,66,84,combined
2,combined,high,30,UAV-003,71,88,combined
2,combined,high,30,UAV-003,76,93,combined
2,combined,high,30,UAV-003,81,98,combined
2,combined,high,30,UAV-003,85,106,combined
2,combined,high,30,UAV-003,89,111,combined
2,combined,high,30,UAV-003,94,117,combined
2,combined,high,30,UAV-003,99,121,combined
2,combined,high,30,UAV-003,107,128,combined
2,combined,high,30,UAV-003,112,133,combined
2,combined,high,30,UAV-003,118,138,combined
2,combined,high,30,UAV-003,122,141,combined
2,combined,high,30,UAV-003,129,145,combined
2,combined,high,30,UAV-003,134,149,combined
2,combined,high,30,UAV-003,139,153,combined
2,combined,high,30,UAV-003,142,158,combined
2,combined,high,30,UAV-003,146,164,combined
2,combined,high,30,UAV-003,150,168,combined
2,combined,high,30,UAV-003,154,173,combined
2,combined,high,30,UAV-003,159,180,combined
2,combined,high,30,UAV-003,165,185,combined
2,combined,high,30,UAV-003,169,190,combined
2,combined,high,30,UAV-003,174,195,normal
2,combined,high,30,UAV-003,181,199,normal
2,combined,high,30,UAV-003,186,204,normal
2,combined,high,30,UAV-003,191,209,normal
2,combined,high,30,UAV-003,195,214,normal
2,combined,high,30,UAV-003,200,219,normal
2,combined,high,30,UAV-003,205,224,normal
2,combined,high,30,UAV-003,210,229,normal
2,combined,high,30,UAV-003,215,234,normal
2,combined,high,30,UAV-003,220,239,normal
2,jamming,high,30,UAV-005,0,19,normal
2,jamming,high,30,UAV-005,5,24,normal
2,jamming,high,30,UAV-005,10,29,normal
2,jamming,high,30,UAV-005,15,34,normal
2,jamming,high,30,UAV-005,20,39,normal
2,jamming,high,30,UAV-005,25,44,normal
2,jamming,high,30,UAV-005,30,49,normal
2,jamming,high,30,UAV-005,35,54,normal
2,jamming,high,30,UAV-005,40,59,normal
2,jamming,high,30,UAV-005,45,64,normal
2,jamming,high,30,UAV-005,50,69,jamming
2,jamming,high,30,UAV-005,55,74,jamming
2,jamming,high,30,UAV-005,60,79,jamming
2,jamming,high,30,UAV-005,65,84,jamming
2,jamming,high,30,UAV-005,70,89,jamming
2,jamming,high,30,UAV-005,75,94,jamming
2,jamming,high,30,UAV-005,80,99,jamming
2,jamming,high,30,UAV-005,85,104,jamming
2,jamming,high,30,UAV-005,90,109,jamming
2,jamming,high,30,UAV-005,95,114,jamming
2,jamming,high,30,UAV-005,100,119,jamming
2,jamming,high,30,UAV-005,105,124,jamming
2,jamming,high,30,UAV-005,110,129,jamming
2,jamming,high,30,UAV-005,115,134,jamming
2,jamming,high,30,UAV-005,120,139,jamming
2,jamming,high,30,UAV-005,125,144,jamming
2,jamming,high,30,UAV-005,130,149,jamming
2,jamming,high,30,UAV-005,135,154,jamming
2,jamming,high,30,UAV-005,140,159,jamming
2,jamming,high,30,UAV-005,145,164,jamming
2,jamming,high,30,UAV-005,150,169,jamming
2,jamming,high,30,UAV-005,155,174,jamming
2,jamming,high,30,UAV-005,160,179,jamming
2,jamming,high,30,UAV-005,165,184,jamming
2,jamming,high,30,UAV-005,170,189,jamming
2,jamming,high,30,UAV-005,175,194,normal
2,jamming,high,30,UAV-005,180,199,normal
2,jamming,high,30,UAV-005,185,204,normal
2,jamming,high,30,UAV-005,190,209,normal
2,jamming,high,30,UAV-005,195,214,normal
2,jamming,high,30,UAV-005,200,219,normal
2,jamming,high,30,UAV-005,205,224,normal
2,jamming,high,30,UAV-005,210,229,normal
2,jamming,high,30,UAV-005,215,234,normal
2,jamming,high,30,UAV-005,220,239,normal
2,jamming,high,30,UAV-008,0,19,normal
2,jamming,high,30,UAV-008,5,24,normal
2,jamming,high,30,UAV-008,10,29,normal
2,jamming,high,30,UAV-008,15,34,normal
2,jamming,high,30,UAV-008,20,39,normal
2,jamming,high,30,UAV-008,25,44,normal
2,jamming,high,30,UAV-008,30,49,normal
2,jamming,high,30,UAV-008,35,54,normal
2,jamming,high,30,UAV-008,40,59,normal
2,jamming,high,30,UAV-008,45,64,normal
2,jamming,high,30,UAV-008,50,69,jamming
2,jamming,high,30,UAV-008,55,74,jamming
2,jamming,high,30,UAV-008,60,79,jamming
2,jamming,high,30,UAV-008,65,84,jamming
2,jamming,high,30,UAV-008,70,89,jamming
2,jamming,high,30,UAV-008,75,94,jamming
2,jamming,high,30,UAV-008,80,99,jamming
2,jamming,high,30,UAV-008,85,104,jamming
2,jamming,high,30,UAV-008,90,109,jamming
2,jamming,high,30,UAV-008,95,114,jamming
2,jamming,high,30,UAV-008,100,119,jamming
2,jamming,high,30,UAV-008,105,124,jamming
2,jamming,high,30,UAV-008,110,129,jamming
2,jamming,high,30,UAV-008,115,134,jamming
2,jamming,high,30,UAV-008,120,139,jamming
2,jamming,high,30,UAV-008,125,144,jamming
2,jamming,high,30,UAV-008,130,149,jamming
2,jamming,high,30,UAV-008,135,154,jamming
2,jamming,high,30,UAV-008,140,159,jamming
2,jamming,high,30,UAV-008,145,164,jamming
2,jamming,high,30,UAV-008,150,169,jamming
2,jamming,high,30,UAV-008,155,174,jamming
2,jamming,high,30,UAV-008,160,179,jamming
2,jamming,high,30,UAV-008,165,184,jamming
2,jamming,high,30,UAV-008,170,189,jamming
2,jamming,high,30,UAV-008,175,194,normal
2,jamming,high,30,UAV-008,180,199,normal
2,jamming,high,30,UAV-008,185,204,normal
2,jamming,high,30,UAV-008,190,209,normal
2,jamming,high,30,UAV-008,195,214,normal
2,jamming,high,30,UAV-008,200,219,normal
2,jamming,high,30,UAV-008,205,224,normal
2,jamming,high,30,UAV-008,210,229,normal
2,jamming,high,30,UAV-008,215,234,normal
2,jamming,high,30,UAV-008,220,239,normal
2,jamming,high,30,UAV-021,0,19,normal
2,jamming,high,30,UAV-021,5,24,normal
2,jamming,high,30,UAV-021,10,29,normal
2,jamming,high,30,UAV-021,15,34,normal
2,jamming,high,30,UAV-021,20,39,normal
2,jamming,high,30,UAV-021,25,44,normal
2,jamming,high,30,UAV-021,30,49,normal
2,jamming,high,30,UAV-021,35,54,normal
2,jamming,high,30,UAV-021,40,59,normal
2,jamming,high,30,UAV-021,45,64,normal
2,jamming,high,30,UAV-021,50,69,jamming
2,jamming,high,30,UAV-021,55,74,jamming
2,jamming,high,30,UAV-021,60,79,jamming
2,jamming,high,30,UAV-021,65,84,jamming
2,jamming,high,30,UAV-021,70,89,jamming
2,jamming,high,30,UAV-021,75,94,jamming
2,jamming,high,30,UAV-021,80,99,jamming
2,jamming,high,30,UAV-021,85,104,jamming
2,jamming,high,30,UAV-021,90,109,jamming
2,jamming,high,30,UAV-021,95,114,jamming
2,jamming,high,30,UAV-021,100,119,jamming
2,jamming,high,30,UAV-021,105,124,jamming
2,jamming,high,30,UAV-021,110,129,jamming
2,jamming,high,30,UAV-021,115,134,jamming
2,jamming,high,30,UAV-021,120,139,jamming
2,jamming,high,30,UAV-021,125,144,jamming
2,jamming,high,30,UAV-021,130,149,jamming
2,jamming,high,30,UAV-021,135,154,jamming
2,jamming,high,30,UAV-021,140,159,jamming
2,jamming,high,30,UAV-021,145,164,jamming
2,jamming,high,30,UAV-021,150,169,jamming
2,jamming,high,30,UAV-021,155,174,jamming
2,jamming,high,30,UAV-021,160,179,jamming
2,jamming,high,30,UAV-021,165,184,jamming
2,jamming,high,30,UAV-021,170,189,jamming
2,jamming,high,30,UAV-021,175,194,normal
2,jamming,high,30,UAV-021,180,199,normal
2,jamming,high,30,UAV-021,185,204,normal
2,jamming,high,30,UAV-021,190,209,normal
2,jamming,high,30,UAV-021,195,214,normal
2,jamming,high,30,UAV-021,200,219,normal
2,jamming,high,30,UAV-021,205,224,normal
2,jamming,high,30,UAV-021,210,229,normal
2,jamming,high,30,UAV-021,215,234,normal
2,jamming,high,30,UAV-021,220,239,normal
2,jamming,high,30,UAV-024,0,19,normal
2,jamming,high,30,UAV-024,5,24,normal
2,jamming,high,30,UAV-024,10,29,normal
2,jamming,high,30,UAV-024,15,34,normal
2,jamming,high,30,UAV-024,20,39,normal
2,jamming,high,30,UAV-024,25,44,normal
2,jamming,high,30,UAV-024,30,49,normal
2,jamming,high,30,UAV-024,35,54,normal
2,jamming,high,30,UAV-024,40,59,normal
2,jamming,high,30,UAV-024,45,64,normal
2,jamming,high,30,UAV-024,50,69,jamming
2,jamming,high,30,UAV-024,55,74,jamming
2,jamming,high,30,UAV-024,60,79,jamming
2,jamming,high,30,UAV-024,65,84,jamming
2,jamming,high,30,UAV-024,70,89,jamming
2,jamming,high,30,UAV-024,75,94,jamming
2,jamming,high,30,UAV-024,80,99,jamming
2,jamming,high,30,UAV-024,85,104,jamming
2,jamming,high,30,UAV-024,90,109,jamming
2,jamming,high,30,UAV-024,95,114,jamming
2,jamming,high,30,UAV-024,100,119,jamming
2,jamming,high,30,UAV-024,105,124,jamming
2,jamming,high,30,UAV-024,110,129,jamming
2,jamming,high,30,UAV-024,115,134,jamming
2,jamming,high,30,UAV-024,120,139,jamming
2,jamming,high,30,UAV-024,125,144,jamming
2,jamming,high,30,UAV-024,130,149,jamming
2,jamming,high,30,UAV-024,135,154,jamming
2,jamming,high,30,UAV-024,140,159,jamming
2,jamming,high,30,UAV-024,145,164,jamming
2,jamming,high,30,UAV-024,150,169,jamming
2,jamming,high,30,UAV-024,155,174,jamming
2,jamming,high,30,UAV-024,160,179,jamming
2,jamming,high,30,UAV-024,165,184,jamming
2,jamming,high,30,UAV-024,170,189,jamming
2,jamming,high,30,UAV-024,175,194,jamming
2,jamming,high,30,UAV-024,180,199,normal
2,jamming,high,30,UAV-024,185,204,normal
2,jamming,high,30,UAV-024,190,209,normal
2,jamming,high,30,UAV-024,195,214,normal
2,jamming,high,30,UAV-024,200,219,normal
2,jamming,high,30,UAV-024,205,224,normal
2,jamming,high,30,UAV-024,210,229,normal
2,jamming,high,30,UAV-024,215,234,normal
2,jamming,high,30,UAV-024,220,239,normal
2,jamming,low,20,UAV-020,0,19,normal
2,jamming,low,20,UAV-020,5,24,normal
2,jamming,low,20,UAV-020,10,29,normal
2,jamming,low,20,UAV-020,15,34,normal
2,jamming,low,20,UAV-020,20,39,normal
2,jamming,low,20,UAV-020,25,44,normal
2,jamming,low,20,UAV-020,30,49,normal
2,jamming,low,20,UAV-020,35,54,normal
2,jamming,low,20,UAV-020,40,59,normal
2,jamming,low,20,UAV-020,45,64,normal
2,jamming,low,20,UAV-020,50,69,normal
2,jamming,low,20,UAV-020,55,74,normal
2,jamming,low,20,UAV-020,60,79,jamming
2,jamming,low,20,UAV-020,65,84,jamming
2,jamming,low,20,UAV-020,70,89,jamming
2,jamming,low,20,UAV-020,75,94,jamming
2,jamming,low,20,UAV-020,80,99,jamming
2,jamming,low,20,UAV-020,85,104,jamming
2,jamming,low,20,UAV-020,90,109,jamming
2,jamming,low,20,UAV-020,95,114,jamming
2,jamming,low,20,UAV-020,100,119,normal
2,jamming,low,20,UAV-020,105,124,jamming
2,jamming,low,20,UAV-020,110,129,jamming
2,jamming,low,20,UAV-020,115,134,jamming
2,jamming,low,20,UAV-020,120,139,jamming
2,jamming,low,20,UAV-020,125,144,jamming
2,jamming,low,20,UAV-020,130,149,jamming
2,jamming,low,20,UAV-020,135,154,jamming
2,jamming,low,20,UAV-020,140,159,jamming
2,jamming,low,20,UAV-020,145,164,jamming
2,jamming,low,20,UAV-020,150,169,jamming
2,jamming,low,20,UAV-020,155,174,jamming
2,jamming,low,20,UAV-020,160,179,jamming
2,jamming,low,20,UAV-020,165,184,jamming
2,jamming,low,20,UAV-020,170,189,normal
2,jamming,low,20,UAV-020,175,194,normal
2,jamming,low,20,UAV-020,180,199,normal
2,jamming,low,20,UAV-020,185,204,normal
2,jamming,low,20,UAV-020,190,209,normal
2,jamming,low,20,UAV-020,195,214,normal
2,jamming,low,20,UAV-020,200,219,normal
2,jamming,low,20,UAV-020,205,224,normal
2,jamming,low,20,UAV-020,210,229,normal
2,jamming,low,20,UAV-020,215,234,normal
2,jamming,low,20,UAV-020,220,239,normal
2,jamming,low,30,UAV-005,0,19,normal
2,jamming,low,30,UAV-005,5,24,normal
2,jamming,low,30,UAV-005,10,29,normal
2,jamming,low,30,UAV-005,15,34,normal
2,jamming,low,30,UAV-005,20,39,normal
2,jamming,low,30,UAV-005,25,44,normal
2,jamming,low,30,UAV-005,30,49,normal
2,jamming,low,30,UAV-005,35,54,normal
2,jamming,low,30,UAV-005,40,59,normal
2,jamming,low,30,UAV-005,45,64,normal
2,jamming,low,30,UAV-005,50,69,normal
2,jamming,low,30,UAV-005,55,74,jamming
2,jamming,low,30,UAV-005,60,79,jamming
2,jamming,low,30,UAV-005,65,84,jamming
2,jamming,low,30,UAV-005,70,89,jamming
2,jamming,low,30,UAV-005,75,94,jamming
2,jamming,low,30,UAV-005,80,99,jamming
2,jamming,low,30,UAV-005,85,104,jamming
2,jamming,low,30,UAV-005,90,109,jamming
2,jamming,low,30,UAV-005,95,114,jamming
2,jamming,low,30,UAV-005,100,119,jamming
2,jamming,low,30,UAV-005,105,124,jamming
2,jamming,low,30,UAV-005,110,129,jamming
2,jamming,low,30,UAV-005,115,134,jamming
2,jamming,low,30,UAV-005,120,139,jamming
2,jamming,low,30,UAV-005,125,144,jamming
2,jamming,low,30,UAV-005,130,149,jamming
2,jamming,low,30,UAV-005,135,154,jamming
2,jamming,low,30,UAV-005,140,159,jamming
2,jamming,low,30,UAV-005,145,164,jamming
2,jamming,low,30,UAV-005,150,169,jamming
2,jamming,low,30,UAV-005,155,174,jamming
2,jamming,low,30,UAV-005,160,179,jamming
2,jamming,low,30,UAV-005,165,184,normal
2,jamming,low,30,UAV-005,170,189,normal
2,jamming,low,30,UAV-005,175,194,normal
2,jamming,low,30,UAV-005,180,199,normal
2,jamming,low,30,UAV-005,185,204,normal
2,jamming,low,30,UAV-005,190,209,normal
2,jamming,low,30,UAV-005,195,214,normal
2,jamming,low,30,UAV-005,200,219,normal
2,jamming,low,30,UAV-005,205,224,normal
2,jamming,low,30,UAV-005,210,229,normal
2,jamming,low,30,UAV-005,215,234,normal
2,jamming,low,30,UAV-005,220,239,normal
2,jamming,low,30,UAV-018,0,19,normal
2,jamming,low,30,UAV-018,5,24,normal
2,jamming,low,30,UAV-018,10,29,normal
2,jamming,low,30,UAV-018,15,34,normal
2,jamming,low,30,UAV-018,20,39,normal
2,jamming,low,30,UAV-018,25,44,normal
2,jamming,low,30,UAV-018,30,49,normal
2,jamming,low,30,UAV-018,35,54,normal
2,jamming,low,30,UAV-018,40,59,normal
2,jamming,low,30,UAV-018,45,64,normal
2,jamming,low,30,UAV-018,50,69,normal
2,jamming,low,30,UAV-018,55,74,normal
2,jamming,low,30,UAV-018,60,79,jamming
2,jamming,low,30,UAV-018,65,84,jamming
2,jamming,low,30,UAV-018,70,89,jamming
2,jamming,low,30,UAV-018,75,94,jamming
2,jamming,low,30,UAV-018,80,99,jamming
2,jamming,low,30,UAV-018,85,104,jamming
2,jamming,low,30,UAV-018,90,109,jamming
2,jamming,low,30,UAV-018,95,114,jamming
2,jamming,low,30,UAV-018,100,119,normal
2,jamming,low,30,UAV-018,105,124,jamming
2,jamming,low,30,UAV-018,110,129,jamming
2,jamming,low,30,UAV-018,115,134,jamming
2,jamming,low,30,UAV-018,120,139,jamming
2,jamming,low,30,UAV-018,125,144,jamming
2,jamming,low,30,UAV-018,130,149,jamming
2,jamming,low,30,UAV-018,135,154,jamming
2,jamming,low,30,UAV-018,140,159,jamming
2,jamming,low,30,UAV-018,145,164,jamming
2,jamming,low,30,UAV-018,150,169,normal
2,jamming,low,30,UAV-018,155,174,normal
2,jamming,low,30,UAV-018,160,179,jamming
2,jamming,low,30,UAV-018,165,184,normal
2,jamming,low,30,UAV-018,170,189,normal
2,jamming,low,30,UAV-018,175,194,normal
2,jamming,low,30,UAV-018,180,199,normal
2,jamming,low,30,UAV-018,185,204,normal
2,jamming,low,30,UAV-018,190,209,normal
2,jamming,low,30,UAV-018,195,214,normal
2,jamming,low,30,UAV-018,200,219,normal
2,jamming,low,30,UAV-018,205,224,normal
2,jamming,low,30,UAV-018,210,229,normal
2,jamming,low,30,UAV-018,215,234,normal
2,jamming,low,30,UAV-018,220,239,normal
2,jamming,low,30,UAV-024,0,19,normal
2,jamming,low,30,UAV-024,5,24,normal
2,jamming,low,30,UAV-024,10,29,normal
2,jamming,low,30,UAV-024,15,34,normal
2,jamming,low,30,UAV-024,20,39,normal
2,jamming,low,30,UAV-024,25,44,normal
2,jamming,low,30,UAV-024,30,49,normal
2,jamming,low,30,UAV-024,35,54,normal
2,jamming,low,30,UAV-024,40,59,normal
2,jamming,low,30,UAV-024,45,64,normal
2,jamming,low,30,UAV-024,50,69,normal
2,jamming,low,30,UAV-024,55,74,normal
2,jamming,low,30,UAV-024,60,79,jamming
2,jamming,low,30,UAV-024,65,84,jamming
2,jamming,low,30,UAV-024,70,89,jamming
2,jamming,low,30,UAV-024,75,94,jamming
2,jamming,low,30,UAV-024,80,99,normal
2,jamming,low,30,UAV-024,85,104,jamming
2,jamming,low,30,UAV-024,90,109,jamming
2,jamming,low,30,UAV-024,95,114,jamming
2,jamming,low,30,UAV-024,100,119,jamming
2,jamming,low,30,UAV-024,105,124,jamming
2,jamming,low,30,UAV-024,110,129,jamming
2,jamming,low,30,UAV-024,115,134,normal
2,jamming,low,30,UAV-024,120,139,normal
2,jamming,low,30,UAV-024,125,144,normal
2,jamming,low,30,UAV-024,130,149,jamming
2,jamming,low,30,UAV-024,135,154,jamming
2,jamming,low,30,UAV-024,140,159,jamming
2,jamming,low,30,UAV-024,145,164,jamming
2,jamming,low,30,UAV-024,150,169,jamming
2,jamming,low,30,UAV-024,155,174,jamming
2,jamming,low,30,UAV-024,160,179,jamming
2,jamming,low,30,UAV-024,165,184,jamming
2,jamming,low,30,UAV-024,170,189,normal
2,jamming,low,30,UAV-024,175,194,normal
2,jamming,low,30,UAV-024,180,199,normal
2,jamming,low,30,UAV-024,185,204,normal
2,jamming,low,30,UAV-024,190,209,normal
2,jamming,low,30,UAV-024,195,214,normal
2,jamming,low,30,UAV-024,200,219,normal
2,jamming,low,30,UAV-024,205,224,normal
2,jamming,low,30,UAV-024,210,229,normal
2,jamming,low,30,UAV-024,215,234,normal
2,jamming,low,30,UAV-024,220,239,normal
2,jamming,medium,30,UAV-010,0,19,normal
2,jamming,medium,30,UAV-010,5,24,normal
2,jamming,medium,30,UAV-010,10,29,normal
2,jamming,medium,30,UAV-010,15,34,normal
2,jamming,medium,30,UAV-010,20,39,normal
2,jamming,medium,30,UAV-010,25,44,normal
2,jamming,medium,30,UAV-010,30,49,normal
2,jamming,medium,30,UAV-010,35,54,normal
2,jamming,medium,30,UAV-010,40,59,normal
2,jamming,medium,30,UAV-010,45,64,normal
2,jamming,medium,30,UAV-010,50,69,normal
2,jamming,medium,30,UAV-010,55,74,jamming
2,jamming,medium,30,UAV-010,60,79,jamming
2,jamming,medium,30,UAV-010,65,84,jamming
2,jamming,medium,30,UAV-010,70,89,jamming
2,jamming,medium,30,UAV-010,75,94,jamming
2,jamming,medium,30,UAV-010,80,99,jamming
2,jamming,medium,30,UAV-010,85,104,jamming
2,jamming,medium,30,UAV-010,90,109,jamming
2,jamming,medium,30,UAV-010,95,114,jamming
2,jamming,medium,30,UAV-010,100,119,jamming
2,jamming,medium,30,UAV-010,105,124,jamming
2,jamming,medium,30,UAV-010,110,129,jamming
2,jamming,medium,30,UAV-010,115,134,jamming
2,jamming,medium,30,UAV-010,120,139,jamming
2,jamming,medium,30,UAV-010,125,144,jamming
2,jamming,medium,30,UAV-010,130,149,jamming
2,jamming,medium,30,UAV-010,135,154,jamming
2,jamming,medium,30,UAV-010,140,159,jamming
2,jamming,medium,30,UAV-010,145,164,jamming
2,jamming,medium,30,UAV-010,150,169,jamming
2,jamming,medium,30,UAV-010,155,174,jamming
2,jamming,medium,30,UAV-010,160,179,jamming
2,jamming,medium,30,UAV-010,165,184,jamming
2,jamming,medium,30,UAV-010,170,189,jamming
2,jamming,medium,30,UAV-010,175,194,normal
2,jamming,medium,30,UAV-010,180,199,normal
2,jamming,medium,30,UAV-010,185,204,normal
2,jamming,medium,30,UAV-010,190,209,normal
2,jamming,medium,30,UAV-010,195,214,normal
2,jamming,medium,30,UAV-010,200,219,normal
2,jamming,medium,30,UAV-010,205,224,normal
2,jamming,medium,30,UAV-010,210,229,normal
2,jamming,medium,30,UAV-010,215,234,normal
2,jamming,medium,30,UAV-010,220,239,normal
2,jamming,medium,30,UAV-024,0,19,normal
2,jamming,medium,30,UAV-024,5,24,normal
2,jamming,medium,30,UAV-024,10,29,normal
2,jamming,medium,30,UAV-024,15,34,normal
2,jamming,medium,30,UAV-024,20,39,normal
2,jamming,medium,30,UAV-024,25,44,normal
2,jamming,medium,30,UAV-024,30,49,normal
2,jamming,medium,30,UAV-024,35,54,normal
2,jamming,medium,30,UAV-024,40,59,normal
2,jamming,medium,30,UAV-024,45,64,normal
2,jamming,medium,30,UAV-024,50,69,jamming
2,jamming,medium,30,UAV-024,55,74,jamming
2,jamming,medium,30,UAV-024,60,79,jamming
2,jamming,medium,30,UAV-024,65,84,jamming
2,jamming,medium,30,UAV-024,70,89,jamming
2,jamming,medium,30,UAV-024,75,94,jamming
2,jamming,medium,30,UAV-024,80,99,jamming
2,jamming,medium,30,UAV-024,85,104,jamming
2,jamming,medium,30,UAV-024,90,109,jamming
2,jamming,medium,30,UAV-024,95,114,jamming
2,jamming,medium,30,UAV-024,100,119,jamming
2,jamming,medium,30,UAV-024,105,124,jamming
2,jamming,medium,30,UAV-024,110,129,jamming
2,jamming,medium,30,UAV-024,115,134,jamming
2,jamming,medium,30,UAV-024,120,139,jamming
2,jamming,medium,30,UAV-024,125,144,jamming
2,jamming,medium,30,UAV-024,130,149,jamming
2,jamming,medium,30,UAV-024,135,154,jamming
2,jamming,medium,30,UAV-024,140,159,jamming
2,jamming,medium,30,UAV-024,145,164,jamming
2,jamming,medium,30,UAV-024,150,169,jamming
2,jamming,medium,30,UAV-024,155,174,jamming
2,jamming,medium,30,UAV-024,160,179,jamming
2,jamming,medium,30,UAV-024,165,184,jamming
2,jamming,medium,30,UAV-024,170,189,jamming
2,jamming,medium,30,UAV-024,175,194,normal
2,jamming,medium,30,UAV-024,180,199,normal
2,jamming,medium,30,UAV-024,185,204,normal
2,jamming,medium,30,UAV-024,190,209,normal
2,jamming,medium,30,UAV-024,195,214,normal
2,jamming,medium,30,UAV-024,200,219,normal
2,jamming,medium,30,UAV-024,205,224,normal
2,jamming,medium,30,UAV-024,210,229,normal
2,jamming,medium,30,UAV-024,215,234,normal
2,jamming,medium,30,UAV-024,220,239,normal
2,jamming_spoofing,high,20,UAV-016,0,19,normal
2,jamming_spoofing,high,20,UAV-016,5,24,normal
2,jamming_spoofing,high,20,UAV-016,10,29,normal
2,jamming_spoofing,high,20,UAV-016,15,34,normal
2,jamming_spoofing,high,20,UAV-016,20,39,normal
2,jamming_spoofing,high,20,UAV-016,25,44,normal
2,jamming_spoofing,high,20,UAV-016,30,49,normal
2,jamming_spoofing,high,20,UAV-016,35,54,normal
2,jamming_spoofing,high,20,UAV-016,40,59,normal
2,jamming_spoofing,high,20,UAV-016,45,64,normal
2,jamming_spoofing,high,20,UAV-016,50,69,jamming_spoofing
2,jamming_spoofing,high,20,UAV-016,55,74,jamming_spoofing
2,jamming_spoofing,high,20,UAV-016,60,79,jamming_spoofing
2,jamming_spoofing,high,20,UAV-016,65,84,jamming_spoofing
2,jamming_spoofing,high,20,UAV-016,70,89,jamming_spoofing
2,jamming_spoofing,high,20,UAV-016,75,94,jamming_spoofing
2,jamming_spoofing,high,20,UAV-016,80,99,jamming_spoofing
2,jamming_spoofing,high,20,UAV-016,85,104,jamming_spoofing
2,jamming_spoofing,high,20,UAV-016,90,109,jamming_spoofing
2,jamming_spoofing,high,20,UAV-016,95,114,jamming_spoofing
2,jamming_spoofing,high,20,UAV-016,100,119,jamming_spoofing
2,jamming_spoofing,high,20,UAV-016,105,124,jamming_spoofing
2,jamming_spoofing,high,20,UAV-016,110,129,jamming_spoofing
2,jamming_spoofing,high,20,UAV-016,115,134,jamming_spoofing
2,jamming_spoofing,high,20,UAV-016,120,139,jamming_spoofing
2,jamming_spoofing,high,20,UAV-016,125,144,jamming_spoofing
2,jamming_spoofing,high,20,UAV-016,130,149,jamming_spoofing
2,jamming_spoofing,high,20,UAV-016,135,154,jamming_spoofing
2,jamming_spoofing,high,20,UAV-016,140,159,jamming_spoofing
2,jamming_spoofing,high,20,UAV-016,145,164,jamming_spoofing
2,jamming_spoofing,high,20,UAV-016,150,169,jamming_spoofing
2,jamming_spoofing,high,20,UAV-016,155,174,jamming_spoofing
2,jamming_spoofing,high,20,UAV-016,160,179,jamming_spoofing
2,jamming_spoofing,high,20,UAV-016,165,184,jamming_spoofing
2,jamming_spoofing,high,20,UAV-016,170,189,jamming_spoofing
2,jamming_spoofing,high,20,UAV-016,175,194,normal
2,jamming_spoofing,high,20,UAV-016,180,199,normal
2,jamming_spoofing,high,20,UAV-016,185,204,normal
2,jamming_spoofing,high,20,UAV-016,190,209,normal
2,jamming_spoofing,high,20,UAV-016,195,214,normal
2,jamming_spoofing,high,20,UAV-016,200,219,normal
2,jamming_spoofing,high,20,UAV-016,205,224,normal
2,jamming_spoofing,high,20,UAV-016,210,229,normal
2,jamming_spoofing,high,20,UAV-016,215,234,normal
2,jamming_spoofing,high,20,UAV-016,220,239,normal
2,jamming_spoofing,high,30,UAV-019,0,19,normal
2,jamming_spoofing,high,30,UAV-019,5,24,normal
2,jamming_spoofing,high,30,UAV-019,10,29,normal
2,jamming_spoofing,high,30,UAV-019,15,34,normal
2,jamming_spoofing,high,30,UAV-019,20,39,normal
2,jamming_spoofing,high,30,UAV-019,25,44,normal
2,jamming_spoofing,high,30,UAV-019,30,49,normal
2,jamming_spoofing,high,30,UAV-019,35,54,normal
2,jamming_spoofing,high,30,UAV-019,40,59,normal
2,jamming_spoofing,high,30,UAV-019,45,64,normal
2,jamming_spoofing,high,30,UAV-019,50,69,jamming_spoofing
2,jamming_spoofing,high,30,UAV-019,55,74,jamming_spoofing
2,jamming_spoofing,high,30,UAV-019,60,79,jamming_spoofing
2,jamming_spoofing,high,30,UAV-019,65,84,jamming_spoofing
2,jamming_spoofing,high,30,UAV-019,70,89,jamming_spoofing
2,jamming_spoofing,high,30,UAV-019,75,94,jamming_spoofing
2,jamming_spoofing,high,30,UAV-019,80,99,jamming_spoofing
2,jamming_spoofing,high,30,UAV-019,85,104,jamming_spoofing
2,jamming_spoofing,high,30,UAV-019,90,109,jamming_spoofing
2,jamming_spoofing,high,30,UAV-019,95,114,jamming_spoofing
2,jamming_spoofing,high,30,UAV-019,100,119,jamming_spoofing
2,jamming_spoofing,high,30,UAV-019,105,124,jamming_spoofing
2,jamming_spoofing,high,30,UAV-019,110,129,jamming_spoofing
2,jamming_spoofing,high,30,UAV-019,115,134,jamming_spoofing
2,jamming_spoofing,high,30,UAV-019,120,139,jamming_spoofing
2,jamming_spoofing,high,30,UAV-019,125,144,jamming_spoofing
2,jamming_spoofing,high,30,UAV-019,130,149,jamming_spoofing
2,jamming_spoofing,high,30,UAV-019,135,154,jamming_spoofing
2,jamming_spoofing,high,30,UAV-019,140,159,jamming_spoofing
2,jamming_spoofing,high,30,UAV-019,145,164,jamming_spoofing
2,jamming_spoofing,high,30,UAV-019,150,169,jamming_spoofing
2,jamming_spoofing,high,30,UAV-019,155,174,jamming_spoofing
2,jamming_spoofing,high,30,UAV-019,160,179,jamming_spoofing
2,jamming_spoofing,high,30,UAV-019,165,184,jamming_spoofing
2,jamming_spoofing,high,30,UAV-019,170,189,jamming_spoofing
2,jamming_spoofing,high,30,UAV-019,175,194,jamming_spoofing
2,jamming_spoofing,high,30,UAV-019,180,199,normal
2,jamming_spoofing,high,30,UAV-019,185,204,normal
2,jamming_spoofing,high,30,UAV-019,190,209,normal
2,jamming_spoofing,high,30,UAV-019,195,214,normal
2,jamming_spoofing,high,30,UAV-019,200,219,normal
2,jamming_spoofing,high,30,UAV-019,205,224,normal
2,jamming_spoofing,high,30,UAV-019,210,229,normal
2,jamming_spoofing,high,30,UAV-019,215,234,normal
2,jamming_spoofing,high,30,UAV-019,220,239,normal
2,jamming_spoofing,low,20,UAV-014,0,19,normal
2,jamming_spoofing,low,20,UAV-014,5,24,normal
2,jamming_spoofing,low,20,UAV-014,10,29,normal
2,jamming_spoofing,low,20,UAV-014,15,34,normal
2,jamming_spoofing,low,20,UAV-014,20,39,normal
2,jamming_spoofing,low,20,UAV-014,25,44,normal
2,jamming_spoofing,low,20,UAV-014,30,49,normal
2,jamming_spoofing,low,20,UAV-014,35,54,normal
2,jamming_spoofing,low,20,UAV-014,40,59,normal
2,jamming_spoofing,low,20,UAV-014,45,64,normal
2,jamming_spoofing,low,20,UAV-014,50,69,normal
2,jamming_spoofing,low,20,UAV-014,55,74,jamming_spoofing
2,jamming_spoofing,low,20,UAV-014,60,79,jamming_spoofing
2,jamming_spoofing,low,20,UAV-014,65,84,jamming_spoofing
2,jamming_spoofing,low,20,UAV-014,70,89,jamming_spoofing
2,jamming_spoofing,low,20,UAV-014,75,94,jamming_spoofing
2,jamming_spoofing,low,20,UAV-014,80,99,jamming_spoofing
2,jamming_spoofing,low,20,UAV-014,85,104,jamming_spoofing
2,jamming_spoofing,low,20,UAV-014,90,109,jamming_spoofing
2,jamming_spoofing,low,20,UAV-014,95,114,jamming_spoofing
2,jamming_spoofing,low,20,UAV-014,100,119,jamming_spoofing
2,jamming_spoofing,low,20,UAV-014,105,124,jamming_spoofing
2,jamming_spoofing,low,20,UAV-014,110,129,normal
2,jamming_spoofing,low,20,UAV-014,115,134,normal
2,jamming_spoofing,low,20,UAV-014,120,139,normal
2,jamming_spoofing,low,20,UAV-014,125,144,jamming_spoofing
2,jamming_spoofing,low,20,UAV-014,130,149,jamming_spoofing
2,jamming_spoofing,low,20,UAV-014,135,154,jamming_spoofing
2,jamming_spoofing,low,20,UAV-014,140,159,jamming_spoofing
2,jamming_spoofing,low,20,UAV-014,145,164,jamming_spoofing
2,jamming_spoofing,low,20,UAV-014,150,169,jamming_spoofing
2,jamming_spoofing,low,20,UAV-014,155,174,jamming_spoofing
2,jamming_spoofing,low,20,UAV-014,160,179,jamming_spoofing
2,jamming_spoofing,low,20,UAV-014,165,184,normal
2,jamming_spoofing,low,20,UAV-014,170,189,normal
2,jamming_spoofing,low,20,UAV-014,175,194,normal
2,jamming_spoofing,low,20,UAV-014,180,199,normal
2,jamming_spoofing,low,20,UAV-014,185,204,normal
2,jamming_spoofing,low,20,UAV-014,190,209,normal
2,jamming_spoofing,low,20,UAV-014,195,214,normal
2,jamming_spoofing,low,20,UAV-014,200,219,normal
2,jamming_spoofing,low,20,UAV-014,205,224,normal
2,jamming_spoofing,low,20,UAV-014,210,229,normal
2,jamming_spoofing,low,20,UAV-014,215,234,normal
2,jamming_spoofing,low,20,UAV-014,220,239,normal
2,jamming_spoofing,low,30,UAV-003,0,19,normal
2,jamming_spoofing,low,30,UAV-003,5,24,normal
2,jamming_spoofing,low,30,UAV-003,10,29,normal
2,jamming_spoofing,low,30,UAV-003,15,34,normal
2,jamming_spoofing,low,30,UAV-003,20,39,normal
2,jamming_spoofing,low,30,UAV-003,25,44,normal
2,jamming_spoofing,low,30,UAV-003,30,49,normal
2,jamming_spoofing,low,30,UAV-003,35,54,normal
2,jamming_spoofing,low,30,UAV-003,40,59,normal
2,jamming_spoofing,low,30,UAV-003,45,64,normal
2,jamming_spoofing,low,30,UAV-003,50,69,normal
2,jamming_spoofing,low,30,UAV-003,55,74,jamming_spoofing
2,jamming_spoofing,low,30,UAV-003,60,79,jamming_spoofing
2,jamming_spoofing,low,30,UAV-003,65,84,jamming_spoofing
2,jamming_spoofing,low,30,UAV-003,70,89,jamming_spoofing
2,jamming_spoofing,low,30,UAV-003,75,94,jamming_spoofing
2,jamming_spoofing,low,30,UAV-003,80,99,jamming_spoofing
2,jamming_spoofing,low,30,UAV-003,85,104,jamming_spoofing
2,jamming_spoofing,low,30,UAV-003,90,109,jamming_spoofing
2,jamming_spoofing,low,30,UAV-003,95,114,jamming_spoofing
2,jamming_spoofing,low,30,UAV-003,100,119,jamming_spoofing
2,jamming_spoofing,low,30,UAV-003,105,124,jamming_spoofing
2,jamming_spoofing,low,30,UAV-003,110,129,jamming_spoofing
2,jamming_spoofing,low,30,UAV-003,115,134,jamming_spoofing
2,jamming_spoofing,low,30,UAV-003,120,139,normal
2,jamming_spoofing,low,30,UAV-003,125,144,normal
2,jamming_spoofing,low,30,UAV-003,130,149,normal
2,jamming_spoofing,low,30,UAV-003,135,154,normal
2,jamming_spoofing,low,30,UAV-003,140,159,normal
2,jamming_spoofing,low,30,UAV-003,145,164,normal
2,jamming_spoofing,low,30,UAV-003,150,169,normal
2,jamming_spoofing,low,30,UAV-003,155,174,jamming_spoofing
2,jamming_spoofing,low,30,UAV-003,160,179,jamming_spoofing
2,jamming_spoofing,low,30,UAV-003,165,184,jamming_spoofing
2,jamming_spoofing,low,30,UAV-003,170,189,normal
2,jamming_spoofing,low,30,UAV-003,175,194,normal
2,jamming_spoofing,low,30,UAV-003,180,199,normal
2,jamming_spoofing,low,30,UAV-003,185,204,normal
2,jamming_spoofing,low,30,UAV-003,190,209,normal
2,jamming_spoofing,low,30,UAV-003,195,214,normal
2,jamming_spoofing,low,30,UAV-003,200,219,normal
2,jamming_spoofing,low,30,UAV-003,205,224,normal
2,jamming_spoofing,low,30,UAV-003,210,229,normal
2,jamming_spoofing,low,30,UAV-003,215,234,normal
2,jamming_spoofing,low,30,UAV-003,220,239,normal
2,jamming_spoofing,low,30,UAV-029,0,19,normal
2,jamming_spoofing,low,30,UAV-029,5,24,normal
2,jamming_spoofing,low,30,UAV-029,10,29,normal
2,jamming_spoofing,low,30,UAV-029,15,34,normal
2,jamming_spoofing,low,30,UAV-029,20,39,normal
2,jamming_spoofing,low,30,UAV-029,25,44,normal
2,jamming_spoofing,low,30,UAV-029,30,49,normal
2,jamming_spoofing,low,30,UAV-029,35,54,normal
2,jamming_spoofing,low,30,UAV-029,40,59,normal
2,jamming_spoofing,low,30,UAV-029,45,64,normal
2,jamming_spoofing,low,30,UAV-029,50,69,jamming_spoofing
2,jamming_spoofing,low,30,UAV-029,55,74,jamming_spoofing
2,jamming_spoofing,low,30,UAV-029,60,79,jamming_spoofing
2,jamming_spoofing,low,30,UAV-029,65,84,jamming_spoofing
2,jamming_spoofing,low,30,UAV-029,70,89,jamming_spoofing
2,jamming_spoofing,low,30,UAV-029,75,94,jamming_spoofing
2,jamming_spoofing,low,30,UAV-029,80,99,jamming_spoofing
2,jamming_spoofing,low,30,UAV-029,85,104,jamming_spoofing
2,jamming_spoofing,low,30,UAV-029,90,109,jamming_spoofing
2,jamming_spoofing,low,30,UAV-029,95,114,jamming_spoofing
2,jamming_spoofing,low,30,UAV-029,100,119,jamming_spoofing
2,jamming_spoofing,low,30,UAV-029,105,124,jamming_spoofing
2,jamming_spoofing,low,30,UAV-029,110,129,jamming_spoofing
2,jamming_spoofing,low,30,UAV-029,115,134,jamming_spoofing
2,jamming_spoofing,low,30,UAV-029,120,139,jamming_spoofing
2,jamming_spoofing,low,30,UAV-029,125,144,jamming_spoofing
2,jamming_spoofing,low,30,UAV-029,130,149,jamming_spoofing
2,jamming_spoofing,low,30,UAV-029,135,154,jamming_spoofing
2,jamming_spoofing,low,30,UAV-029,140,159,jamming_spoofing
2,jamming_spoofing,low,30,UAV-029,145,164,jamming_spoofing
2,jamming_spoofing,low,30,UAV-029,150,169,jamming_spoofing
2,jamming_spoofing,low,30,UAV-029,155,174,jamming_spoofing
2,jamming_spoofing,low,30,UAV-029,160,179,jamming_spoofing
2,jamming_spoofing,low,30,UAV-029,165,184,jamming_spoofing
2,jamming_spoofing,low,30,UAV-029,170,189,normal
2,jamming_spoofing,low,30,UAV-029,175,194,normal
2,jamming_spoofing,low,30,UAV-029,180,199,normal
2,jamming_spoofing,low,30,UAV-029,185,204,normal
2,jamming_spoofing,low,30,UAV-029,190,209,normal
2,jamming_spoofing,low,30,UAV-029,195,214,normal
2,jamming_spoofing,low,30,UAV-029,200,219,normal
2,jamming_spoofing,low,30,UAV-029,205,224,normal
2,jamming_spoofing,low,30,UAV-029,210,229,normal
2,jamming_spoofing,low,30,UAV-029,215,234,normal
2,jamming_spoofing,low,30,UAV-029,220,239,normal
2,jamming_spoofing,low,30,UAV-030,0,19,normal
2,jamming_spoofing,low,30,UAV-030,5,24,normal
2,jamming_spoofing,low,30,UAV-030,10,29,normal
2,jamming_spoofing,low,30,UAV-030,15,34,normal
2,jamming_spoofing,low,30,UAV-030,20,39,normal
2,jamming_spoofing,low,30,UAV-030,25,44,normal
2,jamming_spoofing,low,30,UAV-030,30,49,normal
2,jamming_spoofing,low,30,UAV-030,35,54,normal
2,jamming_spoofing,low,30,UAV-030,40,59,normal
2,jamming_spoofing,low,30,UAV-030,45,64,normal
2,jamming_spoofing,low,30,UAV-030,50,69,normal
2,jamming_spoofing,low,30,UAV-030,55,74,normal
2,jamming_spoofing,low,30,UAV-030,60,79,jamming_spoofing
2,jamming_spoofing,low,30,UAV-030,65,84,jamming_spoofing
2,jamming_spoofing,low,30,UAV-030,70,89,jamming_spoofing
2,jamming_spoofing,low,30,UAV-030,75,94,jamming_spoofing
2,jamming_spoofing,low,30,UAV-030,80,99,jamming_spoofing
2,jamming_spoofing,low,30,UAV-030,85,104,jamming_spoofing
2,jamming_spoofing,low,30,UAV-030,90,109,jamming_spoofing
2,jamming_spoofing,low,30,UAV-030,95,114,jamming_spoofing
2,jamming_spoofing,low,30,UAV-030,100,119,jamming_spoofing
2,jamming_spoofing,low,30,UAV-030,105,124,jamming_spoofing
2,jamming_spoofing,low,30,UAV-030,110,129,jamming_spoofing
2,jamming_spoofing,low,30,UAV-030,115,134,jamming_spoofing
2,jamming_spoofing,low,30,UAV-030,120,139,jamming_spoofing
2,jamming_spoofing,low,30,UAV-030,125,144,jamming_spoofing
2,jamming_spoofing,low,30,UAV-030,130,149,jamming_spoofing
2,jamming_spoofing,low,30,UAV-030,135,154,jamming_spoofing
2,jamming_spoofing,low,30,UAV-030,140,159,jamming_spoofing
2,jamming_spoofing,low,30,UAV-030,145,164,jamming_spoofing
2,jamming_spoofing,low,30,UAV-030,150,169,jamming_spoofing
2,jamming_spoofing,low,30,UAV-030,155,174,jamming_spoofing
2,jamming_spoofing,low,30,UAV-030,160,179,jamming_spoofing
2,jamming_spoofing,low,30,UAV-030,165,184,jamming_spoofing
2,jamming_spoofing,low,30,UAV-030,170,189,jamming_spoofing
2,jamming_spoofing,low,30,UAV-030,175,194,normal
2,jamming_spoofing,low,30,UAV-030,180,199,normal
2,jamming_spoofing,low,30,UAV-030,185,204,normal
2,jamming_spoofing,low,30,UAV-030,190,209,normal
2,jamming_spoofing,low,30,UAV-030,195,214,normal
2,jamming_spoofing,low,30,UAV-030,200,219,normal
2,jamming_spoofing,low,30,UAV-030,205,224,normal
2,jamming_spoofing,low,30,UAV-030,210,229,normal
2,jamming_spoofing,low,30,UAV-030,215,234,normal
2,jamming_spoofing,low,30,UAV-030,220,239,normal
2,jamming_spoofing,medium,30,UAV-017,0,19,normal
2,jamming_spoofing,medium,30,UAV-017,5,24,normal
2,jamming_spoofing,medium,30,UAV-017,10,29,normal
2,jamming_spoofing,medium,30,UAV-017,15,34,normal
2,jamming_spoofing,medium,30,UAV-017,20,39,normal
2,jamming_spoofing,medium,30,UAV-017,25,44,normal
2,jamming_spoofing,medium,30,UAV-017,30,49,normal
2,jamming_spoofing,medium,30,UAV-017,35,54,normal
2,jamming_spoofing,medium,30,UAV-017,40,59,normal
2,jamming_spoofing,medium,30,UAV-017,45,64,normal
2,jamming_spoofing,medium,30,UAV-017,50,69,jamming_spoofing
2,jamming_spoofing,medium,30,UAV-017,55,74,jamming_spoofing
2,jamming_spoofing,medium,30,UAV-017,60,79,jamming_spoofing
2,jamming_spoofing,medium,30,UAV-017,65,84,jamming_spoofing
2,jamming_spoofing,medium,30,UAV-017,70,89,jamming_spoofing
2,jamming_spoofing,medium,30,UAV-017,75,94,jamming_spoofing
2,jamming_spoofing,medium,30,UAV-017,80,99,jamming_spoofing
2,jamming_spoofing,medium,30,UAV-017,85,104,jamming_spoofing
2,jamming_spoofing,medium,30,UAV-017,90,109,jamming_spoofing
2,jamming_spoofing,medium,30,UAV-017,95,114,jamming_spoofing
2,jamming_spoofing,medium,30,UAV-017,100,119,jamming_spoofing
2,jamming_spoofing,medium,30,UAV-017,105,124,jamming_spoofing
2,jamming_spoofing,medium,30,UAV-017,110,129,jamming_spoofing
2,jamming_spoofing,medium,30,UAV-017,115,134,jamming_spoofing
2,jamming_spoofing,medium,30,UAV-017,120,139,jamming_spoofing
2,jamming_spoofing,medium,30,UAV-017,125,144,jamming_spoofing
2,jamming_spoofing,medium,30,UAV-017,130,149,jamming_spoofing
2,jamming_spoofing,medium,30,UAV-017,135,154,jamming_spoofing
2,jamming_spoofing,medium,30,UAV-017,140,159,jamming_spoofing
2,jamming_spoofing,medium,30,UAV-017,145,164,jamming_spoofing
2,jamming_spoofing,medium,30,UAV-017,150,169,jamming_spoofing
2,jamming_spoofing,medium,30,UAV-017,155,174,jamming_spoofing
2,jamming_spoofing,medium,30,UAV-017,160,179,jamming_spoofing
2,jamming_spoofing,medium,30,UAV-017,165,184,jamming_spoofing
2,jamming_spoofing,medium,30,UAV-017,170,189,normal
2,jamming_spoofing,medium,30,UAV-017,175,194,normal
2,jamming_spoofing,medium,30,UAV-017,180,199,normal
2,jamming_spoofing,medium,30,UAV-017,185,204,normal
2,jamming_spoofing,medium,30,UAV-017,190,209,normal
2,jamming_spoofing,medium,30,UAV-017,195,214,normal
2,jamming_spoofing,medium,30,UAV-017,200,219,normal
2,jamming_spoofing,medium,30,UAV-017,205,224,normal
2,jamming_spoofing,medium,30,UAV-017,210,229,normal
2,jamming_spoofing,medium,30,UAV-017,215,234,normal
2,jamming_spoofing,medium,30,UAV-017,220,239,normal
2,jamming_tampering,high,20,UAV-001,0,19,normal
2,jamming_tampering,high,20,UAV-001,5,24,normal
2,jamming_tampering,high,20,UAV-001,10,29,normal
2,jamming_tampering,high,20,UAV-001,15,34,normal
2,jamming_tampering,high,20,UAV-001,20,39,normal
2,jamming_tampering,high,20,UAV-001,25,44,normal
2,jamming_tampering,high,20,UAV-001,30,49,normal
2,jamming_tampering,high,20,UAV-001,35,53,normal
2,jamming_tampering,high,20,UAV-001,40,58,normal
2,jamming_tampering,high,20,UAV-001,45,63,normal
2,jamming_tampering,high,20,UAV-001,50,68,jamming_tampering
2,jamming_tampering,high,20,UAV-001,54,71,jamming_tampering
2,jamming_tampering,high,20,UAV-001,59,76,jamming_tampering
2,jamming_tampering,high,20,UAV-001,64,81,jamming_tampering
2,jamming_tampering,high,20,UAV-001,69,87,jamming_tampering
2,jamming_tampering,high,20,UAV-001,72,92,jamming_tampering
2,jamming_tampering,high,20,UAV-001,77,98,jamming_tampering
2,jamming_tampering,high,20,UAV-001,82,103,jamming_tampering
2,jamming_tampering,high,20,UAV-001,88,108,jamming_tampering
2,jamming_tampering,high,20,UAV-001,92,114,jamming_tampering
2,jamming_tampering,high,20,UAV-001,100,119,jamming_tampering
2,jamming_tampering,high,20,UAV-001,104,124,jamming_tampering
2,jamming_tampering,high,20,UAV-001,109,130,jamming_tampering
2,jamming_tampering,high,20,UAV-001,115,135,jamming_tampering
2,jamming_tampering,high,20,UAV-001,120,139,jamming_tampering
2,jamming_tampering,high,20,UAV-001,125,145,jamming_tampering
2,jamming_tampering,high,20,UAV-001,131,150,jamming_tampering
2,jamming_tampering,high,20,UAV-001,135,155,jamming_tampering
2,jamming_tampering,high,20,UAV-001,140,158,jamming_tampering
2,jamming_tampering,high,20,UAV-001,146,163,jamming_tampering
2,jamming_tampering,high,20,UAV-001,151,169,jamming_tampering
2,jamming_tampering,high,20,UAV-001,155,175,jamming_tampering
2,jamming_tampering,high,20,UAV-001,159,181,jamming_tampering
2,jamming_tampering,high,20,UAV-001,164,185,jamming_tampering
2,jamming_tampering,high,20,UAV-001,170,190,jamming_tampering
2,jamming_tampering,high,20,UAV-001,176,195,normal
2,jamming_tampering,high,20,UAV-001,182,199,normal
2,jamming_tampering,high,20,UAV-001,186,204,normal
2,jamming_tampering,high,20,UAV-001,191,209,normal
2,jamming_tampering,high,20,UAV-001,196,214,normal
2,jamming_tampering,high,20,UAV-001,200,219,normal
2,jamming_tampering,high,20,UAV-001,205,224,normal
2,jamming_tampering,high,20,UAV-001,210,229,normal
2,jamming_tampering,high,20,UAV-001,215,234,normal
2,jamming_tampering,high,20,UAV-001,220,239,normal
2,jamming_tampering,high,30,UAV-020,0,19,normal
2,jamming_tampering,high,30,UAV-020,5,24,normal
2,jamming_tampering,high,30,UAV-020,10,29,normal
2,jamming_tampering,high,30,UAV-020,15,34,normal
2,jamming_tampering,high,30,UAV-020,20,39,normal
2,jamming_tampering,high,30,UAV-020,25,44,normal
2,jamming_tampering,high,30,UAV-020,30,48,normal
2,jamming_tampering,high,30,UAV-020,35,53,normal
2,jamming_tampering,high,30,UAV-020,40,57,normal
2,jamming_tampering,high,30,UAV-020,44,61,normal
2,jamming_tampering,high,30,UAV-020,49,68,jamming_tampering
2,jamming_tampering,high,30,UAV-020,54,73,jamming_tampering
2,jamming_tampering,high,30,UAV-020,58,77,jamming_tampering
2,jamming_tampering,high,30,UAV-020,62,83,jamming_tampering
2,jamming_tampering,high,30,UAV-020,69,87,jamming_tampering
2,jamming_tampering,high,30,UAV-020,74,92,jamming_tampering
2,jamming_tampering,high,30,UAV-020,77,98,jamming_tampering
2,jamming_tampering,high,30,UAV-020,84,102,jamming_tampering
2,jamming_tampering,high,30,UAV-020,88,110,jamming_tampering
2,jamming_tampering,high,30,UAV-020,93,117,jamming_tampering
2,jamming_tampering,high,30,UAV-020,99,120,jamming_tampering
2,jamming_tampering,high,30,UAV-020,104,126,jamming_tampering
2,jamming_tampering,high,30,UAV-020,111,130,jamming_tampering
2,jamming_tampering,high,30,UAV-020,118,134,jamming_tampering
2,jamming_tampering,high,30,UAV-020,121,138,jamming_tampering
2,jamming_tampering,high,30,UAV-020,127,143,jamming_tampering
2,jamming_tampering,high,30,UAV-020,131,149,jamming_tampering
2,jamming_tampering,high,30,UAV-020,135,154,jamming_tampering
2,jamming_tampering,high,30,UAV-020,139,158,jamming_tampering
2,jamming_tampering,high,30,UAV-020,144,164,jamming_tampering
2,jamming_tampering,high,30,UAV-020,150,169,jamming_tampering
2,jamming_tampering,high,30,UAV-020,155,175,jamming_tampering
2,jamming_tampering,high,30,UAV-020,159,181,jamming_tampering
2,jamming_tampering,high,30,UAV-020,165,185,jamming_tampering
2,jamming_tampering,high,30,UAV-020,171,190,normal
2,jamming_tampering,high,30,UAV-020,176,195,normal
2,jamming_tampering,high,30,UAV-020,182,200,normal
2,jamming_tampering,high,30,UAV-020,186,204,normal
2,jamming_tampering,high,30,UAV-020,191,209,normal
2,jamming_tampering,high,30,UAV-020,196,214,normal
2,jamming_tampering,high,30,UAV-020,201,219,normal
2,jamming_tampering,high,30,UAV-020,205,224,normal
2,jamming_tampering,high,30,UAV-020,210,229,normal
2,jamming_tampering,high,30,UAV-020,215,234,normal
2,jamming_tampering,high,30,UAV-020,220,239,normal
2,jamming_tampering,high,30,UAV-027,0,19,normal
2,jamming_tampering,high,30,UAV-027,5,24,normal
2,jamming_tampering,high,30,UAV-027,10,29,normal
2,jamming_tampering,high,30,UAV-027,15,34,normal
2,jamming_tampering,high,30,UAV-027,20,39,normal
2,jamming_tampering,high,30,UAV-027,25,44,normal
2,jamming_tampering,high,30,UAV-027,30,49,normal
2,jamming_tampering,high,30,UAV-027,35,54,normal
2,jamming_tampering,high,30,UAV-027,40,59,normal
2,jamming_tampering,high,30,UAV-027,45,63,normal
2,jamming_tampering,high,30,UAV-027,50,67,jamming_tampering
2,jamming_tampering,high,30,UAV-027,55,72,jamming_tampering
2,jamming_tampering,high,30,UAV-027,60,77,jamming_tampering
2,jamming_tampering,high,30,UAV-027,64,83,jamming_tampering
2,jamming_tampering,high,30,UAV-027,68,88,jamming_tampering
2,jamming_tampering,high,30,UAV-027,73,94,jamming_tampering
2,jamming_tampering,high,30,UAV-027,78,100,jamming_tampering
2,jamming_tampering,high,30,UAV-027,83,104,jamming_tampering
2,jamming_tampering,high,30,UAV-027,89,110,jamming_tampering
2,jamming_tampering,high,30,UAV-027,95,115,jamming_tampering
2,jamming_tampering,high,30,UAV-027,101,118,jamming_tampering
2,jamming_tampering,high,30,UAV-027,106,123,jamming_tampering
2,jamming_tampering,high,30,UAV-027,111,128,jamming_tampering
2,jamming_tampering,high,30,UAV-027,115,134,jamming_tampering
2,jamming_tampering,high,30,UAV-027,119,139,jamming_tampering
2,jamming_tampering,high,30,UAV-027,124,144,jamming_tampering
2,jamming_tampering,high,30,UAV-027,129,148,jamming_tampering
2,jamming_tampering,high,30,UAV-027,136,152,jamming_tampering
2,jamming_tampering,high,30,UAV-027,140,158,jamming_tampering
2,jamming_tampering,high,30,UAV-027,144,165,jamming_tampering
2,jamming_tampering,high,30,UAV-027,149,169,jamming_tampering
2,jamming_tampering,high,30,UAV-027,153,175,jamming_tampering
2,jamming_tampering,high,30,UAV-027,160,180,jamming_tampering
2,jamming_tampering,high,30,UAV-027,166,185,jamming_tampering
2,jamming_tampering,high,30,UAV-027,171,190,jamming_tampering
2,jamming_tampering,high,30,UAV-027,176,194,normal
2,jamming_tampering,high,30,UAV-027,181,199,normal
2,jamming_tampering,high,30,UAV-027,186,204,normal
2,jamming_tampering,high,30,UAV-027,191,209,normal
2,jamming_tampering,high,30,UAV-027,195,214,normal
2,jamming_tampering,high,30,UAV-027,200,219,normal
2,jamming_tampering,high,30,UAV-027,205,224,normal
2,jamming_tampering,high,30,UAV-027,210,229,normal
2,jamming_tampering,high,30,UAV-027,215,234,normal
2,jamming_tampering,high,30,UAV-027,220,239,normal
2,jamming_tampering,low,30,UAV-008,0,19,normal
2,jamming_tampering,low,30,UAV-008,5,24,normal
2,jamming_tampering,low,30,UAV-008,10,29,normal
2,jamming_tampering,low,30,UAV-008,15,34,normal
2,jamming_tampering,low,30,UAV-008,20,39,normal
2,jamming_tampering,low,30,UAV-008,25,44,normal
2,jamming_tampering,low,30,UAV-008,30,49,normal
2,jamming_tampering,low,30,UAV-008,35,54,normal
2,jamming_tampering,low,30,UAV-008,40,59,normal
2,jamming_tampering,low,30,UAV-008,45,64,normal
2,jamming_tampering,low,30,UAV-008,50,69,normal
2,jamming_tampering,low,30,UAV-008,55,74,normal
2,jamming_tampering,low,30,UAV-008,60,79,normal
2,jamming_tampering,low,30,UAV-008,65,84,normal
2,jamming_tampering,low,30,UAV-008,70,89,normal
2,jamming_tampering,low,30,UAV-008,75,94,normal
2,jamming_tampering,low,30,UAV-008,80,99,normal
2,jamming_tampering,low,30,UAV-008,85,104,normal
2,jamming_tampering,low,30,UAV-008,90,109,jamming_tampering
2,jamming_tampering,low,30,UAV-008,95,113,jamming_tampering
2,jamming_tampering,low,30,UAV-008,100,119,jamming_tampering
2,jamming_tampering,low,30,UAV-008,105,124,jamming_tampering
2,jamming_tampering,low,30,UAV-008,110,129,jamming_tampering
2,jamming_tampering,low,30,UAV-008,114,134,normal
2,jamming_tampering,low,30,UAV-008,120,139,normal
2,jamming_tampering,low,30,UAV-008,125,144,normal
2,jamming_tampering,low,30,UAV-008,130,148,normal
2,jamming_tampering,low,30,UAV-008,135,152,jamming_tampering
2,jamming_tampering,low,30,UAV-008,140,158,jamming_tampering
2,jamming_tampering,low,30,UAV-008,145,164,normal
2,jamming_tampering,low,30,UAV-008,149,169,normal
2,jamming_tampering,low,30,UAV-008,153,174,jamming_tampering
2,jamming_tampering,low,30,UAV-008,160,179,jamming_tampering
2,jamming_tampering,low,30,UAV-008,165,184,jamming_tampering
2,jamming_tampering,low,30,UAV-008,170,189,jamming_tampering
2,jamming_tampering,low,30,UAV-008,175,194,normal
2,jamming_tampering,low,30,UAV-008,180,199,normal
2,jamming_tampering,low,30,UAV-008,185,204,normal
2,jamming_tampering,low,30,UAV-008,190,209,normal
2,jamming_tampering,low,30,UAV-008,195,214,normal
2,jamming_tampering,low,30,UAV-008,200,219,normal
2,jamming_tampering,low,30,UAV-008,205,224,normal
2,jamming_tampering,low,30,UAV-008,210,229,normal
2,jamming_tampering,low,30,UAV-008,215,234,normal
2,jamming_tampering,low,30,UAV-008,220,239,normal
2,jamming_tampering,medium,20,UAV-010,0,19,normal
2,jamming_tampering,medium,20,UAV-010,5,24,normal
2,jamming_tampering,medium,20,UAV-010,10,29,normal
2,jamming_tampering,medium,20,UAV-010,15,34,normal
2,jamming_tampering,medium,20,UAV-010,20,39,normal
2,jamming_tampering,medium,20,UAV-010,25,44,normal
2,jamming_tampering,medium,20,UAV-010,30,49,normal
2,jamming_tampering,medium,20,UAV-010,35,53,normal
2,jamming_tampering,medium,20,UAV-010,40,58,normal
2,jamming_tampering,medium,20,UAV-010,45,64,normal
2,jamming_tampering,medium,20,UAV-010,50,69,jamming_tampering
2,jamming_tampering,medium,20,UAV-010,54,73,jamming_tampering
2,jamming_tampering,medium,20,UAV-010,59,79,jamming_tampering
2,jamming_tampering,medium,20,UAV-010,65,84,jamming_tampering
2,jamming_tampering,medium,20,UAV-010,70,88,jamming_tampering
2,jamming_tampering,medium,20,UAV-010,74,93,jamming_tampering
2,jamming_tampering,medium,20,UAV-010,79,99,jamming_tampering
2,jamming_tampering,medium,20,UAV-010,86,103,jamming_tampering
2,jamming_tampering,medium,20,UAV-010,89,108,jamming_tampering
2,jamming_tampering,medium,20,UAV-010,94,114,jamming_tampering
2,jamming_tampering,medium,20,UAV-010,100,119,jamming_tampering
2,jamming_tampering,medium,20,UAV-010,104,125,jamming_tampering
2,jamming_tampering,medium,20,UAV-010,109,132,jamming_tampering
2,jamming_tampering,medium,20,UAV-010,115,136,jamming_tampering
2,jamming_tampering,medium,20,UAV-010,120,140,jamming_tampering
2,jamming_tampering,medium,20,UAV-010,126,143,jamming_tampering
2,jamming_tampering,medium,20,UAV-010,133,149,jamming_tampering
2,jamming_tampering,medium,20,UAV-010,137,155,jamming_tampering
2,jamming_tampering,medium,20,UAV-010,140,159,jamming_tampering
2,jamming_tampering,medium,20,UAV-010,144,165,jamming_tampering
2,jamming_tampering,medium,20,UAV-010,150,170,jamming_tampering
2,jamming_tampering,medium,20,UAV-010,156,175,jamming_tampering
2,jamming_tampering,medium,20,UAV-010,161,179,jamming_tampering
2,jamming_tampering,medium,20,UAV-010,166,184,normal
2,jamming_tampering,medium,20,UAV-010,171,189,normal
2,jamming_tampering,medium,20,UAV-010,176,194,normal
2,jamming_tampering,medium,20,UAV-010,180,199,normal
2,jamming_tampering,medium,20,UAV-010,185,204,normal
2,jamming_tampering,medium,20,UAV-010,190,209,normal
2,jamming_tampering,medium,20,UAV-010,195,214,normal
2,jamming_tampering,medium,20,UAV-010,200,219,normal
2,jamming_tampering,medium,20,UAV-010,205,224,normal
2,jamming_tampering,medium,20,UAV-010,210,229,normal
2,jamming_tampering,medium,20,UAV-010,215,234,normal
2,jamming_tampering,medium,20,UAV-010,220,239,normal
2,normal,none,30,UAV-018,0,19,normal
2,normal,none,30,UAV-018,5,24,normal
2,normal,none,30,UAV-018,10,29,normal
2,normal,none,30,UAV-018,15,34,normal
2,normal,none,30,UAV-018,20,39,normal
2,normal,none,30,UAV-018,25,44,normal
2,normal,none,30,UAV-018,30,49,normal
2,normal,none,30,UAV-018,35,54,normal
2,normal,none,30,UAV-018,40,59,normal
2,normal,none,30,UAV-018,45,64,normal
2,normal,none,30,UAV-018,50,69,normal
2,normal,none,30,UAV-018,55,74,normal
2,normal,none,30,UAV-018,60,79,normal
2,normal,none,30,UAV-018,65,84,normal
2,normal,none,30,UAV-018,70,89,normal
2,normal,none,30,UAV-018,75,94,normal
2,normal,none,30,UAV-018,80,99,normal
2,normal,none,30,UAV-018,85,104,normal
2,normal,none,30,UAV-018,90,109,normal
2,normal,none,30,UAV-018,95,114,normal
2,normal,none,30,UAV-018,100,119,normal
2,normal,none,30,UAV-018,105,124,normal
2,normal,none,30,UAV-018,110,129,normal
2,normal,none,30,UAV-018,115,134,normal
2,normal,none,30,UAV-018,120,139,normal
2,normal,none,30,UAV-018,125,144,normal
2,normal,none,30,UAV-018,130,149,normal
2,normal,none,30,UAV-018,135,154,normal
2,normal,none,30,UAV-018,140,159,normal
2,normal,none,30,UAV-018,145,164,normal
2,normal,none,30,UAV-018,150,169,normal
2,normal,none,30,UAV-018,155,174,normal
2,normal,none,30,UAV-018,160,179,normal
2,normal,none,30,UAV-018,165,184,normal
2,normal,none,30,UAV-018,170,189,normal
2,normal,none,30,UAV-018,175,194,normal
2,normal,none,30,UAV-018,180,199,normal
2,normal,none,30,UAV-018,185,204,normal
2,normal,none,30,UAV-018,190,209,normal
2,normal,none,30,UAV-018,195,214,normal
2,normal,none,30,UAV-018,200,219,normal
2,normal,none,30,UAV-018,205,224,normal
2,normal,none,30,UAV-018,210,229,normal
2,normal,none,30,UAV-018,215,234,normal
2,normal,none,30,UAV-018,220,239,normal
2,normal,none,30,UAV-029,0,19,normal
2,normal,none,30,UAV-029,5,24,normal
2,normal,none,30,UAV-029,10,29,normal
2,normal,none,30,UAV-029,15,34,normal
2,normal,none,30,UAV-029,20,39,normal
2,normal,none,30,UAV-029,25,44,normal
2,normal,none,30,UAV-029,30,49,normal
2,normal,none,30,UAV-029,35,54,normal
2,normal,none,30,UAV-029,40,59,normal
2,normal,none,30,UAV-029,45,64,normal
2,normal,none,30,UAV-029,50,69,normal
2,normal,none,30,UAV-029,55,74,normal
2,normal,none,30,UAV-029,60,79,normal
2,normal,none,30,UAV-029,65,84,normal
2,normal,none,30,UAV-029,70,89,normal
2,normal,none,30,UAV-029,75,94,normal
2,normal,none,30,UAV-029,80,99,normal
2,normal,none,30,UAV-029,85,104,normal
2,normal,none,30,UAV-029,90,109,normal
2,normal,none,30,UAV-029,95,114,normal
2,normal,none,30,UAV-029,100,119,normal
2,normal,none,30,UAV-029,105,124,normal
2,normal,none,30,UAV-029,110,129,normal
2,normal,none,30,UAV-029,115,134,normal
2,normal,none,30,UAV-029,120,139,normal
2,normal,none,30,UAV-029,125,144,normal
2,normal,none,30,UAV-029,130,149,normal
2,normal,none,30,UAV-029,135,154,normal
2,normal,none,30,UAV-029,140,159,normal
2,normal,none,30,UAV-029,145,164,normal
2,normal,none,30,UAV-029,150,169,normal
2,normal,none,30,UAV-029,155,174,normal
2,normal,none,30,UAV-029,160,179,normal
2,normal,none,30,UAV-029,165,184,normal
2,normal,none,30,UAV-029,170,189,normal
2,normal,none,30,UAV-029,175,194,normal
2,normal,none,30,UAV-029,180,199,normal
2,normal,none,30,UAV-029,185,204,normal
2,normal,none,30,UAV-029,190,209,normal
2,normal,none,30,UAV-029,195,214,normal
2,normal,none,30,UAV-029,200,219,normal
2,normal,none,30,UAV-029,205,224,normal
2,normal,none,30,UAV-029,210,229,normal
2,normal,none,30,UAV-029,215,234,normal
2,normal,none,30,UAV-029,220,239,normal
2,spoofing,high,20,UAV-012,0,19,normal
2,spoofing,high,20,UAV-012,5,24,normal
2,spoofing,high,20,UAV-012,10,29,normal
2,spoofing,high,20,UAV-012,15,34,normal
2,spoofing,high,20,UAV-012,20,39,normal
2,spoofing,high,20,UAV-012,25,44,normal
2,spoofing,high,20,UAV-012,30,49,normal
2,spoofing,high,20,UAV-012,35,54,normal
2,spoofing,high,20,UAV-012,40,59,normal
2,spoofing,high,20,UAV-012,45,64,normal
2,spoofing,high,20,UAV-012,50,69,spoofing
2,spoofing,high,20,UAV-012,55,74,spoofing
2,spoofing,high,20,UAV-012,60,79,spoofing
2,spoofing,high,20,UAV-012,65,84,spoofing
2,spoofing,high,20,UAV-012,70,89,spoofing
2,spoofing,high,20,UAV-012,75,94,spoofing
2,spoofing,high,20,UAV-012,80,99,spoofing
2,spoofing,high,20,UAV-012,85,104,spoofing
2,spoofing,high,20,UAV-012,90,109,spoofing
2,spoofing,high,20,UAV-012,95,114,spoofing
2,spoofing,high,20,UAV-012,100,119,spoofing
2,spoofing,high,20,UAV-012,105,124,spoofing
2,spoofing,high,20,UAV-012,110,129,spoofing
2,spoofing,high,20,UAV-012,115,134,spoofing
2,spoofing,high,20,UAV-012,120,139,spoofing
2,spoofing,high,20,UAV-012,125,144,spoofing
2,spoofing,high,20,UAV-012,130,149,spoofing
2,spoofing,high,20,UAV-012,135,154,spoofing
2,spoofing,high,20,UAV-012,140,159,spoofing
2,spoofing,high,20,UAV-012,145,164,spoofing
2,spoofing,high,20,UAV-012,150,169,spoofing
2,spoofing,high,20,UAV-012,155,174,spoofing
2,spoofing,high,20,UAV-012,160,179,spoofing
2,spoofing,high,20,UAV-012,165,184,spoofing
2,spoofing,high,20,UAV-012,170,189,spoofing
2,spoofing,high,20,UAV-012,175,194,normal
2,spoofing,high,20,UAV-012,180,199,normal
2,spoofing,high,20,UAV-012,185,204,normal
2,spoofing,high,20,UAV-012,190,209,normal
2,spoofing,high,20,UAV-012,195,214,normal
2,spoofing,high,20,UAV-012,200,219,normal
2,spoofing,high,20,UAV-012,205,224,normal
2,spoofing,high,20,UAV-012,210,229,normal
2,spoofing,high,20,UAV-012,215,234,normal
2,spoofing,high,20,UAV-012,220,239,normal
2,spoofing,high,30,UAV-006,0,19,normal
2,spoofing,high,30,UAV-006,5,24,normal
2,spoofing,high,30,UAV-006,10,29,normal
2,spoofing,high,30,UAV-006,15,34,normal
2,spoofing,high,30,UAV-006,20,39,normal
2,spoofing,high,30,UAV-006,25,44,normal
2,spoofing,high,30,UAV-006,30,49,normal
2,spoofing,high,30,UAV-006,35,54,normal
2,spoofing,high,30,UAV-006,40,59,normal
2,spoofing,high,30,UAV-006,45,64,normal
2,spoofing,high,30,UAV-006,50,69,spoofing
2,spoofing,high,30,UAV-006,55,74,spoofing
2,spoofing,high,30,UAV-006,60,79,spoofing
2,spoofing,high,30,UAV-006,65,84,spoofing
2,spoofing,high,30,UAV-006,70,89,spoofing
2,spoofing,high,30,UAV-006,75,94,spoofing
2,spoofing,high,30,UAV-006,80,99,spoofing
2,spoofing,high,30,UAV-006,85,104,spoofing
2,spoofing,high,30,UAV-006,90,109,spoofing
2,spoofing,high,30,UAV-006,95,114,spoofing
2,spoofing,high,30,UAV-006,100,119,spoofing
2,spoofing,high,30,UAV-006,105,124,spoofing
2,spoofing,high,30,UAV-006,110,129,spoofing
2,spoofing,high,30,UAV-006,115,134,spoofing
2,spoofing,high,30,UAV-006,120,139,spoofing
2,spoofing,high,30,UAV-006,125,144,spoofing
2,spoofing,high,30,UAV-006,130,149,spoofing
2,spoofing,high,30,UAV-006,135,154,spoofing
2,spoofing,high,30,UAV-006,140,159,spoofing
2,spoofing,high,30,UAV-006,145,164,spoofing
2,spoofing,high,30,UAV-006,150,169,spoofing
2,spoofing,high,30,UAV-006,155,174,spoofing
2,spoofing,high,30,UAV-006,160,179,spoofing
2,spoofing,high,30,UAV-006,165,184,spoofing
2,spoofing,high,30,UAV-006,170,189,spoofing
2,spoofing,high,30,UAV-006,175,194,spoofing
2,spoofing,high,30,UAV-006,180,199,normal
2,spoofing,high,30,UAV-006,185,204,normal
2,spoofing,high,30,UAV-006,190,209,normal
2,spoofing,high,30,UAV-006,195,214,normal
2,spoofing,high,30,UAV-006,200,219,normal
2,spoofing,high,30,UAV-006,205,224,normal
2,spoofing,high,30,UAV-006,210,229,normal
2,spoofing,high,30,UAV-006,215,234,normal
2,spoofing,high,30,UAV-006,220,239,normal
2,spoofing,low,10,UAV-009,0,19,normal
2,spoofing,low,10,UAV-009,5,24,normal
2,spoofing,low,10,UAV-009,10,29,normal
2,spoofing,low,10,UAV-009,15,34,normal
2,spoofing,low,10,UAV-009,20,39,normal
2,spoofing,low,10,UAV-009,25,44,normal
2,spoofing,low,10,UAV-009,30,49,normal
2,spoofing,low,10,UAV-009,35,54,normal
2,spoofing,low,10,UAV-009,40,59,normal
2,spoofing,low,10,UAV-009,45,64,normal
2,spoofing,low,10,UAV-009,50,69,normal
2,spoofing,low,10,UAV-009,55,74,normal
2,spoofing,low,10,UAV-009,60,79,spoofing
2,spoofing,low,10,UAV-009,65,84,normal
2,spoofing,low,10,UAV-009,70,89,spoofing
2,spoofing,low,10,UAV-009,75,94,spoofing
2,spoofing,low,10,UAV-009,80,99,spoofing
2,spoofing,low,10,UAV-009,85,104,spoofing
2,spoofing,low,10,UAV-009,90,109,spoofing
2,spoofing,low,10,UAV-009,95,114,spoofing
2,spoofing,low,10,UAV-009,100,119,spoofing
2,spoofing,low,10,UAV-009,105,124,spoofing
2,spoofing,low,10,UAV-009,110,129,spoofing
2,spoofing,low,10,UAV-009,115,134,spoofing
2,spoofing,low,10,UAV-009,120,139,spoofing
2,spoofing,low,10,UAV-009,125,144,spoofing
2,spoofing,low,10,UAV-009,130,149,spoofing
2,spoofing,low,10,UAV-009,135,154,spoofing
2,spoofing,low,10,UAV-009,140,159,spoofing
2,spoofing,low,10,UAV-009,145,164,spoofing
2,spoofing,low,10,UAV-009,150,169,normal
2,spoofing,low,10,UAV-009,155,174,normal
2,spoofing,low,10,UAV-009,160,179,normal
2,spoofing,low,10,UAV-009,165,184,normal
2,spoofing,low,10,UAV-009,170,189,normal
2,spoofing,low,10,UAV-009,175,194,normal
2,spoofing,low,10,UAV-009,180,199,normal
2,spoofing,low,10,UAV-009,185,204,normal
2,spoofing,low,10,UAV-009,190,209,normal
2,spoofing,low,10,UAV-009,195,214,normal
2,spoofing,low,10,UAV-009,200,219,normal
2,spoofing,low,10,UAV-009,205,224,normal
2,spoofing,low,10,UAV-009,210,229,normal
2,spoofing,low,10,UAV-009,215,234,normal
2,spoofing,low,10,UAV-009,220,239,normal
2,spoofing,low,30,UAV-024,0,19,normal
2,spoofing,low,30,UAV-024,5,24,normal
2,spoofing,low,30,UAV-024,10,29,normal
2,spoofing,low,30,UAV-024,15,34,normal
2,spoofing,low,30,UAV-024,20,39,normal
2,spoofing,low,30,UAV-024,25,44,normal
2,spoofing,low,30,UAV-024,30,49,normal
2,spoofing,low,30,UAV-024,35,54,normal
2,spoofing,low,30,UAV-024,40,59,normal
2,spoofing,low,30,UAV-024,45,64,normal
2,spoofing,low,30,UAV-024,50,69,normal
2,spoofing,low,30,UAV-024,55,74,spoofing
2,spoofing,low,30,UAV-024,60,79,spoofing
2,spoofing,low,30,UAV-024,65,84,normal
2,spoofing,low,30,UAV-024,70,89,spoofing
2,spoofing,low,30,UAV-024,75,94,normal
2,spoofing,low,30,UAV-024,80,99,spoofing
2,spoofing,low,30,UAV-024,85,104,spoofing
2,spoofing,low,30,UAV-024,90,109,normal
2,spoofing,low,30,UAV-024,95,114,normal
2,spoofing,low,30,UAV-024,100,119,spoofing
2,spoofing,low,30,UAV-024,105,124,spoofing
2,spoofing,low,30,UAV-024,110,129,spoofing
2,spoofing,low,30,UAV-024,115,134,spoofing
2,spoofing,low,30,UAV-024,120,139,spoofing
2,spoofing,low,30,UAV-024,125,144,spoofing
2,spoofing,low,30,UAV-024,130,149,spoofing
2,spoofing,low,30,UAV-024,135,154,spoofing
2,spoofing,low,30,UAV-024,140,159,normal
2,spoofing,low,30,UAV-024,145,164,normal
2,spoofing,low,30,UAV-024,150,169,normal
2,spoofing,low,30,UAV-024,155,174,spoofing
2,spoofing,low,30,UAV-024,160,179,spoofing
2,spoofing,low,30,UAV-024,165,184,spoofing
2,spoofing,low,30,UAV-024,170,189,normal
2,spoofing,low,30,UAV-024,175,194,normal
2,spoofing,low,30,UAV-024,180,199,normal
2,spoofing,low,30,UAV-024,185,204,normal
2,spoofing,low,30,UAV-024,190,209,normal
2,spoofing,low,30,UAV-024,195,214,normal
2,spoofing,low,30,UAV-024,200,219,normal
2,spoofing,low,30,UAV-024,205,224,normal
2,spoofing,low,30,UAV-024,210,229,normal
2,spoofing,low,30,UAV-024,215,234,normal
2,spoofing,low,30,UAV-024,220,239,normal
2,spoofing,medium,30,UAV-009,0,19,normal
2,spoofing,medium,30,UAV-009,5,24,normal
2,spoofing,medium,30,UAV-009,10,29,normal
2,spoofing,medium,30,UAV-009,15,34,normal
2,spoofing,medium,30,UAV-009,20,39,normal
2,spoofing,medium,30,UAV-009,25,44,normal
2,spoofing,medium,30,UAV-009,30,49,normal
2,spoofing,medium,30,UAV-009,35,54,normal
2,spoofing,medium,30,UAV-009,40,59,normal
2,spoofing,medium,30,UAV-009,45,64,normal
2,spoofing,medium,30,UAV-009,50,69,spoofing
2,spoofing,medium,30,UAV-009,55,74,spoofing
2,spoofing,medium,30,UAV-009,60,79,spoofing
2,spoofing,medium,30,UAV-009,65,84,spoofing
2,spoofing,medium,30,UAV-009,70,89,spoofing
2,spoofing,medium,30,UAV-009,75,94,spoofing
2,spoofing,medium,30,UAV-009,80,99,spoofing
2,spoofing,medium,30,UAV-009,85,104,spoofing
2,spoofing,medium,30,UAV-009,90,109,spoofing
2,spoofing,medium,30,UAV-009,95,114,spoofing
2,spoofing,medium,30,UAV-009,100,119,spoofing
2,spoofing,medium,30,UAV-009,105,124,spoofing
2,spoofing,medium,30,UAV-009,110,129,spoofing
2,spoofing,medium,30,UAV-009,115,134,spoofing
2,spoofing,medium,30,UAV-009,120,139,spoofing
2,spoofing,medium,30,UAV-009,125,144,spoofing
2,spoofing,medium,30,UAV-009,130,149,spoofing
2,spoofing,medium,30,UAV-009,135,154,spoofing
2,spoofing,medium,30,UAV-009,140,159,spoofing
2,spoofing,medium,30,UAV-009,145,164,spoofing
2,spoofing,medium,30,UAV-009,150,169,spoofing
2,spoofing,medium,30,UAV-009,155,174,spoofing
2,spoofing,medium,30,UAV-009,160,179,spoofing
2,spoofing,medium,30,UAV-009,165,184,spoofing
2,spoofing,medium,30,UAV-009,170,189,normal
2,spoofing,medium,30,UAV-009,175,194,normal
2,spoofing,medium,30,UAV-009,180,199,normal
2,spoofing,medium,30,UAV-009,185,204,normal
2,spoofing,medium,30,UAV-009,190,209,normal
2,spoofing,medium,30,UAV-009,195,214,normal
2,spoofing,medium,30,UAV-009,200,219,normal
2,spoofing,medium,30,UAV-009,205,224,normal
2,spoofing,medium,30,UAV-009,210,229,normal
2,spoofing,medium,30,UAV-009,215,234,normal
2,spoofing,medium,30,UAV-009,220,239,normal
2,spoofing,medium,30,UAV-020,0,19,normal
2,spoofing,medium,30,UAV-020,5,24,normal
2,spoofing,medium,30,UAV-020,10,29,normal
2,spoofing,medium,30,UAV-020,15,34,normal
2,spoofing,medium,30,UAV-020,20,39,normal
2,spoofing,medium,30,UAV-020,25,44,normal
2,spoofing,medium,30,UAV-020,30,49,normal
2,spoofing,medium,30,UAV-020,35,54,normal
2,spoofing,medium,30,UAV-020,40,59,normal
2,spoofing,medium,30,UAV-020,45,64,normal
2,spoofing,medium,30,UAV-020,50,69,spoofing
2,spoofing,medium,30,UAV-020,55,74,spoofing
2,spoofing,medium,30,UAV-020,60,79,spoofing
2,spoofing,medium,30,UAV-020,65,84,spoofing
2,spoofing,medium,30,UAV-020,70,89,spoofing
2,spoofing,medium,30,UAV-020,75,94,spoofing
2,spoofing,medium,30,UAV-020,80,99,spoofing
2,spoofing,medium,30,UAV-020,85,104,spoofing
2,spoofing,medium,30,UAV-020,90,109,spoofing
2,spoofing,medium,30,UAV-020,95,114,spoofing
2,spoofing,medium,30,UAV-020,100,119,spoofing
2,spoofing,medium,30,UAV-020,105,124,spoofing
2,spoofing,medium,30,UAV-020,110,129,spoofing
2,spoofing,medium,30,UAV-020,115,134,spoofing
2,spoofing,medium,30,UAV-020,120,139,spoofing
2,spoofing,medium,30,UAV-020,125,144,spoofing
2,spoofing,medium,30,UAV-020,130,149,spoofing
2,spoofing,medium,30,UAV-020,135,154,spoofing
2,spoofing,medium,30,UAV-020,140,159,spoofing
2,spoofing,medium,30,UAV-020,145,164,spoofing
2,spoofing,medium,30,UAV-020,150,169,spoofing
2,spoofing,medium,30,UAV-020,155,174,spoofing
2,spoofing,medium,30,UAV-020,160,179,spoofing
2,spoofing,medium,30,UAV-020,165,184,spoofing
2,spoofing,medium,30,UAV-020,170,189,spoofing
2,spoofing,medium,30,UAV-020,175,194,normal
2,spoofing,medium,30,UAV-020,180,199,normal
2,spoofing,medium,30,UAV-020,185,204,normal
2,spoofing,medium,30,UAV-020,190,209,normal
2,spoofing,medium,30,UAV-020,195,214,normal
2,spoofing,medium,30,UAV-020,200,219,normal
2,spoofing,medium,30,UAV-020,205,224,normal
2,spoofing,medium,30,UAV-020,210,229,normal
2,spoofing,medium,30,UAV-020,215,234,normal
2,spoofing,medium,30,UAV-020,220,239,normal
2,spoofing,medium,30,UAV-021,0,19,normal
2,spoofing,medium,30,UAV-021,5,24,normal
2,spoofing,medium,30,UAV-021,10,29,normal
2,spoofing,medium,30,UAV-021,15,34,normal
2,spoofing,medium,30,UAV-021,20,39,normal
2,spoofing,medium,30,UAV-021,25,44,normal
2,spoofing,medium,30,UAV-021,30,49,normal
2,spoofing,medium,30,UAV-021,35,54,normal
2,spoofing,medium,30,UAV-021,40,59,normal
2,spoofing,medium,30,UAV-021,45,64,normal
2,spoofing,medium,30,UAV-021,50,69,normal
2,spoofing,medium,30,UAV-021,55,74,spoofing
2,spoofing,medium,30,UAV-021,60,79,spoofing
2,spoofing,medium,30,UAV-021,65,84,spoofing
2,spoofing,medium,30,UAV-021,70,89,spoofing
2,spoofing,medium,30,UAV-021,75,94,spoofing
2,spoofing,medium,30,UAV-021,80,99,spoofing
2,spoofing,medium,30,UAV-021,85,104,spoofing
2,spoofing,medium,30,UAV-021,90,109,spoofing
2,spoofing,medium,30,UAV-021,95,114,spoofing
2,spoofing,medium,30,UAV-021,100,119,spoofing
2,spoofing,medium,30,UAV-021,105,124,spoofing
2,spoofing,medium,30,UAV-021,110,129,spoofing
2,spoofing,medium,30,UAV-021,115,134,spoofing
2,spoofing,medium,30,UAV-021,120,139,spoofing
2,spoofing,medium,30,UAV-021,125,144,spoofing
2,spoofing,medium,30,UAV-021,130,149,spoofing
2,spoofing,medium,30,UAV-021,135,154,spoofing
2,spoofing,medium,30,UAV-021,140,159,spoofing
2,spoofing,medium,30,UAV-021,145,164,spoofing
2,spoofing,medium,30,UAV-021,150,169,spoofing
2,spoofing,medium,30,UAV-021,155,174,spoofing
2,spoofing,medium,30,UAV-021,160,179,spoofing
2,spoofing,medium,30,UAV-021,165,184,spoofing
2,spoofing,medium,30,UAV-021,170,189,normal
2,spoofing,medium,30,UAV-021,175,194,normal
2,spoofing,medium,30,UAV-021,180,199,normal
2,spoofing,medium,30,UAV-021,185,204,normal
2,spoofing,medium,30,UAV-021,190,209,normal
2,spoofing,medium,30,UAV-021,195,214,normal
2,spoofing,medium,30,UAV-021,200,219,normal
2,spoofing,medium,30,UAV-021,205,224,normal
2,spoofing,medium,30,UAV-021,210,229,normal
2,spoofing,medium,30,UAV-021,215,234,normal
2,spoofing,medium,30,UAV-021,220,239,normal
2,spoofing_tampering,high,20,UAV-005,0,19,normal
2,spoofing_tampering,high,20,UAV-005,5,24,normal
2,spoofing_tampering,high,20,UAV-005,10,29,normal
2,spoofing_tampering,high,20,UAV-005,15,34,normal
2,spoofing_tampering,high,20,UAV-005,20,39,normal
2,spoofing_tampering,high,20,UAV-005,25,43,normal
2,spoofing_tampering,high,20,UAV-005,30,47,normal
2,spoofing_tampering,high,20,UAV-005,35,52,normal
2,spoofing_tampering,high,20,UAV-005,40,56,normal
2,spoofing_tampering,high,20,UAV-005,44,60,normal
2,spoofing_tampering,high,20,UAV-005,48,67,spoofing_tampering
2,spoofing_tampering,high,20,UAV-005,53,74,spoofing_tampering
2,spoofing_tampering,high,20,UAV-005,57,81,spoofing_tampering
2,spoofing_tampering,high,20,UAV-005,63,82,spoofing_tampering
2,spoofing_tampering,high,20,UAV-005,68,87,spoofing_tampering
2,spoofing_tampering,high,20,UAV-005,75,94,spoofing_tampering
2,spoofing_tampering,high,20,UAV-005,81,100,spoofing_tampering
2,spoofing_tampering,high,20,UAV-005,83,106,spoofing_tampering
2,spoofing_tampering,high,20,UAV-005,88,110,spoofing_tampering
2,spoofing_tampering,high,20,UAV-005,95,112,spoofing_tampering
2,spoofing_tampering,high,20,UAV-005,101,119,spoofing_tampering
2,spoofing_tampering,high,20,UAV-005,106,124,spoofing_tampering
2,spoofing_tampering,high,20,UAV-005,110,128,spoofing_tampering
2,spoofing_tampering,high,20,UAV-005,113,133,spoofing_tampering
2,spoofing_tampering,high,20,UAV-005,121,137,spoofing_tampering
2,spoofing_tampering,high,20,UAV-005,125,141,spoofing_tampering
2,spoofing_tampering,high,20,UAV-005,129,150,spoofing_tampering
2,spoofing_tampering,high,20,UAV-005,134,153,spoofing_tampering
2,spoofing_tampering,high,20,UAV-005,138,158,spoofing_tampering
2,spoofing_tampering,high,20,UAV-005,142,163,spoofing_tampering
2,spoofing_tampering,high,20,UAV-005,150,168,spoofing_tampering
2,spoofing_tampering,high,20,UAV-005,154,174,spoofing_tampering
2,spoofing_tampering,high,20,UAV-005,159,180,spoofing_tampering
2,spoofing_tampering,high,20,UAV-005,164,184,spoofing_tampering
2,spoofing_tampering,high,20,UAV-005,169,189,spoofing_tampering
2,spoofing_tampering,high,20,UAV-005,175,194,normal
2,spoofing_tampering,high,20,UAV-005,181,199,normal
2,spoofing_tampering,high,20,UAV-005,185,204,normal
2,spoofing_tampering,high,20,UAV-005,190,209,normal
2,spoofing_tampering,high,20,UAV-005,195,214,normal
2,spoofing_tampering,high,20,UAV-005,200,219,normal
2,spoofing_tampering,high,20,UAV-005,205,224,normal
2,spoofing_tampering,high,20,UAV-005,210,229,normal
2,spoofing_tampering,high,20,UAV-005,215,234,normal
2,spoofing_tampering,high,20,UAV-005,220,239,normal
2,spoofing_tampering,high,20,UAV-018,0,19,normal
2,spoofing_tampering,high,20,UAV-018,5,24,normal
2,spoofing_tampering,high,20,UAV-018,10,29,normal
2,spoofing_tampering,high,20,UAV-018,15,34,normal
2,spoofing_tampering,high,20,UAV-018,20,38,normal
2,spoofing_tampering,high,20,UAV-018,25,43,normal
2,spoofing_tampering,high,20,UAV-018,30,48,normal
2,spoofing_tampering,high,20,UAV-018,35,53,normal
2,spoofing_tampering,high,20,UAV-018,39,58,normal
2,spoofing_tampering,high,20,UAV-018,44,63,normal
2,spoofing_tampering,high,20,UAV-018,49,68,spoofing_tampering
2,spoofing_tampering,high,20,UAV-018,54,73,spoofing_tampering
2,spoofing_tampering,high,20,UAV-018,59,76,spoofing_tampering
2,spoofing_tampering,high,20,UAV-018,64,83,spoofing_tampering
2,spoofing_tampering,high,20,UAV-018,69,89,spoofing_tampering
2,spoofing_tampering,high,20,UAV-018,73,96,spoofing_tampering
2,spoofing_tampering,high,20,UAV-018,77,101,spoofing_tampering
2,spoofing_tampering,high,20,UAV-018,84,105,spoofing_tampering
2,spoofing_tampering,high,20,UAV-018,91,109,spoofing_tampering
2,spoofing_tampering,high,20,UAV-018,97,113,spoofing_tampering
2,spoofing_tampering,high,20,UAV-018,102,118,spoofing_tampering
2,spoofing_tampering,high,20,UAV-018,106,122,spoofing_tampering
2,spoofing_tampering,high,20,UAV-018,110,128,spoofing_tampering
2,spoofing_tampering,high,20,UAV-018,114,134,spoofing_tampering
2,spoofing_tampering,high,20,UAV-018,118,140,spoofing_tampering
2,spoofing_tampering,high,20,UAV-018,123,145,spoofing_tampering
2,spoofing_tampering,high,20,UAV-018,130,149,spoofing_tampering
2,spoofing_tampering,high,20,UAV-018,135,154,spoofing_tampering
2,spoofing_tampering,high,20,UAV-018,141,160,spoofing_tampering
2,spoofing_tampering,high,20,UAV-018,145,166,spoofing_tampering
2,spoofing_tampering,high,20,UAV-018,150,172,spoofing_tampering
2,spoofing_tampering,high,20,UAV-018,155,179,spoofing_tampering
2,spoofing_tampering,high,20,UAV-018,161,183,spoofing_tampering
2,spoofing_tampering,high,20,UAV-018,167,185,spoofing_tampering
2,spoofing_tampering,high,20,UAV-018,173,190,spoofing_tampering
2,spoofing_tampering,high,20,UAV-018,180,195,normal
2,spoofing_tampering,high,20,UAV-018,183,199,normal
2,spoofing_tampering,high,20,UAV-018,186,204,normal
2,spoofing_tampering,high,20,UAV-018,191,209,normal
2,spoofing_tampering,high,20,UAV-018,196,214,normal
2,spoofing_tampering,high,20,UAV-018,200,219,normal
2,spoofing_tampering,high,20,UAV-018,205,224,normal
2,spoofing_tampering,high,20,UAV-018,210,229,normal
2,spoofing_tampering,high,20,UAV-018,215,234,normal
2,spoofing_tampering,high,20,UAV-018,220,239,normal
2,spoofing_tampering,high,20,UAV-020,0,19,normal
2,spoofing_tampering,high,20,UAV-020,5,24,normal
2,spoofing_tampering,high,20,UAV-020,10,29,normal
2,spoofing_tampering,high,20,UAV-020,15,34,normal
2,spoofing_tampering,high,20,UAV-020,20,39,normal
2,spoofing_tampering,high,20,UAV-020,25,44,normal
2,spoofing_tampering,high,20,UAV-020,30,48,normal
2,spoofing_tampering,high,20,UAV-020,35,53,normal
2,spoofing_tampering,high,20,UAV-020,40,58,normal
2,spoofing_tampering,high,20,UAV-020,45,62,normal
2,spoofing_tampering,high,20,UAV-020,49,68,spoofing_tampering
2,spoofing_tampering,high,20,UAV-020,54,73,spoofing_tampering
2,spoofing_tampering,high,20,UAV-020,59,79,spoofing_tampering
2,spoofing_tampering,high,20,UAV-020,63,83,spoofing_tampering
2,spoofing_tampering,high,20,UAV-020,69,89,spoofing_tampering
2,spoofing_tampering,high,20,UAV-020,74,92,spoofing_tampering
2,spoofing_tampering,high,20,UAV-020,80,97,spoofing_tampering
2,spoofing_tampering,high,20,UAV-020,85,101,spoofing_tampering
2,spoofing_tampering,high,20,UAV-020,89,108,spoofing_tampering
2,spoofing_tampering,high,20,UAV-020,93,113,spoofing_tampering
2,spoofing_tampering,high,20,UAV-020,99,119,spoofing_tampering
2,spoofing_tampering,high,20,UAV-020,103,124,spoofing_tampering
2,spoofing_tampering,high,20,UAV-020,109,129,spoofing_tampering
2,spoofing_tampering,high,20,UAV-020,114,135,spoofing_tampering
2,spoofing_tampering,high,20,UAV-020,120,140,spoofing_tampering
2,spoofing_tampering,high,20,UAV-020,125,145,spoofing_tampering
2,spoofing_tampering,high,20,UAV-020,131,150,spoofing_tampering
2,spoofing_tampering,high,20,UAV-020,136,154,spoofing_tampering
2,spoofing_tampering,high,20,UAV-020,141,158,spoofing_tampering
2,spoofing_tampering,high,20,UAV-020,145,162,spoofing_tampering
2,spoofing_tampering,high,20,UAV-020,151,167,spoofing_tampering
2,spoofing_tampering,high,20,UAV-020,156,174,spoofing_tampering
2,spoofing_tampering,high,20,UAV-020,158,180,spoofing_tampering
2,spoofing_tampering,high,20,UAV-020,163,184,spoofing_tampering
2,spoofing_tampering,high,20,UAV-020,169,189,spoofing_tampering
2,spoofing_tampering,high,20,UAV-020,176,194,normal
2,spoofing_tampering,high,20,UAV-020,181,199,normal
2,spoofing_tampering,high,20,UAV-020,185,204,normal
2,spoofing_tampering,high,20,UAV-020,190,209,normal
2,spoofing_tampering,high,20,UAV-020,195,214,normal
2,spoofing_tampering,high,20,UAV-020,200,219,normal
2,spoofing_tampering,high,20,UAV-020,205,224,normal
2,spoofing_tampering,high,20,UAV-020,210,229,normal
2,spoofing_tampering,high,20,UAV-020,215,234,normal
2,spoofing_tampering,high,20,UAV-020,220,239,normal
2,spoofing_tampering,high,30,UAV-024,0,19,normal
2,spoofing_tampering,high,30,UAV-024,5,24,normal
2,spoofing_tampering,high,30,UAV-024,10,29,normal
2,spoofing_tampering,high,30,UAV-024,15,34,normal
2,spoofing_tampering,high,30,UAV-024,20,39,normal
2,spoofing_tampering,high,30,UAV-024,25,44,normal
2,spoofing_tampering,high,30,UAV-024,30,49,normal
2,spoofing_tampering,high,30,UAV-024,35,54,normal
2,spoofing_tampering,high,30,UAV-024,40,58,normal
2,spoofing_tampering,high,30,UAV-024,45,66,normal
2,spoofing_tampering,high,30,UAV-024,50,69,spoofing_tampering
2,spoofing_tampering,high,30,UAV-024,54,74,spoofing_tampering
2,spoofing_tampering,high,30,UAV-024,59,78,spoofing_tampering
2,spoofing_tampering,high,30,UAV-024,66,85,spoofing_tampering
2,spoofing_tampering,high,30,UAV-024,71,89,spoofing_tampering
2,spoofing_tampering,high,30,UAV-024,75,94,spoofing_tampering
2,spoofing_tampering,high,30,UAV-024,79,99,spoofing_tampering
2,spoofing_tampering,high,30,UAV-024,86,103,spoofing_tampering
2,spoofing_tampering,high,30,UAV-024,91,107,spoofing_tampering
2,spoofing_tampering,high,30,UAV-024,97,111,spoofing_tampering
2,spoofing_tampering,high,30,UAV-024,100,114,spoofing_tampering
2,spoofing_tampering,high,30,UAV-024,103,122,spoofing_tampering
2,spoofing_tampering,high,30,UAV-024,108,129,spoofing_tampering
2,spoofing_tampering,high,30,UAV-024,112,135,spoofing_tampering
2,spoofing_tampering,high,30,UAV-024,115,140,spoofing_tampering
2,spoofing_tampering,high,30,UAV-024,123,143,spoofing_tampering
2,spoofing_tampering,high,30,UAV-024,130,148,spoofing_tampering
2,spoofing_tampering,high,30,UAV-024,135,153,spoofing_tampering
2,spoofing_tampering,high,30,UAV-024,141,156,spoofing_tampering
2,spoofing_tampering,high,30,UAV-024,144,161,spoofing_tampering
2,spoofing_tampering,high,30,UAV-024,149,166,spoofing_tampering
2,spoofing_tampering,high,30,UAV-024,153,171,spoofing_tampering
2,spoofing_tampering,high,30,UAV-024,157,179,spoofing_tampering
2,spoofing_tampering,high,30,UAV-024,162,184,spoofing_tampering
2,spoofing_tampering,high,30,UAV-024,167,189,spoofing_tampering
2,spoofing_tampering,high,30,UAV-024,172,194,normal
2,spoofing_tampering,high,30,UAV-024,180,199,normal
2,spoofing_tampering,high,30,UAV-024,185,204,normal
2,spoofing_tampering,high,30,UAV-024,190,209,normal
2,spoofing_tampering,high,30,UAV-024,195,214,normal
2,spoofing_tampering,high,30,UAV-024,200,219,normal
2,spoofing_tampering,high,30,UAV-024,205,224,normal
2,spoofing_tampering,high,30,UAV-024,210,229,normal
2,spoofing_tampering,high,30,UAV-024,215,234,normal
2,spoofing_tampering,high,30,UAV-024,220,239,normal
2,spoofing_tampering,low,20,UAV-008,0,19,normal
2,spoofing_tampering,low,20,UAV-008,5,24,normal
2,spoofing_tampering,low,20,UAV-008,10,29,normal
2,spoofing_tampering,low,20,UAV-008,15,34,normal
2,spoofing_tampering,low,20,UAV-008,20,39,normal
2,spoofing_tampering,low,20,UAV-008,25,44,normal
2,spoofing_tampering,low,20,UAV-008,30,49,normal
2,spoofing_tampering,low,20,UAV-008,35,54,normal
2,spoofing_tampering,low,20,UAV-008,40,59,normal
2,spoofing_tampering,low,20,UAV-008,45,64,normal
2,spoofing_tampering,low,20,UAV-008,50,69,normal
2,spoofing_tampering,low,20,UAV-008,55,74,spoofing_tampering
2,spoofing_tampering,low,20,UAV-008,59,80,spoofing_tampering
2,spoofing_tampering,low,20,UAV-008,65,84,spoofing_tampering
2,spoofing_tampering,low,20,UAV-008,70,88,spoofing_tampering
2,spoofing_tampering,low,20,UAV-008,75,93,spoofing_tampering
2,spoofing_tampering,low,20,UAV-008,81,99,spoofing_tampering
2,spoofing_tampering,low,20,UAV-008,85,105,spoofing_tampering
2,spoofing_tampering,low,20,UAV-008,89,109,spoofing_tampering
2,spoofing_tampering,low,20,UAV-008,95,114,spoofing_tampering
2,spoofing_tampering,low,20,UAV-008,100,119,normal
2,spoofing_tampering,low,20,UAV-008,106,125,spoofing_tampering
2,spoofing_tampering,low,20,UAV-008,110,129,normal
2,spoofing_tampering,low,20,UAV-008,115,134,normal
2,spoofing_tampering,low,20,UAV-008,121,139,normal
2,spoofing_tampering,low,20,UAV-008,126,144,spoofing_tampering
2,spoofing_tampering,low,20,UAV-008,130,148,spoofing_tampering
2,spoofing_tampering,low,20,UAV-008,135,153,spoofing_tampering
2,spoofing_tampering,low,20,UAV-008,140,160,spoofing_tampering
2,spoofing_tampering,low,20,UAV-008,144,166,spoofing_tampering
2,spoofing_tampering,low,20,UAV-008,149,170,spoofing_tampering
2,spoofing_tampering,low,20,UAV-008,154,174,spoofing_tampering
2,spoofing_tampering,low,20,UAV-008,163,179,spoofing_tampering
2,spoofing_tampering,low,20,UAV-008,167,184,spoofing_tampering
2,spoofing_tampering,low,20,UAV-008,171,189,normal
2,spoofing_tampering,low,20,UAV-008,176,194,normal
2,spoofing_tampering,low,20,UAV-008,180,199,normal
2,spoofing_tampering,low,20,UAV-008,185,204,normal
2,spoofing_tampering,low,20,UAV-008,190,209,normal
2,spoofing_tampering,low,20,UAV-008,195,214,normal
2,spoofing_tampering,low,20,UAV-008,200,219,normal
2,spoofing_tampering,low,20,UAV-008,205,224,normal
2,spoofing_tampering,low,20,UAV-008,210,229,normal
2,spoofing_tampering,low,20,UAV-008,215,234,normal
2,spoofing_tampering,low,20,UAV-008,220,239,normal
2,spoofing_tampering,low,30,UAV-029,0,19,normal
2,spoofing_tampering,low,30,UAV-029,5,24,normal
2,spoofing_tampering,low,30,UAV-029,10,29,normal
2,spoofing_tampering,low,30,UAV-029,15,34,normal
2,spoofing_tampering,low,30,UAV-029,20,39,normal
2,spoofing_tampering,low,30,UAV-029,25,44,normal
2,spoofing_tampering,low,30,UAV-029,30,49,normal
2,spoofing_tampering,low,30,UAV-029,35,54,normal
2,spoofing_tampering,low,30,UAV-029,40,59,normal
2,spoofing_tampering,low,30,UAV-029,45,64,normal
2,spoofing_tampering,low,30,UAV-029,50,69,normal
2,spoofing_tampering,low,30,UAV-029,55,74,normal
2,spoofing_tampering,low,30,UAV-029,60,79,spoofing_tampering
2,spoofing_tampering,low,30,UAV-029,65,84,spoofing_tampering
2,spoofing_tampering,low,30,UAV-029,70,89,spoofing_tampering
2,spoofing_tampering,low,30,UAV-029,75,95,spoofing_tampering
2,spoofing_tampering,low,30,UAV-029,80,100,spoofing_tampering
2,spoofing_tampering,low,30,UAV-029,85,104,spoofing_tampering
2,spoofing_tampering,low,30,UAV-029,90,110,spoofing_tampering
2,spoofing_tampering,low,30,UAV-029,96,116,spoofing_tampering
2,spoofing_tampering,low,30,UAV-029,100,120,spoofing_tampering
2,spoofing_tampering,low,30,UAV-029,105,125,spoofing_tampering
2,spoofing_tampering,low,30,UAV-029,111,130,spoofing_tampering
2,spoofing_tampering,low,30,UAV-029,117,134,spoofing_tampering
2,spoofing_tampering,low,30,UAV-029,120,139,normal
2,spoofing_tampering,low,30,UAV-029,126,145,normal
2,spoofing_tampering,low,30,UAV-029,131,149,normal
2,spoofing_tampering,low,30,UAV-029,135,153,normal
2,spoofing_tampering,low,30,UAV-029,141,159,spoofing_tampering
2,spoofing_tampering,low,30,UAV-029,146,164,spoofing_tampering
2,spoofing_tampering,low,30,UAV-029,149,169,spoofing_tampering
2,spoofing_tampering,low,30,UAV-029,155,174,spoofing_tampering
2,spoofing_tampering,low,30,UAV-029,160,178,spoofing_tampering
2,spoofing_tampering,low,30,UAV-029,165,185,spoofing_tampering
2,spoofing_tampering,low,30,UAV-029,170,189,spoofing_tampering
2,spoofing_tampering,low,30,UAV-029,175,194,normal
2,spoofing_tampering,low,30,UAV-029,181,199,normal
2,spoofing_tampering,low,30,UAV-029,186,204,normal
2,spoofing_tampering,low,30,UAV-029,190,209,normal
2,spoofing_tampering,low,30,UAV-029,195,214,normal
2,spoofing_tampering,low,30,UAV-029,200,219,normal
2,spoofing_tampering,low,30,UAV-029,205,224,normal
2,spoofing_tampering,low,30,UAV-029,210,229,normal
2,spoofing_tampering,low,30,UAV-029,215,234,normal
2,spoofing_tampering,low,30,UAV-029,220,239,normal
2,spoofing_tampering,medium,20,UAV-015,0,19,normal
2,spoofing_tampering,medium,20,UAV-015,5,24,normal
2,spoofing_tampering,medium,20,UAV-015,10,29,normal
2,spoofing_tampering,medium,20,UAV-015,15,34,normal
2,spoofing_tampering,medium,20,UAV-015,20,39,normal
2,spoofing_tampering,medium,20,UAV-015,25,44,normal
2,spoofing_tampering,medium,20,UAV-015,30,49,normal
2,spoofing_tampering,medium,20,UAV-015,35,54,normal
2,spoofing_tampering,medium,20,UAV-015,40,59,normal
2,spoofing_tampering,medium,20,UAV-015,45,65,normal
2,spoofing_tampering,medium,20,UAV-015,50,70,normal
2,spoofing_tampering,medium,20,UAV-015,55,75,spoofing_tampering
2,spoofing_tampering,medium,20,UAV-015,61,79,spoofing_tampering
2,spoofing_tampering,medium,20,UAV-015,67,84,spoofing_tampering
2,spoofing_tampering,medium,20,UAV-015,71,89,spoofing_tampering
2,spoofing_tampering,medium,20,UAV-015,76,94,spoofing_tampering
2,spoofing_tampering,medium,20,UAV-015,81,98,spoofing_tampering
2,spoofing_tampering,medium,20,UAV-015,85,102,spoofing_tampering
2,spoofing_tampering,medium,20,UAV-015,91,108,spoofing_tampering
2,spoofing_tampering,medium,20,UAV-015,95,114,spoofing_tampering
2,spoofing_tampering,medium,20,UAV-015,99,119,spoofing_tampering
2,spoofing_tampering,medium,20,UAV-015,103,124,spoofing_tampering
2,spoofing_tampering,medium,20,UAV-015,109,129,spoofing_tampering
2,spoofing_tampering,medium,20,UAV-015,115,133,spoofing_tampering
2,spoofing_tampering,medium,20,UAV-015,120,138,spoofing_tampering
2,spoofing_tampering,medium,20,UAV-015,125,143,spoofing_tampering
2,spoofing_tampering,medium,20,UAV-015,130,148,spoofing_tampering
2,spoofing_tampering,medium,20,UAV-015,135,154,spoofing_tampering
2,spoofing_tampering,medium,20,UAV-015,139,159,spoofing_tampering
2,spoofing_tampering,medium,20,UAV-015,144,164,spoofing_tampering
2,spoofing_tampering,medium,20,UAV-015,149,169,spoofing_tampering
2,spoofing_tampering,medium,20,UAV-015,155,175,spoofing_tampering
2,spoofing_tampering,medium,20,UAV-015,160,180,spoofing_tampering
2,spoofing_tampering,medium,20,UAV-015,165,184,spoofing_tampering
2,spoofing_tampering,medium,20,UAV-015,170,189,spoofing_tampering
2,spoofing_tampering,medium,20,UAV-015,176,194,normal
2,spoofing_tampering,medium,20,UAV-015,181,199,normal
2,spoofing_tampering,medium,20,UAV-015,185,204,normal
2,spoofing_tampering,medium,20,UAV-015,190,209,normal
2,spoofing_tampering,medium,20,UAV-015,195,214,normal
2,spoofing_tampering,medium,20,UAV-015,200,219,normal
2,spoofing_tampering,medium,20,UAV-015,205,224,normal
2,spoofing_tampering,medium,20,UAV-015,210,229,normal
2,spoofing_tampering,medium,20,UAV-015,215,234,normal
2,spoofing_tampering,medium,20,UAV-015,220,239,normal
2,spoofing_tampering,medium,30,UAV-017,0,19,normal
2,spoofing_tampering,medium,30,UAV-017,5,24,normal
2,spoofing_tampering,medium,30,UAV-017,10,29,normal
2,spoofing_tampering,medium,30,UAV-017,15,34,normal
2,spoofing_tampering,medium,30,UAV-017,20,39,normal
2,spoofing_tampering,medium,30,UAV-017,25,44,normal
2,spoofing_tampering,medium,30,UAV-017,30,49,normal
2,spoofing_tampering,medium,30,UAV-017,35,54,normal
2,spoofing_tampering,medium,30,UAV-017,40,59,normal
2,spoofing_tampering,medium,30,UAV-017,45,64,normal
2,spoofing_tampering,medium,30,UAV-017,50,69,normal
2,spoofing_tampering,medium,30,UAV-017,55,76,spoofing_tampering
2,spoofing_tampering,medium,30,UAV-017,60,81,spoofing_tampering
2,spoofing_tampering,medium,30,UAV-017,65,85,spoofing_tampering
2,spoofing_tampering,medium,30,UAV-017,69,89,spoofing_tampering
2,spoofing_tampering,medium,30,UAV-017,77,94,spoofing_tampering
2,spoofing_tampering,medium,30,UAV-017,81,99,spoofing_tampering
2,spoofing_tampering,medium,30,UAV-017,87,104,spoofing_tampering
2,spoofing_tampering,medium,30,UAV-017,90,109,spoofing_tampering
2,spoofing_tampering,medium,30,UAV-017,95,113,spoofing_tampering
2,spoofing_tampering,medium,30,UAV-017,100,118,spoofing_tampering
2,spoofing_tampering,medium,30,UAV-017,105,122,spoofing_tampering
2,spoofing_tampering,medium,30,UAV-017,110,129,spoofing_tampering
2,spoofing_tampering,medium,30,UAV-017,114,136,spoofing_tampering
2,spoofing_tampering,medium,30,UAV-017,119,141,spoofing_tampering
2,spoofing_tampering,medium,30,UAV-017,123,145,spoofing_tampering
2,spoofing_tampering,medium,30,UAV-017,130,150,spoofing_tampering
2,spoofing_tampering,medium,30,UAV-017,137,155,spoofing_tampering
2,spoofing_tampering,medium,30,UAV-017,142,159,spoofing_tampering
2,spoofing_tampering,medium,30,UAV-017,146,164,spoofing_tampering
2,spoofing_tampering,medium,30,UAV-017,150,169,spoofing_tampering
2,spoofing_tampering,medium,30,UAV-017,155,174,spoofing_tampering
2,spoofing_tampering,medium,30,UAV-017,160,179,spoofing_tampering
2,spoofing_tampering,medium,30,UAV-017,165,185,spoofing_tampering
2,spoofing_tampering,medium,30,UAV-017,170,190,normal
2,spoofing_tampering,medium,30,UAV-017,175,195,normal
2,spoofing_tampering,medium,30,UAV-017,181,199,normal
2,spoofing_tampering,medium,30,UAV-017,186,204,normal
2,spoofing_tampering,medium,30,UAV-017,191,209,normal
2,spoofing_tampering,medium,30,UAV-017,196,214,normal
2,spoofing_tampering,medium,30,UAV-017,200,219,normal
2,spoofing_tampering,medium,30,UAV-017,205,224,normal
2,spoofing_tampering,medium,30,UAV-017,210,229,normal
2,spoofing_tampering,medium,30,UAV-017,215,234,normal
2,spoofing_tampering,medium,30,UAV-017,220,239,normal
2,tampering,high,10,UAV-006,0,19,normal
2,tampering,high,10,UAV-006,5,24,normal
2,tampering,high,10,UAV-006,10,29,normal
2,tampering,high,10,UAV-006,15,34,normal
2,tampering,high,10,UAV-006,20,39,normal
2,tampering,high,10,UAV-006,25,43,normal
2,tampering,high,10,UAV-006,30,48,normal
2,tampering,high,10,UAV-006,35,53,normal
2,tampering,high,10,UAV-006,40,58,normal
2,tampering,high,10,UAV-006,44,62,normal
2,tampering,high,10,UAV-006,49,67,tampering
2,tampering,high,10,UAV-006,54,72,tampering
2,tampering,high,10,UAV-006,59,78,tampering
2,tampering,high,10,UAV-006,63,83,tampering
2,tampering,high,10,UAV-006,68,88,tampering
2,tampering,high,10,UAV-006,73,93,tampering
2,tampering,high,10,UAV-006,79,99,tampering
2,tampering,high,10,UAV-006,84,105,tampering
2,tampering,high,10,UAV-006,89,111,tampering
2,tampering,high,10,UAV-006,95,114,tampering
2,tampering,high,10,UAV-006,100,118,tampering
2,tampering,high,10,UAV-006,106,125,tampering
2,tampering,high,10,UAV-006,111,131,tampering
2,tampering,high,10,UAV-006,115,136,tampering
2,tampering,high,10,UAV-006,119,141,tampering
2,tampering,high,10,UAV-006,126,144,tampering
2,tampering,high,10,UAV-006,132,148,tampering
2,tampering,high,10,UAV-006,137,151,tampering
2,tampering,high,10,UAV-006,142,157,tampering
2,tampering,high,10,UAV-006,145,162,tampering
2,tampering,high,10,UAV-006,148,167,tampering
2,tampering,high,10,UAV-006,151,174,tampering
2,tampering,high,10,UAV-006,158,180,tampering
2,tampering,high,10,UAV-006,163,185,tampering
2,tampering,high,10,UAV-006,168,190,tampering
2,tampering,high,10,UAV-006,175,195,normal
2,tampering,high,10,UAV-006,181,200,normal
2,tampering,high,10,UAV-006,186,204,normal
2,tampering,high,10,UAV-006,191,209,normal
2,tampering,high,10,UAV-006,196,214,normal
2,tampering,high,10,UAV-006,201,219,normal
2,tampering,high,10,UAV-006,205,224,normal
2,tampering,high,10,UAV-006,210,229,normal
2,tampering,high,10,UAV-006,215,234,normal
2,tampering,high,10,UAV-006,220,239,normal
2,tampering,medium,30,UAV-022,0,19,normal
2,tampering,medium,30,UAV-022,5,24,normal
2,tampering,medium,30,UAV-022,10,29,normal
2,tampering,medium,30,UAV-022,15,34,normal
2,tampering,medium,30,UAV-022,20,39,normal
2,tampering,medium,30,UAV-022,25,44,normal
2,tampering,medium,30,UAV-022,30,49,normal
2,tampering,medium,30,UAV-022,35,54,normal
2,tampering,medium,30,UAV-022,40,58,normal
2,tampering,medium,30,UAV-022,45,63,normal
2,tampering,medium,30,UAV-022,50,67,tampering
2,tampering,medium,30,UAV-022,55,72,tampering
2,tampering,medium,30,UAV-022,59,79,tampering
2,tampering,medium,30,UAV-022,64,82,tampering
2,tampering,medium,30,UAV-022,68,87,tampering
2,tampering,medium,30,UAV-022,73,93,tampering
2,tampering,medium,30,UAV-022,79,97,tampering
2,tampering,medium,30,UAV-022,84,104,tampering
2,tampering,medium,30,UAV-022,88,108,tampering
2,tampering,medium,30,UAV-022,94,110,tampering
2,tampering,medium,30,UAV-022,99,118,tampering
2,tampering,medium,30,UAV-022,105,122,tampering
2,tampering,medium,30,UAV-022,108,128,tampering
2,tampering,medium,30,UAV-022,112,134,tampering
2,tampering,medium,30,UAV-022,119,139,tampering
2,tampering,medium,30,UAV-022,123,143,tampering
2,tampering,medium,30,UAV-022,129,147,tampering
2,tampering,medium,30,UAV-022,135,155,tampering
2,tampering,medium,30,UAV-022,141,159,tampering
2,tampering,medium,30,UAV-022,143,163,tampering
2,tampering,medium,30,UAV-022,149,169,tampering
2,tampering,medium,30,UAV-022,155,174,tampering
2,tampering,medium,30,UAV-022,160,180,tampering
2,tampering,medium,30,UAV-022,164,185,normal
2,tampering,medium,30,UAV-022,170,189,normal
2,tampering,medium,30,UAV-022,175,194,normal
2,tampering,medium,30,UAV-022,181,199,normal
2,tampering,medium,30,UAV-022,186,204,normal
2,tampering,medium,30,UAV-022,190,209,normal
2,tampering,medium,30,UAV-022,195,214,normal
2,tampering,medium,30,UAV-022,200,219,normal
2,tampering,medium,30,UAV-022,205,224,normal
2,tampering,medium,30,UAV-022,210,229,normal
2,tampering,medium,30,UAV-022,215,234,normal
2,tampering,medium,30,UAV-022,220,239,normal
3,combined,high,30,UAV-017,0,19,normal
3,combined,high,30,UAV-017,5,24,normal
3,combined,high,30,UAV-017,10,29,normal
3,combined,high,30,UAV-017,15,34,normal
3,combined,high,30,UAV-017,20,38,normal
3,combined,high,30,UAV-017,25,43,normal
3,combined,high,30,UAV-017,30,47,normal
3,combined,high,30,UAV-017,35,52,normal
3,combined,high,30,UAV-017,39,57,normal
3,combined,high,30,UAV-017,44,61,normal
3,combined,high,30,UAV-017,48,66,combined
3,combined,high,30,UAV-017,53,72,combined
3,combined,high,30,UAV-017,58,76,combined
3,combined,high,30,UAV-017,62,80,combined
3,combined,high,30,UAV-017,68,87,combined
3,combined,high,30,UAV-017,73,92,combined
3,combined,high,30,UAV-017,77,98,combined
3,combined,high,30,UAV-017,81,105,combined
3,combined,high,30,UAV-017,88,112,combined
3,combined,high,30,UAV-017,93,117,combined
3,combined,high,30,UAV-017,99,123,combined
3,combined,high,30,UAV-017,107,127,combined
3,combined,high,30,UAV-017,113,130,combined
3,combined,high,30,UAV-017,118,135,combined
3,combined,high,30,UAV-017,123,139,combined
3,combined,high,30,UAV-017,128,145,combined
3,combined,high,30,UAV-017,131,150,combined
3,combined,high,30,UAV-017,135,155,combined
3,combined,high,30,UAV-017,140,158,combined
3,combined,high,30,UAV-017,146,161,combined
3,combined,high,30,UAV-017,151,165,combined
3,combined,high,30,UAV-017,155,171,combined
3,combined,high,30,UAV-017,159,179,combined
3,combined,high,30,UAV-017,162,185,combined
3,combined,high,30,UAV-017,167,189,combined
3,combined,high,30,UAV-017,175,194,normal
3,combined,high,30,UAV-017,181,199,normal
3,combined,high,30,UAV-017,186,204,normal
3,combined,high,30,UAV-017,190,209,normal
3,combined,high,30,UAV-017,195,214,normal
3,combined,high,30,UAV-017,200,219,normal
3,combined,high,30,UAV-017,205,224,normal
3,combined,high,30,UAV-017,210,229,normal
3,combined,high,30,UAV-017,215,234,normal
3,combined,high,30,UAV-017,220,239,normal
3,combined,high,30,UAV-022,0,19,normal
3,combined,high,30,UAV-022,5,24,normal
3,combined,high,30,UAV-022,10,29,normal
3,combined,high,30,UAV-022,15,34,normal
3,combined,high,30,UAV-022,20,39,normal
3,combined,high,30,UAV-022,25,44,normal
3,combined,high,30,UAV-022,30,49,normal
3,combined,high,30,UAV-022,35,54,normal
3,combined,high,30,UAV-022,40,58,normal
3,combined,high,30,UAV-022,45,64,normal
3,combined,high,30,UAV-022,50,69,combined
3,combined,high,30,UAV-022,55,73,combined
3,combined,high,30,UAV-022,59,76,combined
3,combined,high,30,UAV-022,65,83,combined
3,combined,high,30,UAV-022,69,88,combined
3,combined,high,30,UAV-022,73,93,combined
3,combined,high,30,UAV-022,77,97,combined
3,combined,high,30,UAV-022,85,101,combined
3,combined,high,30,UAV-022,89,106,combined
3,combined,high,30,UAV-022,94,112,combined
3,combined,high,30,UAV-022,98,116,combined
3,combined,high,30,UAV-022,102,121,combined
3,combined,high,30,UAV-022,107,128,combined
3,combined,high,30,UAV-022,113,132,combined
3,combined,high,30,UAV-022,118,138,combined
3,combined,high,30,UAV-022,122,143,combined
3,combined,high,30,UAV-022,129,147,combined
3,combined,high,30,UAV-022,133,152,combined
3,combined,high,30,UAV-022,139,158,combined
3,combined,high,30,UAV-022,143,164,combined
3,combined,high,30,UAV-022,148,170,combined
3,combined,high,30,UAV-022,155,176,combined
3,combined,high,30,UAV-022,159,181,combined
3,combined,high,30,UAV-022,165,185,combined
3,combined,high,30,UAV-022,171,189,combined
3,combined,high,30,UAV-022,177,194,normal
3,combined,high,30,UAV-022,181,199,normal
3,combined,high,30,UAV-022,185,204,normal
3,combined,high,30,UAV-022,190,209,normal
3,combined,high,30,UAV-022,195,214,normal
3,combined,high,30,UAV-022,200,219,normal
3,combined,high,30,UAV-022,205,224,normal
3,combined,high,30,UAV-022,210,229,normal
3,combined,high,30,UAV-022,215,234,normal
3,combined,high,30,UAV-022,220,239,normal
3,combined,low,10,UAV-010,0,19,normal
3,combined,low,10,UAV-010,5,24,normal
3,combined,low,10,UAV-010,10,29,normal
3,combined,low,10,UAV-010,15,34,normal
3,combined,low,10,UAV-010,20,39,normal
3,combined,low,10,UAV-010,25,44,normal
3,combined,low,10,UAV-010,30,49,normal
3,combined,low,10,UAV-010,35,54,normal
3,combined,low,10,UAV-010,40,59,normal
3,combined,low,10,UAV-010,45,64,normal
3,combined,low,10,UAV-010,50,69,normal
3,combined,low,10,UAV-010,55,74,normal
3,combined,low,10,UAV-010,60,79,normal
3,combined,low,10,UAV-010,65,83,combined
3,combined,low,10,UAV-010,70,88,combined
3,combined,low,10,UAV-010,75,94,combined
3,combined,low,10,UAV-010,80,99,combined
3,combined,low,10,UAV-010,84,104,combined
3,combined,low,10,UAV-010,90,109,combined
3,combined,low,10,UAV-010,95,114,normal
3,combined,low,10,UAV-010,100,119,normal
3,combined,low,10,UAV-010,105,124,normal
3,combined,low,10,UAV-010,110,129,normal
3,combined,low,10,UAV-010,115,133,combined
3,combined,low,10,UAV-010,120,138,combined
3,combined,low,10,UAV-010,125,143,combined
3,combined,low,10,UAV-010,130,148,combined
3,combined,low,10,UAV-010,134,153,combined
3,combined,low,10,UAV-010,139,158,combined
3,combined,low,10,UAV-010,145,163,combined
3,combined,low,10,UAV-010,150,169,combined
3,combined,low,10,UAV-010,154,174,combined
3,combined,low,10,UAV-010,159,179,combined
3,combined,low,10,UAV-010,164,184,normal
3,combined,low,10,UAV-010,170,189,normal
3,combined,low,10,UAV-010,175,194,normal
3,combined,low,10,UAV-010,180,199,normal
3,combined,low,10,UAV-010,185,204,normal
3,combined,low,10,UAV-010,190,209,normal
3,combined,low,10,UAV-010,195,214,normal
3,combined,low,10,UAV-010,200,219,normal
3,combined,low,10,UAV-010,205,224,normal
3,combined,low,10,UAV-010,210,229,normal
3,combined,low,10,UAV-010,215,234,normal
3,combined,low,10,UAV-010,220,239,normal
3,combined,low,30,UAV-017,0,19,normal
3,combined,low,30,UAV-017,5,24,normal
3,combined,low,30,UAV-017,10,29,normal
3,combined,low,30,UAV-017,15,34,normal
3,combined,low,30,UAV-017,20,39,normal
3,combined,low,30,UAV-017,25,44,normal
3,combined,low,30,UAV-017,30,49,normal
3,combined,low,30,UAV-017,35,53,normal
3,combined,low,30,UAV-017,40,58,normal
3,combined,low,30,UAV-017,45,65,normal
3,combined,low,30,UAV-017,49,70,normal
3,combined,low,30,UAV-017,54,74,combined
3,combined,low,30,UAV-017,59,78,combined
3,combined,low,30,UAV-017,66,84,combined
3,combined,low,30,UAV-017,71,90,combined
3,combined,low,30,UAV-017,75,95,normal
3,combined,low,30,UAV-017,80,99,combined
3,combined,low,30,UAV-017,85,103,combined
3,combined,low,30,UAV-017,91,108,combined
3,combined,low,30,UAV-017,96,114,combined
3,combined,low,30,UAV-017,99,119,combined
3,combined,low,30,UAV-017,104,124,normal
3,combined,low,30,UAV-017,109,129,normal
3,combined,low,30,UAV-017,115,135,normal
3,combined,low,30,UAV-017,120,139,normal
3,combined,low,30,UAV-017,125,143,combined
3,combined,low,30,UAV-017,130,149,combined
3,combined,low,30,UAV-017,136,154,combined
3,combined,low,30,UAV-017,140,159,combined
3,combined,low,30,UAV-017,145,166,combined
3,combined,low,30,UAV-017,150,170,combined
3,combined,low,30,UAV-017,155,174,combined
3,combined,low,30,UAV-017,160,179,combined
3,combined,low,30,UAV-017,166,184,normal
3,combined,low,30,UAV-017,171,189,normal
3,combined,low,30,UAV-017,175,194,normal
3,combined,low,30,UAV-017,180,199,normal
3,combined,low,30,UAV-017,185,204,normal
3,combined,low,30,UAV-017,190,209,normal
3,combined,low,30,UAV-017,195,214,normal
3,combined,low,30,UAV-017,200,219,normal
3,combined,low,30,UAV-017,205,224,normal
3,combined,low,30,UAV-017,210,229,normal
3,combined,low,30,UAV-017,215,234,normal
3,combined,low,30,UAV-017,220,239,normal
3,combined,low,30,UAV-022,0,19,normal
3,combined,low,30,UAV-022,5,24,normal
3,combined,low,30,UAV-022,10,29,normal
3,combined,low,30,UAV-022,15,34,normal
3,combined,low,30,UAV-022,20,39,normal
3,combined,low,30,UAV-022,25,44,normal
3,combined,low,30,UAV-022,30,49,normal
3,combined,low,30,UAV-022,35,54,normal
3,combined,low,30,UAV-022,40,59,normal
3,combined,low,30,UAV-022,45,64,normal
3,combined,low,30,UAV-022,50,69,normal
3,combined,low,30,UAV-022,55,75,normal
3,combined,low,30,UAV-022,60,79,combined
3,combined,low,30,UAV-022,65,84,combined
3,combined,low,30,UAV-022,70,88,combined
3,combined,low,30,UAV-022,76,94,combined
3,combined,low,30,UAV-022,80,99,combined
3,combined,low,30,UAV-022,84,103,combined
3,combined,low,30,UAV-022,89,108,combined
3,combined,low,30,UAV-022,95,114,combined
3,combined,low,30,UAV-022,100,119,combined
3,combined,low,30,UAV-022,104,124,combined
3,combined,low,30,UAV-022,109,129,combined
3,combined,low,30,UAV-022,115,134,combined
3,combined,low,30,UAV-022,120,139,combined
3,combined,low,30,UAV-022,125,145,combined
3,combined,low,30,UAV-022,130,149,combined
3,combined,low,30,UAV-022,135,155,combined
3,combined,low,30,UAV-022,140,159,combined
3,combined,low,30,UAV-022,145,165,combined
3,combined,low,30,UAV-022,150,169,combined
3,combined,low,30,UAV-022,156,175,normal
3,combined,low,30,UAV-022,160,180,combined
3,combined,low,30,UAV-022,166,184,combined
3,combined,low,30,UAV-022,170,189,normal
3,combined,low,30,UAV-022,176,194,normal
3,combined,low,30,UAV-022,181,199,normal
3,combined,low,30,UAV-022,185,204,normal
3,combined,low,30,UAV-022,190,209,normal
3,combined,low,30,UAV-022,195,214,normal
3,combined,low,30,UAV-022,200,219,normal
3,combined,low,30,UAV-022,205,224,normal
3,combined,low,30,UAV-022,210,229,normal
3,combined,low,30,UAV-022,215,234,normal
3,combined,low,30,UAV-022,220,239,normal
3,combined,low,30,UAV-030,0,19,normal
3,combined,low,30,UAV-030,5,24,normal
3,combined,low,30,UAV-030,10,29,normal
3,combined,low,30,UAV-030,15,34,normal
3,combined,low,30,UAV-030,20,39,normal
3,combined,low,30,UAV-030,25,44,normal
3,combined,low,30,UAV-030,30,49,normal
3,combined,low,30,UAV-030,35,54,normal
3,combined,low,30,UAV-030,40,58,normal
3,combined,low,30,UAV-030,45,64,normal
3,combined,low,30,UAV-030,50,69,normal
3,combined,low,30,UAV-030,55,74,normal
3,combined,low,30,UAV-030,59,79,normal
3,combined,low,30,UAV-030,64,84,combined
3,combined,low,30,UAV-030,70,90,combined
3,combined,low,30,UAV-030,75,94,combined
3,combined,low,30,UAV-030,80,99,combined
3,combined,low,30,UAV-030,85,104,combined
3,combined,low,30,UAV-030,90,109,combined
3,combined,low,30,UAV-030,95,113,combined
3,combined,low,30,UAV-030,100,117,combined
3,combined,low,30,UAV-030,105,122,combined
3,combined,low,30,UAV-030,109,128,combined
3,combined,low,30,UAV-030,114,134,combined
3,combined,low,30,UAV-030,118,140,combined
3,combined,low,30,UAV-030,123,145,combined
3,combined,low,30,UAV-030,130,150,combined
3,combined,low,30,UAV-030,135,154,combined
3,combined,low,30,UAV-030,141,159,combined
3,combined,low,30,UAV-030,146,164,combined
3,combined,low,30,UAV-030,151,169,normal
3,combined,low,30,UAV-030,155,174,normal
3,combined,low,30,UAV-030,160,179,normal
3,combined,low,30,UAV-030,165,184,normal
3,combined,low,30,UAV-030,170,189,normal
3,combined,low,30,UAV-030,175,194,normal
3,combined,low,30,UAV-030,180,199,normal
3,combined,low,30,UAV-030,185,204,normal
3,combined,low,30,UAV-030,190,209,normal
3,combined,low,30,UAV-030,195,214,normal
3,combined,low,30,UAV-030,200,219,normal
3,combined,low,30,UAV-030,205,224,normal
3,combined,low,30,UAV-030,210,229,normal
3,combined,low,30,UAV-030,215,234,normal
3,combined,low,30,UAV-030,220,239,normal
3,combined,medium,10,UAV-001,0,19,normal
3,combined,medium,10,UAV-001,5,24,normal
3,combined,medium,10,UAV-001,10,29,normal
3,combined,medium,10,UAV-001,15,34,normal
3,combined,medium,10,UAV-001,20,39,normal
3,combined,medium,10,UAV-001,25,44,normal
3,combined,medium,10,UAV-001,30,49,normal
3,combined,medium,10,UAV-001,35,54,normal
3,combined,medium,10,UAV-001,40,58,normal
3,combined,medium,10,UAV-001,45,63,normal
3,combined,medium,10,UAV-001,50,69,normal
3,combined,medium,10,UAV-001,55,74,combined
3,combined,medium,10,UAV-001,59,78,combined
3,combined,medium,10,UAV-001,65,85,combined
3,combined,medium,10,UAV-001,70,90,combined
3,combined,medium,10,UAV-001,75,94,combined
3,combined,medium,10,UAV-001,79,99,combined
3,combined,medium,10,UAV-001,86,105,combined
3,combined,medium,10,UAV-001,91,110,combined
3,combined,medium,10,UAV-001,95,117,combined
3,combined,medium,10,UAV-001,100,120,combined
3,combined,medium,10,UAV-001,106,125,combined
3,combined,medium,10,UAV-001,111,129,combined
3,combined,medium,10,UAV-001,118,135,combined
3,combined,medium,10,UAV-001,121,141,combined
3,combined,medium,10,UAV-001,125,145,combined
3,combined,medium,10,UAV-001,130,149,combined
3,combined,medium,10,UAV-001,136,153,combined
3,combined,medium,10,UAV-001,142,160,combined
3,combined,medium,10,UAV-001,146,164,combined
3,combined,medium,10,UAV-001,150,168,combined
3,combined,medium,10,UAV-001,155,172,combined
3,combined,medium,10,UAV-001,161,179,combined
3,combined,medium,10,UAV-001,164,184,combined
3,combined,medium,10,UAV-001,169,189,combined
3,combined,medium,10,UAV-001,174,194,normal
3,combined,medium,10,UAV-001,180,199,normal
3,combined,medium,10,UAV-001,185,204,normal
3,combined,medium,10,UAV-001,190,209,normal
3,combined,medium,10,UAV-001,195,214,normal
3,combined,medium,10,UAV-001,200,219,normal
3,combined,medium,10,UAV-001,205,224,normal
3,combined,medium,10,UAV-001,210,229,normal
3,combined,medium,10,UAV-001,215,234,normal
3,combined,medium,10,UAV-001,220,239,normal
3,combined,medium,10,UAV-002,0,19,normal
3,combined,medium,10,UAV-002,5,24,normal
3,combined,medium,10,UAV-002,10,29,normal
3,combined,medium,10,UAV-002,15,34,normal
3,combined,medium,10,UAV-002,20,39,normal
3,combined,medium,10,UAV-002,25,44,normal
3,combined,medium,10,UAV-002,30,49,normal
3,combined,medium,10,UAV-002,35,54,normal
3,combined,medium,10,UAV-002,40,59,normal
3,combined,medium,10,UAV-002,45,64,normal
3,combined,medium,10,UAV-002,50,69,combined
3,combined,medium,10,UAV-002,55,76,combined
3,combined,medium,10,UAV-002,60,81,combined
3,combined,medium,10,UAV-002,65,85,combined
3,combined,medium,10,UAV-002,70,88,combined
3,combined,medium,10,UAV-002,77,91,combined
3,combined,medium,10,UAV-002,81,99,combined
3,combined,medium,10,UAV-002,85,104,combined
3,combined,medium,10,UAV-002,88,110,combined
3,combined,medium,10,UAV-002,92,115,combined
3,combined,medium,10,UAV-002,100,117,combined
3,combined,medium,10,UAV-002,105,122,combined
3,combined,medium,10,UAV-002,111,127,combined
3,combined,medium,10,UAV-002,115,132,combined
3,combined,medium,10,UAV-002,118,138,combined
3,combined,medium,10,UAV-002,122,143,combined
3,combined,medium,10,UAV-002,128,149,combined
3,combined,medium,10,UAV-002,135,153,combined
3,combined,medium,10,UAV-002,139,158,combined
3,combined,medium,10,UAV-002,144,163,combined
3,combined,medium,10,UAV-002,150,169,combined
3,combined,medium,10,UAV-002,154,175,combined
3,combined,medium,10,UAV-002,159,180,combined
3,combined,medium,10,UAV-002,164,184,combined
3,combined,medium,10,UAV-002,170,189,combined
3,combined,medium,10,UAV-002,176,194,normal
3,combined,medium,10,UAV-002,181,199,normal
3,combined,medium,10,UAV-002,185,204,normal
3,combined,medium,10,UAV-002,190,209,normal
3,combined,medium,10,UAV-002,195,214,normal
3,combined,medium,10,UAV-002,200,219,normal
3,combined,medium,10,UAV-002,205,224,normal
3,combined,medium,10,UAV-002,210,229,normal
3,combined,medium,10,UAV-002,215,234,normal
3,combined,medium,10,UAV-002,220,239,normal
3,combined,medium,20,UAV-007,0,19,normal
3,combined,medium,20,UAV-007,5,24,normal
3,combined,medium,20,UAV-007,10,29,normal
3,combined,medium,20,UAV-007,15,34,normal
3,combined,medium,20,UAV-007,20,39,normal
3,combined,medium,20,UAV-007,25,44,normal
3,combined,medium,20,UAV-007,30,49,normal
3,combined,medium,20,UAV-007,35,54,normal
3,combined,medium,20,UAV-007,40,59,normal
3,combined,medium,20,UAV-007,45,63,normal
3,combined,medium,20,UAV-007,50,68,normal
3,combined,medium,20,UAV-007,55,73,combined
3,combined,medium,20,UAV-007,60,79,combined
3,combined,medium,20,UAV-007,64,85,combined
3,combined,medium,20,UAV-007,69,89,combined
3,combined,medium,20,UAV-007,74,94,combined
3,combined,medium,20,UAV-007,80,99,combined
3,combined,medium,20,UAV-007,86,104,combined
3,combined,medium,20,UAV-007,90,110,combined
3,combined,medium,20,UAV-007,95,115,combined
3,combined,medium,20,UAV-007,101,120,combined
3,combined,medium,20,UAV-007,105,125,combined
3,combined,medium,20,UAV-007,111,128,combined
3,combined,medium,20,UAV-007,116,131,combined
3,combined,medium,20,UAV-007,121,135,combined
3,combined,medium,20,UAV-007,126,142,combined
3,combined,medium,20,UAV-007,129,147,combined
3,combined,medium,20,UAV-007,132,154,combined
3,combined,medium,20,UAV-007,136,159,combined
3,combined,medium,20,UAV-007,143,164,combined
3,combined,medium,20,UAV-007,148,168,combined
3,combined,medium,20,UAV-007,155,174,combined
3,combined,medium,20,UAV-007,160,179,combined
3,combined,medium,20,UAV-007,165,184,combined
3,combined,medium,20,UAV-007,169,189,normal
3,combined,medium,20,UAV-007,175,194,normal
3,combined,medium,20,UAV-007,180,199,normal
3,combined,medium,20,UAV-007,185,204,normal
3,combined,medium,20,UAV-007,190,209,normal
3,combined,medium,20,UAV-007,195,214,normal
3,combined,medium,20,UAV-007,200,219,normal
3,combined,medium,20,UAV-007,205,224,normal
3,combined,medium,20,UAV-007,210,229,normal
3,combined,medium,20,UAV-007,215,234,normal
3,combined,medium,20,UAV-007,220,239,normal
3,combined,medium,30,UAV-006,0,19,normal
3,combined,medium,30,UAV-006,5,24,normal
3,combined,medium,30,UAV-006,10,29,normal
3,combined,medium,30,UAV-006,15,34,normal
3,combined,medium,30,UAV-006,20,39,normal
3,combined,medium,30,UAV-006,25,44,normal
3,combined,medium,30,UAV-006,30,49,normal
3,combined,medium,30,UAV-006,35,54,normal
3,combined,medium,30,UAV-006,40,58,normal
3,combined,medium,30,UAV-006,45,64,normal
3,combined,medium,30,UAV-006,50,70,combined
3,combined,medium,30,UAV-006,55,74,combined
3,combined,medium,30,UAV-006,59,80,combined
3,combined,medium,30,UAV-006,65,86,combined
3,combined,medium,30,UAV-006,70,91,combined
3,combined,medium,30,UAV-006,75,94,combined
3,combined,medium,30,UAV-006,81,98,combined
3,combined,medium,30,UAV-006,87,102,combined
3,combined,medium,30,UAV-006,92,108,combined
3,combined,medium,30,UAV-006,95,112,combined
3,combined,medium,30,UAV-006,99,118,combined
3,combined,medium,30,UAV-006,104,123,combined
3,combined,medium,30,UAV-006,109,128,combined
3,combined,medium,30,UAV-006,113,134,combined
3,combined,medium,30,UAV-006,119,140,combined
3,combined,medium,30,UAV-006,124,146,combined
3,combined,medium,30,UAV-006,129,149,combined
3,combined,medium,30,UAV-006,137,156,combined
3,combined,medium,30,UAV-006,141,160,combined
3,combined,medium,30,UAV-006,146,165,combined
3,combined,medium,30,UAV-006,151,168,combined
3,combined,medium,30,UAV-006,157,173,combined
3,combined,medium,30,UAV-006,161,177,combined
3,combined,medium,30,UAV-006,165,184,combined
3,combined,medium,30,UAV-006,169,189,normal
3,combined,medium,30,UAV-006,174,194,normal
3,combined,medium,30,UAV-006,178,199,normal
3,combined,medium,30,UAV-006,185,204,normal
3,combined,medium,30,UAV-006,190,209,normal
3,combined,medium,30,UAV-006,195,214,normal
3,combined,medium,30,UAV-006,200,219,normal
3,combined,medium,30,UAV-006,205,224,normal
3,combined,medium,30,UAV-006,210,229,normal
3,combined,medium,30,UAV-006,215,234,normal
3,combined,medium,30,UAV-006,220,239,normal
3,jamming,low,20,UAV-016,0,19,normal
3,jamming,low,20,UAV-016,5,24,normal
3,jamming,low,20,UAV-016,10,29,normal
3,jamming,low,20,UAV-016,15,34,normal
3,jamming,low,20,UAV-016,20,39,normal
3,jamming,low,20,UAV-016,25,44,normal
3,jamming,low,20,UAV-016,30,49,normal
3,jamming,low,20,UAV-016,35,54,normal
3,jamming,low,20,UAV-016,40,59,normal
3,jamming,low,20,UAV-016,45,64,normal
3,jamming,low,20,UAV-016,50,69,normal
3,jamming,low,20,UAV-016,55,74,normal
3,jamming,low,20,UAV-016,60,79,jamming
3,jamming,low,20,UAV-016,65,84,jamming
3,jamming,low,20,UAV-016,70,89,jamming
3,jamming,low,20,UAV-016,75,94,jamming
3,jamming,low,20,UAV-016,80,99,jamming
3,jamming,low,20,UAV-016,85,104,jamming
3,jamming,low,20,UAV-016,90,109,jamming
3,jamming,low,20,UAV-016,95,114,jamming
3,jamming,low,20,UAV-016,100,119,jamming
3,jamming,low,20,UAV-016,105,124,jamming
3,jamming,low,20,UAV-016,110,129,jamming
3,jamming,low,20,UAV-016,115,134,jamming
3,jamming,low,20,UAV-016,120,139,jamming
3,jamming,low,20,UAV-016,125,144,normal
3,jamming,low,20,UAV-016,130,149,jamming
3,jamming,low,20,UAV-016,135,154,jamming
3,jamming,low,20,UAV-016,140,159,jamming
3,jamming,low,20,UAV-016,145,164,jamming
3,jamming,low,20,UAV-016,150,169,jamming
3,jamming,low,20,UAV-016,155,174,jamming
3,jamming,low,20,UAV-016,160,179,normal
3,jamming,low,20,UAV-016,165,184,normal
3,jamming,low,20,UAV-016,170,189,normal
3,jamming,low,20,UAV-016,175,194,normal
3,jamming,low,20,UAV-016,180,199,normal
3,jamming,low,20,UAV-016,185,204,normal
3,jamming,low,20,UAV-016,190,209,normal
3,jamming,low,20,UAV-016,195,214,normal
3,jamming,low,20,UAV-016,200,219,normal
3,jamming,low,20,UAV-016,205,224,normal
3,jamming,low,20,UAV-016,210,229,normal
3,jamming,low,20,UAV-016,215,234,normal
3,jamming,low,20,UAV-016,220,239,normal
3,jamming,low,30,UAV-020,0,19,normal
3,jamming,low,30,UAV-020,5,24,normal
3,jamming,low,30,UAV-020,10,29,normal
3,jamming,low,30,UAV-020,15,34,normal
3,jamming,low,30,UAV-020,20,39,normal
3,jamming,low,30,UAV-020,25,44,normal
3,jamming,low,30,UAV-020,30,49,normal
3,jamming,low,30,UAV-020,35,54,normal
3,jamming,low,30,UAV-020,40,59,normal
3,jamming,low,30,UAV-020,45,64,normal
3,jamming,low,30,UAV-020,50,69,normal
3,jamming,low,30,UAV-020,55,74,jamming
3,jamming,low,30,UAV-020,60,79,jamming
3,jamming,low,30,UAV-020,65,84,normal
3,jamming,low,30,UAV-020,70,89,normal
3,jamming,low,30,UAV-020,75,94,normal
3,jamming,low,30,UAV-020,80,99,jamming
3,jamming,low,30,UAV-020,85,104,jamming
3,jamming,low,30,UAV-020,90,109,jamming
3,jamming,low,30,UAV-020,95,114,jamming
3,jamming,low,30,UAV-020,100,119,normal
3,jamming,low,30,UAV-020,105,124,jamming
3,jamming,low,30,UAV-020,110,129,jamming
3,jamming,low,30,UAV-020,115,134,jamming
3,jamming,low,30,UAV-020,120,139,jamming
3,jamming,low,30,UAV-020,125,144,jamming
3,jamming,low,30,UAV-020,130,149,jamming
3,jamming,low,30,UAV-020,135,154,jamming
3,jamming,low,30,UAV-020,140,159,jamming
3,jamming,low,30,UAV-020,145,164,jamming
3,jamming,low,30,UAV-020,150,169,jamming
3,jamming,low,30,UAV-020,155,174,jamming
3,jamming,low,30,UAV-020,160,179,jamming
3,jamming,low,30,UAV-020,165,184,normal
3,jamming,low,30,UAV-020,170,189,normal
3,jamming,low,30,UAV-020,175,194,normal
3,jamming,low,30,UAV-020,180,199,normal
3,jamming,low,30,UAV-020,185,204,normal
3,jamming,low,30,UAV-020,190,209,normal
3,jamming,low,30,UAV-020,195,214,normal
3,jamming,low,30,UAV-020,200,219,normal
3,jamming,low,30,UAV-020,205,224,normal
3,jamming,low,30,UAV-020,210,229,normal
3,jamming,low,30,UAV-020,215,234,normal
3,jamming,low,30,UAV-020,220,239,normal
3,jamming,medium,20,UAV-011,0,19,normal
3,jamming,medium,20,UAV-011,5,24,normal
3,jamming,medium,20,UAV-011,10,29,normal
3,jamming,medium,20,UAV-011,15,34,normal
3,jamming,medium,20,UAV-011,20,39,normal
3,jamming,medium,20,UAV-011,25,44,normal
3,jamming,medium,20,UAV-011,30,49,normal
3,jamming,medium,20,UAV-011,35,54,normal
3,jamming,medium,20,UAV-011,40,59,normal
3,jamming,medium,20,UAV-011,45,64,normal
3,jamming,medium,20,UAV-011,50,69,jamming
3,jamming,medium,20,UAV-011,55,74,jamming
3,jamming,medium,20,UAV-011,60,79,jamming
3,jamming,medium,20,UAV-011,65,84,jamming
3,jamming,medium,20,UAV-011,70,89,jamming
3,jamming,medium,20,UAV-011,75,94,jamming
3,jamming,medium,20,UAV-011,80,99,jamming
3,jamming,medium,20,UAV-011,85,104,jamming
3,jamming,medium,20,UAV-011,90,109,jamming
3,jamming,medium,20,UAV-011,95,114,jamming
3,jamming,medium,20,UAV-011,100,119,jamming
3,jamming,medium,20,UAV-011,105,124,jamming
3,jamming,medium,20,UAV-011,110,129,jamming
3,jamming,medium,20,UAV-011,115,134,jamming
3,jamming,medium,20,UAV-011,120,139,jamming
3,jamming,medium,20,UAV-011,125,144,jamming
3,jamming,medium,20,UAV-011,130,149,jamming
3,jamming,medium,20,UAV-011,135,154,jamming
3,jamming,medium,20,UAV-011,140,159,jamming
3,jamming,medium,20,UAV-011,145,164,jamming
3,jamming,medium,20,UAV-011,150,169,jamming
3,jamming,medium,20,UAV-011,155,174,jamming
3,jamming,medium,20,UAV-011,160,179,jamming
3,jamming,medium,20,UAV-011,165,184,jamming
3,jamming,medium,20,UAV-011,170,189,jamming
3,jamming,medium,20,UAV-011,175,194,normal
3,jamming,medium,20,UAV-011,180,199,normal
3,jamming,medium,20,UAV-011,185,204,normal
3,jamming,medium,20,UAV-011,190,209,normal
3,jamming,medium,20,UAV-011,195,214,normal
3,jamming,medium,20,UAV-011,200,219,normal
3,jamming,medium,20,UAV-011,205,224,normal
3,jamming,medium,20,UAV-011,210,229,normal
3,jamming,medium,20,UAV-011,215,234,normal
3,jamming,medium,20,UAV-011,220,239,normal
3,jamming,medium,20,UAV-015,0,19,normal
3,jamming,medium,20,UAV-015,5,24,normal
3,jamming,medium,20,UAV-015,10,29,normal
3,jamming,medium,20,UAV-015,15,34,normal
3,jamming,medium,20,UAV-015,20,39,normal
3,jamming,medium,20,UAV-015,25,44,normal
3,jamming,medium,20,UAV-015,30,49,normal
3,jamming,medium,20,UAV-015,35,54,normal
3,jamming,medium,20,UAV-015,40,59,normal
3,jamming,medium,20,UAV-015,45,64,normal
3,jamming,medium,20,UAV-015,50,69,normal
3,jamming,medium,20,UAV-015,55,74,jamming
3,jamming,medium,20,UAV-015,60,79,jamming
3,jamming,medium,20,UAV-015,65,84,jamming
3,jamming,medium,20,UAV-015,70,89,jamming
3,jamming,medium,20,UAV-015,75,94,jamming
3,jamming,medium,20,UAV-015,80,99,jamming
3,jamming,medium,20,UAV-015,85,104,jamming
3,jamming,medium,20,UAV-015,90,109,jamming
3,jamming,medium,20,UAV-015,95,114,jamming
3,jamming,medium,20,UAV-015,100,119,jamming
3,jamming,medium,20,UAV-015,105,124,jamming
3,jamming,medium,20,UAV-015,110,129,jamming
3,jamming,medium,20,UAV-015,115,134,jamming
3,jamming,medium,20,UAV-015,120,139,jamming
3,jamming,medium,20,UAV-015,125,144,jamming
3,jamming,medium,20,UAV-015,130,149,jamming
3,jamming,medium,20,UAV-015,135,154,jamming
3,jamming,medium,20,UAV-015,140,159,jamming
3,jamming,medium,20,UAV-015,145,164,jamming
3,jamming,medium,20,UAV-015,150,169,jamming
3,jamming,medium,20,UAV-015,155,174,jamming
3,jamming,medium,20,UAV-015,160,179,jamming
3,jamming,medium,20,UAV-015,165,184,jamming
3,jamming,medium,20,UAV-015,170,189,jamming
3,jamming,medium,20,UAV-015,175,194,normal
3,jamming,medium,20,UAV-015,180,199,normal
3,jamming,medium,20,UAV-015,185,204,normal
3,jamming,medium,20,UAV-015,190,209,normal
3,jamming,medium,20,UAV-015,195,214,normal
3,jamming,medium,20,UAV-015,200,219,normal
3,jamming,medium,20,UAV-015,205,224,normal
3,jamming,medium,20,UAV-015,210,229,normal
3,jamming,medium,20,UAV-015,215,234,normal
3,jamming,medium,20,UAV-015,220,239,normal
3,jamming,medium,30,UAV-015,0,19,normal
3,jamming,medium,30,UAV-015,5,24,normal
3,jamming,medium,30,UAV-015,10,29,normal
3,jamming,medium,30,UAV-015,15,34,normal
3,jamming,medium,30,UAV-015,20,39,normal
3,jamming,medium,30,UAV-015,25,44,normal
3,jamming,medium,30,UAV-015,30,49,normal
3,jamming,medium,30,UAV-015,35,54,normal
3,jamming,medium,30,UAV-015,40,59,normal
3,jamming,medium,30,UAV-015,45,64,normal
3,jamming,medium,30,UAV-015,50,69,jamming
3,jamming,medium,30,UAV-015,55,74,jamming
3,jamming,medium,30,UAV-015,60,79,jamming
3,jamming,medium,30,UAV-015,65,84,jamming
3,jamming,medium,30,UAV-015,70,89,jamming
3,jamming,medium,30,UAV-015,75,94,jamming
3,jamming,medium,30,UAV-015,80,99,jamming
3,jamming,medium,30,UAV-015,85,104,jamming
3,jamming,medium,30,UAV-015,90,109,jamming
3,jamming,medium,30,UAV-015,95,114,jamming
3,jamming,medium,30,UAV-015,100,119,jamming
3,jamming,medium,30,UAV-015,105,124,jamming
3,jamming,medium,30,UAV-015,110,129,jamming
3,jamming,medium,30,UAV-015,115,134,jamming
3,jamming,medium,30,UAV-015,120,139,jamming
3,jamming,medium,30,UAV-015,125,144,jamming
3,jamming,medium,30,UAV-015,130,149,jamming
3,jamming,medium,30,UAV-015,135,154,jamming
3,jamming,medium,30,UAV-015,140,159,jamming
3,jamming,medium,30,UAV-015,145,164,jamming
3,jamming,medium,30,UAV-015,150,169,jamming
3,jamming,medium,30,UAV-015,155,174,jamming
3,jamming,medium,30,UAV-015,160,179,jamming
3,jamming,medium,30,UAV-015,165,184,jamming
3,jamming,medium,30,UAV-015,170,189,jamming
3,jamming,medium,30,UAV-015,175,194,normal
3,jamming,medium,30,UAV-015,180,199,normal
3,jamming,medium,30,UAV-015,185,204,normal
3,jamming,medium,30,UAV-015,190,209,normal
3,jamming,medium,30,UAV-015,195,214,normal
3,jamming,medium,30,UAV-015,200,219,normal
3,jamming,medium,30,UAV-015,205,224,normal
3,jamming,medium,30,UAV-015,210,229,normal
3,jamming,medium,30,UAV-015,215,234,normal
3,jamming,medium,30,UAV-015,220,239,normal
3,jamming,medium,30,UAV-029,0,19,normal
3,jamming,medium,30,UAV-029,5,24,normal
3,jamming,medium,30,UAV-029,10,29,normal
3,jamming,medium,30,UAV-029,15,34,normal
3,jamming,medium,30,UAV-029,20,39,normal
3,jamming,medium,30,UAV-029,25,44,normal
3,jamming,medium,30,UAV-029,30,49,normal
3,jamming,medium,30,UAV-029,35,54,normal
3,jamming,medium,30,UAV-029,40,59,normal
3,jamming,medium,30,UAV-029,45,64,normal
3,jamming,medium,30,UAV-029,50,69,jamming
3,jamming,medium,30,UAV-029,55,74,jamming
3,jamming,medium,30,UAV-029,60,79,jamming
3,jamming,medium,30,UAV-029,65,84,jamming
3,jamming,medium,30,UAV-029,70,89,jamming
3,jamming,medium,30,UAV-029,75,94,jamming
3,jamming,medium,30,UAV-029,80,99,jamming
3,jamming,medium,30,UAV-029,85,104,jamming
3,jamming,medium,30,UAV-029,90,109,jamming
3,jamming,medium,30,UAV-029,95,114,jamming
3,jamming,medium,30,UAV-029,100,119,jamming
3,jamming,medium,30,UAV-029,105,124,jamming
3,jamming,medium,30,UAV-029,110,129,jamming
3,jamming,medium,30,UAV-029,115,134,jamming
3,jamming,medium,30,UAV-029,120,139,jamming
3,jamming,medium,30,UAV-029,125,144,jamming
3,jamming,medium,30,UAV-029,130,149,jamming
3,jamming,medium,30,UAV-029,135,154,jamming
3,jamming,medium,30,UAV-029,140,159,jamming
3,jamming,medium,30,UAV-029,145,164,jamming
3,jamming,medium,30,UAV-029,150,169,jamming
3,jamming,medium,30,UAV-029,155,174,jamming
3,jamming,medium,30,UAV-029,160,179,jamming
3,jamming,medium,30,UAV-029,165,184,jamming
3,jamming,medium,30,UAV-029,170,189,jamming
3,jamming,medium,30,UAV-029,175,194,normal
3,jamming,medium,30,UAV-029,180,199,normal
3,jamming,medium,30,UAV-029,185,204,normal
3,jamming,medium,30,UAV-029,190,209,normal
3,jamming,medium,30,UAV-029,195,214,normal
3,jamming,medium,30,UAV-029,200,219,normal
3,jamming,medium,30,UAV-029,205,224,normal
3,jamming,medium,30,UAV-029,210,229,normal
3,jamming,medium,30,UAV-029,215,234,normal
3,jamming,medium,30,UAV-029,220,239,normal
3,jamming_spoofing,high,10,UAV-003,0,19,normal
3,jamming_spoofing,high,10,UAV-003,5,24,normal
3,jamming_spoofing,high,10,UAV-003,10,29,normal
3,jamming_spoofing,high,10,UAV-003,15,34,normal
3,jamming_spoofing,high,10,UAV-003,20,39,normal
3,jamming_spoofing,high,10,UAV-003,25,44,normal
3,jamming_spoofing,high,10,UAV-003,30,49,normal
3,jamming_spoofing,high,10,UAV-003,35,54,normal
3,jamming_spoofing,high,10,UAV-003,40,59,normal
3,jamming_spoofing,high,10,UAV-003,45,64,normal
3,jamming_spoofing,high,10,UAV-003,50,69,jamming_spoofing
3,jamming_spoofing,high,10,UAV-003,55,74,jamming_spoofing
3,jamming_spoofing,high,10,UAV-003,60,79,jamming_spoofing
3,jamming_spoofing,high,10,UAV-003,65,84,jamming_spoofing
3,jamming_spoofing,high,10,UAV-003,70,89,jamming_spoofing
3,jamming_spoofing,high,10,UAV-003,75,94,jamming_spoofing
3,jamming_spoofing,high,10,UAV-003,80,99,jamming_spoofing
3,jamming_spoofing,high,10,UAV-003,85,104,jamming_spoofing
3,jamming_spoofing,high,10,UAV-003,90,109,jamming_spoofing
3,jamming_spoofing,high,10,UAV-003,95,114,jamming_spoofing
3,jamming_spoofing,high,10,UAV-003,100,119,jamming_spoofing
3,jamming_spoofing,high,10,UAV-003,105,124,jamming_spoofing
3,jamming_spoofing,high,10,UAV-003,110,129,jamming_spoofing
3,jamming_spoofing,high,10,UAV-003,115,134,jamming_spoofing
3,jamming_spoofing,high,10,UAV-003,120,139,jamming_spoofing
3,jamming_spoofing,high,10,UAV-003,125,144,jamming_spoofing
3,jamming_spoofing,high,10,UAV-003,130,149,jamming_spoofing
3,jamming_spoofing,high,10,UAV-003,135,154,jamming_spoofing
3,jamming_spoofing,high,10,UAV-003,140,159,jamming_spoofing
3,jamming_spoofing,high,10,UAV-003,145,164,jamming_spoofing
3,jamming_spoofing,high,10,UAV-003,150,169,jamming_spoofing
3,jamming_spoofing,high,10,UAV-003,155,174,jamming_spoofing
3,jamming_spoofing,high,10,UAV-003,160,179,jamming_spoofing
3,jamming_spoofing,high,10,UAV-003,165,184,jamming_spoofing
3,jamming_spoofing,high,10,UAV-003,170,189,jamming_spoofing
3,jamming_spoofing,high,10,UAV-003,175,194,jamming_spoofing
3,jamming_spoofing,high,10,UAV-003,180,199,normal
3,jamming_spoofing,high,10,UAV-003,185,204,normal
3,jamming_spoofing,high,10,UAV-003,190,209,normal
3,jamming_spoofing,high,10,UAV-003,195,214,normal
3,jamming_spoofing,high,10,UAV-003,200,219,normal
3,jamming_spoofing,high,10,UAV-003,205,224,normal
3,jamming_spoofing,high,10,UAV-003,210,229,normal
3,jamming_spoofing,high,10,UAV-003,215,234,normal
3,jamming_spoofing,high,10,UAV-003,220,239,normal
3,jamming_spoofing,high,10,UAV-010,0,19,normal
3,jamming_spoofing,high,10,UAV-010,5,24,normal
3,jamming_spoofing,high,10,UAV-010,10,29,normal
3,jamming_spoofing,high,10,UAV-010,15,34,normal
3,jamming_spoofing,high,10,UAV-010,20,39,normal
3,jamming_spoofing,high,10,UAV-010,25,44,normal
3,jamming_spoofing,high,10,UAV-010,30,49,normal
3,jamming_spoofing,high,10,UAV-010,35,54,normal
3,jamming_spoofing,high,10,UAV-010,40,59,normal
3,jamming_spoofing,high,10,UAV-010,45,64,normal
3,jamming_spoofing,high,10,UAV-010,50,69,jamming_spoofing
3,jamming_spoofing,high,10,UAV-010,55,74,jamming_spoofing
3,jamming_spoofing,high,10,UAV-010,60,79,jamming_spoofing
3,jamming_spoofing,high,10,UAV-010,65,84,jamming_spoofing
3,jamming_spoofing,high,10,UAV-010,70,89,jamming_spoofing
3,jamming_spoofing,high,10,UAV-010,75,94,jamming_spoofing
3,jamming_spoofing,high,10,UAV-010,80,99,jamming_spoofing
3,jamming_spoofing,high,10,UAV-010,85,104,jamming_spoofing
3,jamming_spoofing,high,10,UAV-010,90,109,jamming_spoofing
3,jamming_spoofing,high,10,UAV-010,95,114,jamming_spoofing
3,jamming_spoofing,high,10,UAV-010,100,119,jamming_spoofing
3,jamming_spoofing,high,10,UAV-010,105,124,jamming_spoofing
3,jamming_spoofing,high,10,UAV-010,110,129,jamming_spoofing
3,jamming_spoofing,high,10,UAV-010,115,134,jamming_spoofing
3,jamming_spoofing,high,10,UAV-010,120,139,jamming_spoofing
3,jamming_spoofing,high,10,UAV-010,125,144,jamming_spoofing
3,jamming_spoofing,high,10,UAV-010,130,149,jamming_spoofing
3,jamming_spoofing,high,10,UAV-010,135,154,jamming_spoofing
3,jamming_spoofing,high,10,UAV-010,140,159,jamming_spoofing
3,jamming_spoofing,high,10,UAV-010,145,164,jamming_spoofing
3,jamming_spoofing,high,10,UAV-010,150,169,jamming_spoofing
3,jamming_spoofing,high,10,UAV-010,155,174,jamming_spoofing
3,jamming_spoofing,high,10,UAV-010,160,179,jamming_spoofing
3,jamming_spoofing,high,10,UAV-010,165,184,jamming_spoofing
3,jamming_spoofing,high,10,UAV-010,170,189,jamming_spoofing
3,jamming_spoofing,high,10,UAV-010,175,194,normal
3,jamming_spoofing,high,10,UAV-010,180,199,normal
3,jamming_spoofing,high,10,UAV-010,185,204,normal
3,jamming_spoofing,high,10,UAV-010,190,209,normal
3,jamming_spoofing,high,10,UAV-010,195,214,normal
3,jamming_spoofing,high,10,UAV-010,200,219,normal
3,jamming_spoofing,high,10,UAV-010,205,224,normal
3,jamming_spoofing,high,10,UAV-010,210,229,normal
3,jamming_spoofing,high,10,UAV-010,215,234,normal
3,jamming_spoofing,high,10,UAV-010,220,239,normal
3,jamming_spoofing,high,20,UAV-016,0,19,normal
3,jamming_spoofing,high,20,UAV-016,5,24,normal
3,jamming_spoofing,high,20,UAV-016,10,29,normal
3,jamming_spoofing,high,20,UAV-016,15,34,normal
3,jamming_spoofing,high,20,UAV-016,20,39,normal
3,jamming_spoofing,high,20,UAV-016,25,44,normal
3,jamming_spoofing,high,20,UAV-016,30,49,normal
3,jamming_spoofing,high,20,UAV-016,35,54,normal
3,jamming_spoofing,high,20,UAV-016,40,59,normal
3,jamming_spoofing,high,20,UAV-016,45,64,normal
3,jamming_spoofing,high,20,UAV-016,50,69,jamming_spoofing
3,jamming_spoofing,high,20,UAV-016,55,74,jamming_spoofing
3,jamming_spoofing,high,20,UAV-016,60,79,jamming_spoofing
3,jamming_spoofing,high,20,UAV-016,65,84,jamming_spoofing
3,jamming_spoofing,high,20,UAV-016,70,89,jamming_spoofing
3,jamming_spoofing,high,20,UAV-016,75,94,jamming_spoofing
3,jamming_spoofing,high,20,UAV-016,80,99,jamming_spoofing
3,jamming_spoofing,high,20,UAV-016,85,104,jamming_spoofing
3,jamming_spoofing,high,20,UAV-016,90,109,jamming_spoofing
3,jamming_spoofing,high,20,UAV-016,95,114,jamming_spoofing
3,jamming_spoofing,high,20,UAV-016,100,119,jamming_spoofing
3,jamming_spoofing,high,20,UAV-016,105,124,jamming_spoofing
3,jamming_spoofing,high,20,UAV-016,110,129,jamming_spoofing
3,jamming_spoofing,high,20,UAV-016,115,134,jamming_spoofing
3,jamming_spoofing,high,20,UAV-016,120,139,jamming_spoofing
3,jamming_spoofing,high,20,UAV-016,125,144,jamming_spoofing
3,jamming_spoofing,high,20,UAV-016,130,149,jamming_spoofing
3,jamming_spoofing,high,20,UAV-016,135,154,jamming_spoofing
3,jamming_spoofing,high,20,UAV-016,140,159,jamming_spoofing
3,jamming_spoofing,high,20,UAV-016,145,164,jamming_spoofing
3,jamming_spoofing,high,20,UAV-016,150,169,jamming_spoofing
3,jamming_spoofing,high,20,UAV-016,155,174,jamming_spoofing
3,jamming_spoofing,high,20,UAV-016,160,179,jamming_spoofing
3,jamming_spoofing,high,20,UAV-016,165,184,jamming_spoofing
3,jamming_spoofing,high,20,UAV-016,170,189,jamming_spoofing
3,jamming_spoofing,high,20,UAV-016,175,194,normal
3,jamming_spoofing,high,20,UAV-016,180,199,normal
3,jamming_spoofing,high,20,UAV-016,185,204,normal
3,jamming_spoofing,high,20,UAV-016,190,209,normal
3,jamming_spoofing,high,20,UAV-016,195,214,normal
3,jamming_spoofing,high,20,UAV-016,200,219,normal
3,jamming_spoofing,high,20,UAV-016,205,224,normal
3,jamming_spoofing,high,20,UAV-016,210,229,normal
3,jamming_spoofing,high,20,UAV-016,215,234,normal
3,jamming_spoofing,high,20,UAV-016,220,239,normal
3,jamming_spoofing,high,30,UAV-001,0,19,normal
3,jamming_spoofing,high,30,UAV-001,5,24,normal
3,jamming_spoofing,high,30,UAV-001,10,29,normal
3,jamming_spoofing,high,30,UAV-001,15,34,normal
3,jamming_spoofing,high,30,UAV-001,20,39,normal
3,jamming_spoofing,high,30,UAV-001,25,44,normal
3,jamming_spoofing,high,30,UAV-001,30,49,normal
3,jamming_spoofing,high,30,UAV-001,35,54,normal
3,jamming_spoofing,high,30,UAV-001,40,59,normal
3,jamming_spoofing,high,30,UAV-001,45,64,normal
3,jamming_spoofing,high,30,UAV-001,50,69,jamming_spoofing
3,jamming_spoofing,high,30,UAV-001,55,74,jamming_spoofing
3,jamming_spoofing,high,30,UAV-001,60,79,jamming_spoofing
3,jamming_spoofing,high,30,UAV-001,65,84,jamming_spoofing
3,jamming_spoofing,high,30,UAV-001,70,89,jamming_spoofing
3,jamming_spoofing,high,30,UAV-001,75,94,jamming_spoofing
3,jamming_spoofing,high,30,UAV-001,80,99,jamming_spoofing
3,jamming_spoofing,high,30,UAV-001,85,104,jamming_spoofing
3,jamming_spoofing,high,30,UAV-001,90,109,jamming_spoofing
3,jamming_spoofing,high,30,UAV-001,95,114,jamming_spoofing
3,jamming_spoofing,high,30,UAV-001,100,119,jamming_spoofing
3,jamming_spoofing,high,30,UAV-001,105,124,jamming_spoofing
3,jamming_spoofing,high,30,UAV-001,110,129,jamming_spoofing
3,jamming_spoofing,high,30,UAV-001,115,134,jamming_spoofing
3,jamming_spoofing,high,30,UAV-001,120,139,jamming_spoofing
3,jamming_spoofing,high,30,UAV-001,125,144,jamming_spoofing
3,jamming_spoofing,high,30,UAV-001,130,149,jamming_spoofing
3,jamming_spoofing,high,30,UAV-001,135,154,jamming_spoofing
3,jamming_spoofing,high,30,UAV-001,140,159,jamming_spoofing
3,jamming_spoofing,high,30,UAV-001,145,164,jamming_spoofing
3,jamming_spoofing,high,30,UAV-001,150,169,jamming_spoofing
3,jamming_spoofing,high,30,UAV-001,155,174,jamming_spoofing
3,jamming_spoofing,high,30,UAV-001,160,179,jamming_spoofing
3,jamming_spoofing,high,30,UAV-001,165,184,jamming_spoofing
3,jamming_spoofing,high,30,UAV-001,170,189,jamming_spoofing
3,jamming_spoofing,high,30,UAV-001,175,194,normal
3,jamming_spoofing,high,30,UAV-001,180,199,normal
3,jamming_spoofing,high,30,UAV-001,185,204,normal
3,jamming_spoofing,high,30,UAV-001,190,209,normal
3,jamming_spoofing,high,30,UAV-001,195,214,normal
3,jamming_spoofing,high,30,UAV-001,200,219,normal
3,jamming_spoofing,high,30,UAV-001,205,224,normal
3,jamming_spoofing,high,30,UAV-001,210,229,normal
3,jamming_spoofing,high,30,UAV-001,215,234,normal
3,jamming_spoofing,high,30,UAV-001,220,239,normal
3,jamming_spoofing,high,30,UAV-026,0,19,normal
3,jamming_spoofing,high,30,UAV-026,5,24,normal
3,jamming_spoofing,high,30,UAV-026,10,29,normal
3,jamming_spoofing,high,30,UAV-026,15,34,normal
3,jamming_spoofing,high,30,UAV-026,20,39,normal
3,jamming_spoofing,high,30,UAV-026,25,44,normal
3,jamming_spoofing,high,30,UAV-026,30,49,normal
3,jamming_spoofing,high,30,UAV-026,35,54,normal
3,jamming_spoofing,high,30,UAV-026,40,59,normal
3,jamming_spoofing,high,30,UAV-026,45,64,normal
3,jamming_spoofing,high,30,UAV-026,50,69,jamming_spoofing
3,jamming_spoofing,high,30,UAV-026,55,74,jamming_spoofing
3,jamming_spoofing,high,30,UAV-026,60,79,jamming_spoofing
3,jamming_spoofing,high,30,UAV-026,65,84,jamming_spoofing
3,jamming_spoofing,high,30,UAV-026,70,89,jamming_spoofing
3,jamming_spoofing,high,30,UAV-026,75,94,jamming_spoofing
3,jamming_spoofing,high,30,UAV-026,80,99,jamming_spoofing
3,jamming_spoofing,high,30,UAV-026,85,104,jamming_spoofing
3,jamming_spoofing,high,30,UAV-026,90,109,jamming_spoofing
3,jamming_spoofing,high,30,UAV-026,95,114,jamming_spoofing
3,jamming_spoofing,high,30,UAV-026,100,119,jamming_spoofing
3,jamming_spoofing,high,30,UAV-026,105,124,jamming_spoofing
3,jamming_spoofing,high,30,UAV-026,110,129,jamming_spoofing
3,jamming_spoofing,high,30,UAV-026,115,134,jamming_spoofing
3,jamming_spoofing,high,30,UAV-026,120,139,jamming_spoofing
3,jamming_spoofing,high,30,UAV-026,125,144,jamming_spoofing
3,jamming_spoofing,high,30,UAV-026,130,149,jamming_spoofing
3,jamming_spoofing,high,30,UAV-026,135,154,jamming_spoofing
3,jamming_spoofing,high,30,UAV-026,140,159,jamming_spoofing
3,jamming_spoofing,high,30,UAV-026,145,164,jamming_spoofing
3,jamming_spoofing,high,30,UAV-026,150,169,jamming_spoofing
3,jamming_spoofing,high,30,UAV-026,155,174,jamming_spoofing
3,jamming_spoofing,high,30,UAV-026,160,179,jamming_spoofing
3,jamming_spoofing,high,30,UAV-026,165,184,jamming_spoofing
3,jamming_spoofing,high,30,UAV-026,170,189,jamming_spoofing
3,jamming_spoofing,high,30,UAV-026,175,194,normal
3,jamming_spoofing,high,30,UAV-026,180,199,normal
3,jamming_spoofing,high,30,UAV-026,185,204,normal
3,jamming_spoofing,high,30,UAV-026,190,209,normal
3,jamming_spoofing,high,30,UAV-026,195,214,normal
3,jamming_spoofing,high,30,UAV-026,200,219,normal
3,jamming_spoofing,high,30,UAV-026,205,224,normal
3,jamming_spoofing,high,30,UAV-026,210,229,normal
3,jamming_spoofing,high,30,UAV-026,215,234,normal
3,jamming_spoofing,high,30,UAV-026,220,239,normal
3,jamming_spoofing,low,10,UAV-008,0,19,normal
3,jamming_spoofing,low,10,UAV-008,5,24,normal
3,jamming_spoofing,low,10,UAV-008,10,29,normal
3,jamming_spoofing,low,10,UAV-008,15,34,normal
3,jamming_spoofing,low,10,UAV-008,20,39,normal
3,jamming_spoofing,low,10,UAV-008,25,44,normal
3,jamming_spoofing,low,10,UAV-008,30,49,normal
3,jamming_spoofing,low,10,UAV-008,35,54,normal
3,jamming_spoofing,low,10,UAV-008,40,59,normal
3,jamming_spoofing,low,10,UAV-008,45,64,normal
3,jamming_spoofing,low,10,UAV-008,50,69,normal
3,jamming_spoofing,low,10,UAV-008,55,74,normal
3,jamming_spoofing,low,10,UAV-008,60,79,jamming_spoofing
3,jamming_spoofing,low,10,UAV-008,65,84,normal
3,jamming_spoofing,low,10,UAV-008,70,89,normal
3,jamming_spoofing,low,10,UAV-008,75,94,normal
3,jamming_spoofing,low,10,UAV-008,80,99,normal
3,jamming_spoofing,low,10,UAV-008,85,104,normal
3,jamming_spoofing,low,10,UAV-008,90,109,jamming_spoofing
3,jamming_spoofing,low,10,UAV-008,95,114,jamming_spoofing
3,jamming_spoofing,low,10,UAV-008,100,119,jamming_spoofing
3,jamming_spoofing,low,10,UAV-008,105,124,jamming_spoofing
3,jamming_spoofing,low,10,UAV-008,110,129,normal
3,jamming_spoofing,low,10,UAV-008,115,134,normal
3,jamming_spoofing,low,10,UAV-008,120,139,normal
3,jamming_spoofing,low,10,UAV-008,125,144,normal
3,jamming_spoofing,low,10,UAV-008,130,149,jamming_spoofing
3,jamming_spoofing,low,10,UAV-008,135,154,jamming_spoofing
3,jamming_spoofing,low,10,UAV-008,140,159,jamming_spoofing
3,jamming_spoofing,low,10,UAV-008,145,164,jamming_spoofing
3,jamming_spoofing,low,10,UAV-008,150,169,normal
3,jamming_spoofing,low,10,UAV-008,155,174,jamming_spoofing
3,jamming_spoofing,low,10,UAV-008,160,179,jamming_spoofing
3,jamming_spoofing,low,10,UAV-008,165,184,normal
3,jamming_spoofing,low,10,UAV-008,170,189,normal
3,jamming_spoofing,low,10,UAV-008,175,194,normal
3,jamming_spoofing,low,10,UAV-008,180,199,normal
3,jamming_spoofing,low,10,UAV-008,185,204,normal
3,jamming_spoofing,low,10,UAV-008,190,209,normal
3,jamming_spoofing,low,10,UAV-008,195,214,normal
3,jamming_spoofing,low,10,UAV-008,200,219,normal
3,jamming_spoofing,low,10,UAV-008,205,224,normal
3,jamming_spoofing,low,10,UAV-008,210,229,normal
3,jamming_spoofing,low,10,UAV-008,215,234,normal
3,jamming_spoofing,low,10,UAV-008,220,239,normal
3,jamming_spoofing,low,30,UAV-007,0,19,normal
3,jamming_spoofing,low,30,UAV-007,5,24,normal
3,jamming_spoofing,low,30,UAV-007,10,29,normal
3,jamming_spoofing,low,30,UAV-007,15,34,normal
3,jamming_spoofing,low,30,UAV-007,20,39,normal
3,jamming_spoofing,low,30,UAV-007,25,44,normal
3,jamming_spoofing,low,30,UAV-007,30,49,normal
3,jamming_spoofing,low,30,UAV-007,35,54,normal
3,jamming_spoofing,low,30,UAV-007,40,59,normal
3,jamming_spoofing,low,30,UAV-007,45,64,normal
3,jamming_spoofing,low,30,UAV-007,50,69,normal
3,jamming_spoofing,low,30,UAV-007,55,74,jamming_spoofing
3,jamming_spoofing,low,30,UAV-007,60,79,jamming_spoofing
3,jamming_spoofing,low,30,UAV-007,65,84,jamming_spoofing
3,jamming_spoofing,low,30,UAV-007,70,89,jamming_spoofing
3,jamming_spoofing,low,30,UAV-007,75,94,jamming_spoofing
3,jamming_spoofing,low,30,UAV-007,80,99,normal
3,jamming_spoofing,low,30,UAV-007,85,104,normal
3,jamming_spoofing,low,30,UAV-007,90,109,normal
3,jamming_spoofing,low,30,UAV-007,95,114,jamming_spoofing
3,jamming_spoofing,low,30,UAV-007,100,119,jamming_spoofing
3,jamming_spoofing,low,30,UAV-007,105,124,jamming_spoofing
3,jamming_spoofing,low,30,UAV-007,110,129,jamming_spoofing
3,jamming_spoofing,low,30,UAV-007,115,134,jamming_spoofing
3,jamming_spoofing,low,30,UAV-007,120,139,jamming_spoofing
3,jamming_spoofing,low,30,UAV-007,125,144,jamming_spoofing
3,jamming_spoofing,low,30,UAV-007,130,149,jamming_spoofing
3,jamming_spoofing,low,30,UAV-007,135,154,jamming_spoofing
3,jamming_spoofing,low,30,UAV-007,140,159,jamming_spoofing
3,jamming_spoofing,low,30,UAV-007,145,164,jamming_spoofing
3,jamming_spoofing,low,30,UAV-007,150,169,normal
3,jamming_spoofing,low,30,UAV-007,155,174,jamming_spoofing
3,jamming_spoofing,low,30,UAV-007,160,179,jamming_spoofing
3,jamming_spoofing,low,30,UAV-007,165,184,jamming_spoofing
3,jamming_spoofing,low,30,UAV-007,170,189,normal
3,jamming_spoofing,low,30,UAV-007,175,194,normal
3,jamming_spoofing,low,30,UAV-007,180,199,normal
3,jamming_spoofing,low,30,UAV-007,185,204,normal
3,jamming_spoofing,low,30,UAV-007,190,209,normal
3,jamming_spoofing,low,30,UAV-007,195,214,normal
3,jamming_spoofing,low,30,UAV-007,200,219,normal
3,jamming_spoofing,low,30,UAV-007,205,224,normal
3,jamming_spoofing,low,30,UAV-007,210,229,normal
3,jamming_spoofing,low,30,UAV-007,215,234,normal
3,jamming_spoofing,low,30,UAV-007,220,239,normal
3,jamming_spoofing,medium,20,UAV-007,0,19,normal
3,jamming_spoofing,medium,20,UAV-007,5,24,normal
3,jamming_spoofing,medium,20,UAV-007,10,29,normal
3,jamming_spoofing,medium,20,UAV-007,15,34,normal
3,jamming_spoofing,medium,20,UAV-007,20,39,normal
3,jamming_spoofing,medium,20,UAV-007,25,44,normal
3,jamming_spoofing,medium,20,UAV-007,30,49,normal
3,jamming_spoofing,medium,20,UAV-007,35,54,normal
3,jamming_spoofing,medium,20,UAV-007,40,59,normal
3,jamming_spoofing,medium,20,UAV-007,45,64,normal
3,jamming_spoofing,medium,20,UAV-007,50,69,normal
3,jamming_spoofing,medium,20,UAV-007,55,74,jamming_spoofing
3,jamming_spoofing,medium,20,UAV-007,60,79,jamming_spoofing
3,jamming_spoofing,medium,20,UAV-007,65,84,jamming_spoofing
3,jamming_spoofing,medium,20,UAV-007,70,89,jamming_spoofing
3,jamming_spoofing,medium,20,UAV-007,75,94,jamming_spoofing
3,jamming_spoofing,medium,20,UAV-007,80,99,jamming_spoofing
3,jamming_spoofing,medium,20,UAV-007,85,104,jamming_spoofing
3,jamming_spoofing,medium,20,UAV-007,90,109,jamming_spoofing
3,jamming_spoofing,medium,20,UAV-007,95,114,jamming_spoofing
3,jamming_spoofing,medium,20,UAV-007,100,119,jamming_spoofing
3,jamming_spoofing,medium,20,UAV-007,105,124,jamming_spoofing
3,jamming_spoofing,medium,20,UAV-007,110,129,jamming_spoofing
3,jamming_spoofing,medium,20,UAV-007,115,134,jamming_spoofing
3,jamming_spoofing,medium,20,UAV-007,120,139,jamming_spoofing
3,jamming_spoofing,medium,20,UAV-007,125,144,jamming_spoofing
3,jamming_spoofing,medium,20,UAV-007,130,149,jamming_spoofing
3,jamming_spoofing,medium,20,UAV-007,135,154,jamming_spoofing
3,jamming_spoofing,medium,20,UAV-007,140,159,jamming_spoofing
3,jamming_spoofing,medium,20,UAV-007,145,164,jamming_spoofing
3,jamming_spoofing,medium,20,UAV-007,150,169,jamming_spoofing
3,jamming_spoofing,medium,20,UAV-007,155,174,jamming_spoofing
3,jamming_spoofing,medium,20,UAV-007,160,179,jamming_spoofing
3,jamming_spoofing,medium,20,UAV-007,165,184,jamming_spoofing
3,jamming_spoofing,medium,20,UAV-007,170,189,jamming_spoofing
3,jamming_spoofing,medium,20,UAV-007,175,194,normal
3,jamming_spoofing,medium,20,UAV-007,180,199,normal
3,jamming_spoofing,medium,20,UAV-007,185,204,normal
3,jamming_spoofing,medium,20,UAV-007,190,209,normal
3,jamming_spoofing,medium,20,UAV-007,195,214,normal
3,jamming_spoofing,medium,20,UAV-007,200,219,normal
3,jamming_spoofing,medium,20,UAV-007,205,224,normal
3,jamming_spoofing,medium,20,UAV-007,210,229,normal
3,jamming_spoofing,medium,20,UAV-007,215,234,normal
3,jamming_spoofing,medium,20,UAV-007,220,239,normal
3,jamming_spoofing,medium,30,UAV-009,0,19,normal
3,jamming_spoofing,medium,30,UAV-009,5,24,normal
3,jamming_spoofing,medium,30,UAV-009,10,29,normal
3,jamming_spoofing,medium,30,UAV-009,15,34,normal
3,jamming_spoofing,medium,30,UAV-009,20,39,normal
3,jamming_spoofing,medium,30,UAV-009,25,44,normal
3,jamming_spoofing,medium,30,UAV-009,30,49,normal
3,jamming_spoofing,medium,30,UAV-009,35,54,normal
3,jamming_spoofing,medium,30,UAV-009,40,59,normal
3,jamming_spoofing,medium,30,UAV-009,45,64,normal
3,jamming_spoofing,medium,30,UAV-009,50,69,jamming_spoofing
3,jamming_spoofing,medium,30,UAV-009,55,74,jamming_spoofing
3,jamming_spoofing,medium,30,UAV-009,60,79,jamming_spoofing
3,jamming_spoofing,medium,30,UAV-009,65,84,jamming_spoofing
3,jamming_spoofing,medium,30,UAV-009,70,89,jamming_spoofing
3,jamming_spoofing,medium,30,UAV-009,75,94,jamming_spoofing
3,jamming_spoofing,medium,30,UAV-009,80,99,jamming_spoofing
3,jamming_spoofing,medium,30,UAV-009,85,104,jamming_spoofing
3,jamming_spoofing,medium,30,UAV-009,90,109,jamming_spoofing
3,jamming_spoofing,medium,30,UAV-009,95,114,jamming_spoofing
3,jamming_spoofing,medium,30,UAV-009,100,119,jamming_spoofing
3,jamming_spoofing,medium,30,UAV-009,105,124,jamming_spoofing
3,jamming_spoofing,medium,30,UAV-009,110,129,jamming_spoofing
3,jamming_spoofing,medium,30,UAV-009,115,134,jamming_spoofing
3,jamming_spoofing,medium,30,UAV-009,120,139,jamming_spoofing
3,jamming_spoofing,medium,30,UAV-009,125,144,jamming_spoofing
3,jamming_spoofing,medium,30,UAV-009,130,149,jamming_spoofing
3,jamming_spoofing,medium,30,UAV-009,135,154,jamming_spoofing
3,jamming_spoofing,medium,30,UAV-009,140,159,jamming_spoofing
3,jamming_spoofing,medium,30,UAV-009,145,164,jamming_spoofing
3,jamming_spoofing,medium,30,UAV-009,150,169,jamming_spoofing
3,jamming_spoofing,medium,30,UAV-009,155,174,jamming_spoofing
3,jamming_spoofing,medium,30,UAV-009,160,179,jamming_spoofing
3,jamming_spoofing,medium,30,UAV-009,165,184,jamming_spoofing
3,jamming_spoofing,medium,30,UAV-009,170,189,jamming_spoofing
3,jamming_spoofing,medium,30,UAV-009,175,194,normal
3,jamming_spoofing,medium,30,UAV-009,180,199,normal
3,jamming_spoofing,medium,30,UAV-009,185,204,normal
3,jamming_spoofing,medium,30,UAV-009,190,209,normal
3,jamming_spoofing,medium,30,UAV-009,195,214,normal
3,jamming_spoofing,medium,30,UAV-009,200,219,normal
3,jamming_spoofing,medium,30,UAV-009,205,224,normal
3,jamming_spoofing,medium,30,UAV-009,210,229,normal
3,jamming_spoofing,medium,30,UAV-009,215,234,normal
3,jamming_spoofing,medium,30,UAV-009,220,239,normal
3,jamming_spoofing,medium,30,UAV-023,0,19,normal
3,jamming_spoofing,medium,30,UAV-023,5,24,normal
3,jamming_spoofing,medium,30,UAV-023,10,29,normal
3,jamming_spoofing,medium,30,UAV-023,15,34,normal
3,jamming_spoofing,medium,30,UAV-023,20,39,normal
3,jamming_spoofing,medium,30,UAV-023,25,44,normal
3,jamming_spoofing,medium,30,UAV-023,30,49,normal
3,jamming_spoofing,medium,30,UAV-023,35,54,normal
3,jamming_spoofing,medium,30,UAV-023,40,59,normal
3,jamming_spoofing,medium,30,UAV-023,45,64,normal
3,jamming_spoofing,medium,30,UAV-023,50,69,jamming_spoofing
3,jamming_spoofing,medium,30,UAV-023,55,74,jamming_spoofing
3,jamming_spoofing,medium,30,UAV-023,60,79,jamming_spoofing
3,jamming_spoofing,medium,30,UAV-023,65,84,jamming_spoofing
3,jamming_spoofing,medium,30,UAV-023,70,89,jamming_spoofing
3,jamming_spoofing,medium,30,UAV-023,75,94,jamming_spoofing
3,jamming_spoofing,medium,30,UAV-023,80,99,jamming_spoofing
3,jamming_spoofing,medium,30,UAV-023,85,104,jamming_spoofing
3,jamming_spoofing,medium,30,UAV-023,90,109,jamming_spoofing
3,jamming_spoofing,medium,30,UAV-023,95,114,jamming_spoofing
3,jamming_spoofing,medium,30,UAV-023,100,119,jamming_spoofing
3,jamming_spoofing,medium,30,UAV-023,105,124,jamming_spoofing
3,jamming_spoofing,medium,30,UAV-023,110,129,jamming_spoofing
3,jamming_spoofing,medium,30,UAV-023,115,134,jamming_spoofing
3,jamming_spoofing,medium,30,UAV-023,120,139,jamming_spoofing
3,jamming_spoofing,medium,30,UAV-023,125,144,jamming_spoofing
3,jamming_spoofing,medium,30,UAV-023,130,149,jamming_spoofing
3,jamming_spoofing,medium,30,UAV-023,135,154,jamming_spoofing
3,jamming_spoofing,medium,30,UAV-023,140,159,jamming_spoofing
3,jamming_spoofing,medium,30,UAV-023,145,164,jamming_spoofing
3,jamming_spoofing,medium,30,UAV-023,150,169,jamming_spoofing
3,jamming_spoofing,medium,30,UAV-023,155,174,jamming_spoofing
3,jamming_spoofing,medium,30,UAV-023,160,179,jamming_spoofing
3,jamming_spoofing,medium,30,UAV-023,165,184,jamming_spoofing
3,jamming_spoofing,medium,30,UAV-023,170,189,jamming_spoofing
3,jamming_spoofing,medium,30,UAV-023,175,194,normal
3,jamming_spoofing,medium,30,UAV-023,180,199,normal
3,jamming_spoofing,medium,30,UAV-023,185,204,normal
3,jamming_spoofing,medium,30,UAV-023,190,209,normal
3,jamming_spoofing,medium,30,UAV-023,195,214,normal
3,jamming_spoofing,medium,30,UAV-023,200,219,normal
3,jamming_spoofing,medium,30,UAV-023,205,224,normal
3,jamming_spoofing,medium,30,UAV-023,210,229,normal
3,jamming_spoofing,medium,30,UAV-023,215,234,normal
3,jamming_spoofing,medium,30,UAV-023,220,239,normal
3,jamming_spoofing,medium,30,UAV-026,0,19,normal
3,jamming_spoofing,medium,30,UAV-026,5,24,normal
3,jamming_spoofing,medium,30,UAV-026,10,29,normal
3,jamming_spoofing,medium,30,UAV-026,15,34,normal
3,jamming_spoofing,medium,30,UAV-026,20,39,normal
3,jamming_spoofing,medium,30,UAV-026,25,44,normal
3,jamming_spoofing,medium,30,UAV-026,30,49,normal
3,jamming_spoofing,medium,30,UAV-026,35,54,normal
3,jamming_spoofing,medium,30,UAV-026,40,59,normal
3,jamming_spoofing,medium,30,UAV-026,45,64,normal
3,jamming_spoofing,medium,30,UAV-026,50,69,jamming_spoofing
3,jamming_spoofing,medium,30,UAV-026,55,74,jamming_spoofing
3,jamming_spoofing,medium,30,UAV-026,60,79,jamming_spoofing
3,jamming_spoofing,medium,30,UAV-026,65,84,jamming_spoofing
3,jamming_spoofing,medium,30,UAV-026,70,89,jamming_spoofing
3,jamming_spoofing,medium,30,UAV-026,75,94,jamming_spoofing
3,jamming_spoofing,medium,30,UAV-026,80,99,jamming_spoofing
3,jamming_spoofing,medium,30,UAV-026,85,104,jamming_spoofing
3,jamming_spoofing,medium,30,UAV-026,90,109,jamming_spoofing
3,jamming_spoofing,medium,30,UAV-026,95,114,jamming_spoofing
3,jamming_spoofing,medium,30,UAV-026,100,119,jamming_spoofing
3,jamming_spoofing,medium,30,UAV-026,105,124,jamming_spoofing
3,jamming_spoofing,medium,30,UAV-026,110,129,jamming_spoofing
3,jamming_spoofing,medium,30,UAV-026,115,134,jamming_spoofing
3,jamming_spoofing,medium,30,UAV-026,120,139,jamming_spoofing
3,jamming_spoofing,medium,30,UAV-026,125,144,jamming_spoofing
3,jamming_spoofing,medium,30,UAV-026,130,149,jamming_spoofing
3,jamming_spoofing,medium,30,UAV-026,135,154,jamming_spoofing
3,jamming_spoofing,medium,30,UAV-026,140,159,jamming_spoofing
3,jamming_spoofing,medium,30,UAV-026,145,164,jamming_spoofing
3,jamming_spoofing,medium,30,UAV-026,150,169,jamming_spoofing
3,jamming_spoofing,medium,30,UAV-026,155,174,jamming_spoofing
3,jamming_spoofing,medium,30,UAV-026,160,179,jamming_spoofing
3,jamming_spoofing,medium,30,UAV-026,165,184,jamming_spoofing
3,jamming_spoofing,medium,30,UAV-026,170,189,normal
3,jamming_spoofing,medium,30,UAV-026,175,194,normal
3,jamming_spoofing,medium,30,UAV-026,180,199,normal
3,jamming_spoofing,medium,30,UAV-026,185,204,normal
3,jamming_spoofing,medium,30,UAV-026,190,209,normal
3,jamming_spoofing,medium,30,UAV-026,195,214,normal
3,jamming_spoofing,medium,30,UAV-026,200,219,normal
3,jamming_spoofing,medium,30,UAV-026,205,224,normal
3,jamming_spoofing,medium,30,UAV-026,210,229,normal
3,jamming_spoofing,medium,30,UAV-026,215,234,normal
3,jamming_spoofing,medium,30,UAV-026,220,239,normal
3,jamming_tampering,high,20,UAV-005,0,19,normal
3,jamming_tampering,high,20,UAV-005,5,24,normal
3,jamming_tampering,high,20,UAV-005,10,29,normal
3,jamming_tampering,high,20,UAV-005,15,34,normal
3,jamming_tampering,high,20,UAV-005,20,39,normal
3,jamming_tampering,high,20,UAV-005,25,44,normal
3,jamming_tampering,high,20,UAV-005,30,49,normal
3,jamming_tampering,high,20,UAV-005,35,54,normal
3,jamming_tampering,high,20,UAV-005,40,58,normal
3,jamming_tampering,high,20,UAV-005,45,63,normal
3,jamming_tampering,high,20,UAV-005,50,68,jamming_tampering
3,jamming_tampering,high,20,UAV-005,54,74,jamming_tampering
3,jamming_tampering,high,20,UAV-005,59,80,jamming_tampering
3,jamming_tampering,high,20,UAV-005,64,85,jamming_tampering
3,jamming_tampering,high,20,UAV-005,69,89,jamming_tampering
3,jamming_tampering,high,20,UAV-005,75,93,jamming_tampering
3,jamming_tampering,high,20,UAV-005,81,98,jamming_tampering
3,jamming_tampering,high,20,UAV-005,86,103,jamming_tampering
3,jamming_tampering,high,20,UAV-005,89,109,jamming_tampering
3,jamming_tampering,high,20,UAV-005,93,116,jamming_tampering
3,jamming_tampering,high,20,UAV-005,99,118,jamming_tampering
3,jamming_tampering,high,20,UAV-005,104,122,jamming_tampering
3,jamming_tampering,high,20,UAV-005,110,129,jamming_tampering
3,jamming_tampering,high,20,UAV-005,117,134,jamming_tampering
3,jamming_tampering,high,20,UAV-005,119,138,jamming_tampering
3,jamming_tampering,high,20,UAV-005,123,143,jamming_tampering
3,jamming_tampering,high,20,UAV-005,130,147,jamming_tampering
3,jamming_tampering,high,20,UAV-005,135,151,jamming_tampering
3,jamming_tampering,high,20,UAV-005,139,156,jamming_tampering
3,jamming_tampering,high,20,UAV-005,143,164,jamming_tampering
3,jamming_tampering,high,20,UAV-005,148,171,jamming_tampering
3,jamming_tampering,high,20,UAV-005,152,175,jamming_tampering
3,jamming_tampering,high,20,UAV-005,159,179,jamming_tampering
3,jamming_tampering,high,20,UAV-005,165,184,jamming_tampering
3,jamming_tampering,high,20,UAV-005,172,189,jamming_tampering
3,jamming_tampering,high,20,UAV-005,175,194,normal
3,jamming_tampering,high,20,UAV-005,180,199,normal
3,jamming_tampering,high,20,UAV-005,185,204,normal
3,jamming_tampering,high,20,UAV-005,190,209,normal
3,jamming_tampering,high,20,UAV-005,195,214,normal
3,jamming_tampering,high,20,UAV-005,200,219,normal
3,jamming_tampering,high,20,UAV-005,205,224,normal
3,jamming_tampering,high,20,UAV-005,210,229,normal
3,jamming_tampering,high,20,UAV-005,215,234,normal
3,jamming_tampering,high,20,UAV-005,220,239,normal
3,jamming_tampering,low,30,UAV-008,0,19,normal
3,jamming_tampering,low,30,UAV-008,5,24,normal
3,jamming_tampering,low,30,UAV-008,10,29,normal
3,jamming_tampering,low,30,UAV-008,15,34,normal
3,jamming_tampering,low,30,UAV-008,20,39,normal
3,jamming_tampering,low,30,UAV-008,25,44,normal
3,jamming_tampering,low,30,UAV-008,30,49,normal
3,jamming_tampering,low,30,UAV-008,35,54,normal
3,jamming_tampering,low,30,UAV-008,40,59,normal
3,jamming_tampering,low,30,UAV-008,45,64,normal
3,jamming_tampering,low,30,UAV-008,50,69,normal
3,jamming_tampering,low,30,UAV-008,55,74,normal
3,jamming_tampering,low,30,UAV-008,60,78,jamming_tampering
3,jamming_tampering,low,30,UAV-008,65,83,jamming_tampering
3,jamming_tampering,low,30,UAV-008,69,89,jamming_tampering
3,jamming_tampering,low,30,UAV-008,74,93,jamming_tampering
3,jamming_tampering,low,30,UAV-008,79,99,jamming_tampering
3,jamming_tampering,low,30,UAV-008,84,104,jamming_tampering
3,jamming_tampering,low,30,UAV-008,90,109,jamming_tampering
3,jamming_tampering,low,30,UAV-008,94,114,jamming_tampering
3,jamming_tampering,low,30,UAV-008,100,119,jamming_tampering
3,jamming_tampering,low,30,UAV-008,105,124,jamming_tampering
3,jamming_tampering,low,30,UAV-008,110,129,normal
3,jamming_tampering,low,30,UAV-008,115,134,normal
3,jamming_tampering,low,30,UAV-008,120,139,jamming_tampering
3,jamming_tampering,low,30,UAV-008,125,144,jamming_tampering
3,jamming_tampering,low,30,UAV-008,130,149,jamming_tampering
3,jamming_tampering,low,30,UAV-008,135,153,jamming_tampering
3,jamming_tampering,low,30,UAV-008,140,158,jamming_tampering
3,jamming_tampering,low,30,UAV-008,145,164,jamming_tampering
3,jamming_tampering,low,30,UAV-008,150,169,jamming_tampering
3,jamming_tampering,low,30,UAV-008,154,175,normal
3,jamming_tampering,low,30,UAV-008,159,180,normal
3,jamming_tampering,low,30,UAV-008,165,184,jamming_tampering
3,jamming_tampering,low,30,UAV-008,170,189,normal
3,jamming_tampering,low,30,UAV-008,176,194,normal
3,jamming_tampering,low,30,UAV-008,181,199,normal
3,jamming_tampering,low,30,UAV-008,185,204,normal
3,jamming_tampering,low,30,UAV-008,190,209,normal
3,jamming_tampering,low,30,UAV-008,195,214,normal
3,jamming_tampering,low,30,UAV-008,200,219,normal
3,jamming_tampering,low,30,UAV-008,205,224,normal
3,jamming_tampering,low,30,UAV-008,210,229,normal
3,jamming_tampering,low,30,UAV-008,215,234,normal
3,jamming_tampering,low,30,UAV-008,220,239,normal
3,jamming_tampering,low,30,UAV-011,0,19,normal
3,jamming_tampering,low,30,UAV-011,5,24,normal
3,jamming_tampering,low,30,UAV-011,10,29,normal
3,jamming_tampering,low,30,UAV-011,15,34,normal
3,jamming_tampering,low,30,UAV-011,20,39,normal
3,jamming_tampering,low,30,UAV-011,25,44,normal
3,jamming_tampering,low,30,UAV-011,30,49,normal
3,jamming_tampering,low,30,UAV-011,35,54,normal
3,jamming_tampering,low,30,UAV-011,40,58,normal
3,jamming_tampering,low,30,UAV-011,45,63,normal
3,jamming_tampering,low,30,UAV-011,50,69,normal
3,jamming_tampering,low,30,UAV-011,55,74,jamming_tampering
3,jamming_tampering,low,30,UAV-011,59,79,jamming_tampering
3,jamming_tampering,low,30,UAV-011,64,84,jamming_tampering
3,jamming_tampering,low,30,UAV-011,70,88,jamming_tampering
3,jamming_tampering,low,30,UAV-011,75,91,jamming_tampering
3,jamming_tampering,low,30,UAV-011,80,96,jamming_tampering
3,jamming_tampering,low,30,UAV-011,85,104,jamming_tampering
3,jamming_tampering,low,30,UAV-011,89,109,jamming_tampering
3,jamming_tampering,low,30,UAV-011,92,115,jamming_tampering
3,jamming_tampering,low,30,UAV-011,98,119,jamming_tampering
3,jamming_tampering,low,30,UAV-011,105,124,jamming_tampering
3,jamming_tampering,low,30,UAV-011,110,128,jamming_tampering
3,jamming_tampering,low,30,UAV-011,116,133,jamming_tampering
3,jamming_tampering,low,30,UAV-011,120,138,jamming_tampering
3,jamming_tampering,low,30,UAV-011,125,144,jamming_tampering
3,jamming_tampering,low,30,UAV-011,129,149,jamming_tampering
3,jamming_tampering,low,30,UAV-011,134,155,jamming_tampering
3,jamming_tampering,low,30,UAV-011,139,159,normal
3,jamming_tampering,low,30,UAV-011,145,163,jamming_tampering
3,jamming_tampering,low,30,UAV-011,150,169,jamming_tampering
3,jamming_tampering,low,30,UAV-011,156,174,jamming_tampering
3,jamming_tampering,low,30,UAV-011,160,179,jamming_tampering
3,jamming_tampering,low,30,UAV-011,165,184,jamming_tampering
3,jamming_tampering,low,30,UAV-011,170,189,normal
3,jamming_tampering,low,30,UAV-011,175,194,normal
3,jamming_tampering,low,30,UAV-011,180,199,normal
3,jamming_tampering,low,30,UAV-011,185,204,normal
3,jamming_tampering,low,30,UAV-011,190,209,normal
3,jamming_tampering,low,30,UAV-011,195,214,normal
3,jamming_tampering,low,30,UAV-011,200,219,normal
3,jamming_tampering,low,30,UAV-011,205,224,normal
3,jamming_tampering,low,30,UAV-011,210,229,normal
3,jamming_tampering,low,30,UAV-011,215,234,normal
3,jamming_tampering,low,30,UAV-011,220,239,normal
3,jamming_tampering,low,30,UAV-022,0,19,normal
3,jamming_tampering,low,30,UAV-022,5,24,normal
3,jamming_tampering,low,30,UAV-022,10,29,normal
3,jamming_tampering,low,30,UAV-022,15,34,normal
3,jamming_tampering,low,30,UAV-022,20,39,normal
3,jamming_tampering,low,30,UAV-022,25,44,normal
3,jamming_tampering,low,30,UAV-022,30,49,normal
3,jamming_tampering,low,30,UAV-022,35,54,normal
3,jamming_tampering,low,30,UAV-022,40,59,normal
3,jamming_tampering,low,30,UAV-022,45,64,normal
3,jamming_tampering,low,30,UAV-022,50,69,normal
3,jamming_tampering,low,30,UAV-022,55,74,normal
3,jamming_tampering,low,30,UAV-022,60,79,normal
3,jamming_tampering,low,30,UAV-022,65,84,normal
3,jamming_tampering,low,30,UAV-022,70,90,jamming_tampering
3,jamming_tampering,low,30,UAV-022,75,94,jamming_tampering
3,jamming_tampering,low,30,UAV-022,80,98,jamming_tampering
3,jamming_tampering,low,30,UAV-022,85,104,jamming_tampering
3,jamming_tampering,low,30,UAV-022,90,109,jamming_tampering
3,jamming_tampering,low,30,UAV-022,95,114,jamming_tampering
3,jamming_tampering,low,30,UAV-022,99,120,normal
3,jamming_tampering,low,30,UAV-022,105,124,jamming_tampering
3,jamming_tampering,low,30,UAV-022,110,130,jamming_tampering
3,jamming_tampering,low,30,UAV-022,115,134,jamming_tampering
3,jamming_tampering,low,30,UAV-022,121,140,jamming_tampering
3,jamming_tampering,low,30,UAV-022,125,144,jamming_tampering
3,jamming_tampering,low,30,UAV-022,131,150,jamming_tampering
3,jamming_tampering,low,30,UAV-022,135,154,jamming_tampering
3,jamming_tampering,low,30,UAV-022,141,158,jamming_tampering
3,jamming_tampering,low,30,UAV-022,145,164,jamming_tampering
3,jamming_tampering,low,30,UAV-022,151,169,normal
3,jamming_tampering,low,30,UAV-022,155,174,jamming_tampering
3,jamming_tampering,low,30,UAV-022,159,179,jamming_tampering
3,jamming_tampering,low,30,UAV-022,165,184,normal
3,jamming_tampering,low,30,UAV-022,170,189,normal
3,jamming_tampering,low,30,UAV-022,175,194,normal
3,jamming_tampering,low,30,UAV-022,180,199,normal
3,jamming_tampering,low,30,UAV-022,185,204,normal
3,jamming_tampering,low,30,UAV-022,190,209,normal
3,jamming_tampering,low,30,UAV-022,195,214,normal
3,jamming_tampering,low,30,UAV-022,200,219,normal
3,jamming_tampering,low,30,UAV-022,205,224,normal
3,jamming_tampering,low,30,UAV-022,210,229,normal
3,jamming_tampering,low,30,UAV-022,215,234,normal
3,jamming_tampering,low,30,UAV-022,220,239,normal
3,jamming_tampering,low,30,UAV-027,0,19,normal
3,jamming_tampering,low,30,UAV-027,5,24,normal
3,jamming_tampering,low,30,UAV-027,10,29,normal
3,jamming_tampering,low,30,UAV-027,15,34,normal
3,jamming_tampering,low,30,UAV-027,20,39,normal
3,jamming_tampering,low,30,UAV-027,25,44,normal
3,jamming_tampering,low,30,UAV-027,30,49,normal
3,jamming_tampering,low,30,UAV-027,35,54,normal
3,jamming_tampering,low,30,UAV-027,40,59,normal
3,jamming_tampering,low,30,UAV-027,45,64,normal
3,jamming_tampering,low,30,UAV-027,50,69,normal
3,jamming_tampering,low,30,UAV-027,55,75,normal
3,jamming_tampering,low,30,UAV-027,60,80,jamming_tampering
3,jamming_tampering,low,30,UAV-027,65,85,jamming_tampering
3,jamming_tampering,low,30,UAV-027,71,89,jamming_tampering
3,jamming_tampering,low,30,UAV-027,76,94,jamming_tampering
3,jamming_tampering,low,30,UAV-027,81,97,jamming_tampering
3,jamming_tampering,low,30,UAV-027,86,103,jamming_tampering
3,jamming_tampering,low,30,UAV-027,90,109,jamming_tampering
3,jamming_tampering,low,30,UAV-027,94,115,jamming_tampering
3,jamming_tampering,low,30,UAV-027,98,119,jamming_tampering
3,jamming_tampering,low,30,UAV-027,104,123,jamming_tampering
3,jamming_tampering,low,30,UAV-027,110,128,jamming_tampering
3,jamming_tampering,low,30,UAV-027,115,134,jamming_tampering
3,jamming_tampering,low,30,UAV-027,119,139,jamming_tampering
3,jamming_tampering,low,30,UAV-027,124,145,jamming_tampering
3,jamming_tampering,low,30,UAV-027,129,150,jamming_tampering
3,jamming_tampering,low,30,UAV-027,135,154,jamming_tampering
3,jamming_tampering,low,30,UAV-027,140,159,jamming_tampering
3,jamming_tampering,low,30,UAV-027,146,164,jamming_tampering
3,jamming_tampering,low,30,UAV-027,151,168,normal
3,jamming_tampering,low,30,UAV-027,155,173,normal
3,jamming_tampering,low,30,UAV-027,160,179,normal
3,jamming_tampering,low,30,UAV-027,165,184,jamming_tampering
3,jamming_tampering,low,30,UAV-027,169,189,normal
3,jamming_tampering,low,30,UAV-027,174,194,normal
3,jamming_tampering,low,30,UAV-027,180,199,normal
3,jamming_tampering,low,30,UAV-027,185,204,normal
3,jamming_tampering,low,30,UAV-027,190,209,normal
3,jamming_tampering,low,30,UAV-027,195,214,normal
3,jamming_tampering,low,30,UAV-027,200,219,normal
3,jamming_tampering,low,30,UAV-027,205,224,normal
3,jamming_tampering,low,30,UAV-027,210,229,normal
3,jamming_tampering,low,30,UAV-027,215,234,normal
3,jamming_tampering,low,30,UAV-027,220,239,normal
3,jamming_tampering,low,30,UAV-029,0,19,normal
3,jamming_tampering,low,30,UAV-029,5,24,normal
3,jamming_tampering,low,30,UAV-029,10,29,normal
3,jamming_tampering,low,30,UAV-029,15,34,normal
3,jamming_tampering,low,30,UAV-029,20,39,normal
3,jamming_tampering,low,30,UAV-029,25,44,normal
3,jamming_tampering,low,30,UAV-029,30,49,normal
3,jamming_tampering,low,30,UAV-029,35,54,normal
3,jamming_tampering,low,30,UAV-029,40,59,normal
3,jamming_tampering,low,30,UAV-029,45,64,normal
3,jamming_tampering,low,30,UAV-029,50,68,jamming_tampering
3,jamming_tampering,low,30,UAV-029,55,74,jamming_tampering
3,jamming_tampering,low,30,UAV-029,60,79,jamming_tampering
3,jamming_tampering,low,30,UAV-029,64,83,jamming_tampering
3,jamming_tampering,low,30,UAV-029,70,88,jamming_tampering
3,jamming_tampering,low,30,UAV-029,75,94,jamming_tampering
3,jamming_tampering,low,30,UAV-029,80,99,jamming_tampering
3,jamming_tampering,low,30,UAV-029,84,105,jamming_tampering
3,jamming_tampering,low,30,UAV-029,89,109,jamming_tampering
3,jamming_tampering,low,30,UAV-029,96,113,jamming_tampering
3,jamming_tampering,low,30,UAV-029,100,117,normal
3,jamming_tampering,low,30,UAV-029,106,122,normal
3,jamming_tampering,low,30,UAV-029,110,128,normal
3,jamming_tampering,low,30,UAV-029,114,134,jamming_tampering
3,jamming_tampering,low,30,UAV-029,118,139,normal
3,jamming_tampering,low,30,UAV-029,124,145,jamming_tampering
3,jamming_tampering,low,30,UAV-029,130,149,jamming_tampering
3,jamming_tampering,low,30,UAV-029,135,153,jamming_tampering
3,jamming_tampering,low,30,UAV-029,140,158,jamming_tampering
3,jamming_tampering,low,30,UAV-029,146,163,normal
3,jamming_tampering,low,30,UAV-029,150,170,normal
3,jamming_tampering,low,30,UAV-029,154,173,jamming_tampering
3,jamming_tampering,low,30,UAV-029,159,179,jamming_tampering
3,jamming_tampering,low,30,UAV-029,164,184,normal
3,jamming_tampering,low,30,UAV-029,170,189,normal
3,jamming_tampering,low,30,UAV-029,175,194,normal
3,jamming_tampering,low,30,UAV-029,180,199,normal
3,jamming_tampering,low,30,UAV-029,185,204,normal
3,jamming_tampering,low,30,UAV-029,190,209,normal
3,jamming_tampering,low,30,UAV-029,195,214,normal
3,jamming_tampering,low,30,UAV-029,200,219,normal
3,jamming_tampering,low,30,UAV-029,205,224,normal
3,jamming_tampering,low,30,UAV-029,210,229,normal
3,jamming_tampering,low,30,UAV-029,215,234,normal
3,jamming_tampering,low,30,UAV-029,220,239,normal
3,jamming_tampering,medium,20,UAV-002,0,19,normal
3,jamming_tampering,medium,20,UAV-002,5,24,normal
3,jamming_tampering,medium,20,UAV-002,10,29,normal
3,jamming_tampering,medium,20,UAV-002,15,34,normal
3,jamming_tampering,medium,20,UAV-002,20,39,normal
3,jamming_tampering,medium,20,UAV-002,25,44,normal
3,jamming_tampering,medium,20,UAV-002,30,49,normal
3,jamming_tampering,medium,20,UAV-002,35,54,normal
3,jamming_tampering,medium,20,UAV-002,40,59,normal
3,jamming_tampering,medium,20,UAV-002,45,65,normal
3,jamming_tampering,medium,20,UAV-002,50,70,normal
3,jamming_tampering,medium,20,UAV-002,55,75,jamming_tampering
3,jamming_tampering,medium,20,UAV-002,61,79,jamming_tampering
3,jamming_tampering,medium,20,UAV-002,66,85,jamming_tampering
3,jamming_tampering,medium,20,UAV-002,72,90,jamming_tampering
3,jamming_tampering,medium,20,UAV-002,76,94,jamming_tampering
3,jamming_tampering,medium,20,UAV-002,80,98,jamming_tampering
3,jamming_tampering,medium,20,UAV-002,86,105,jamming_tampering
3,jamming_tampering,medium,20,UAV-002,91,109,jamming_tampering
3,jamming_tampering,medium,20,UAV-002,94,113,jamming_tampering
3,jamming_tampering,medium,20,UAV-002,100,118,jamming_tampering
3,jamming_tampering,medium,20,UAV-002,106,124,jamming_tampering
3,jamming_tampering,medium,20,UAV-002,110,131,jamming_tampering
3,jamming_tampering,medium,20,UAV-002,114,135,jamming_tampering
3,jamming_tampering,medium,20,UAV-002,119,140,jamming_tampering
3,jamming_tampering,medium,20,UAV-002,125,144,jamming_tampering
3,jamming_tampering,medium,20,UAV-002,132,149,jamming_tampering
3,jamming_tampering,medium,20,UAV-002,136,153,jamming_tampering
3,jamming_tampering,medium,20,UAV-002,140,158,jamming_tampering
3,jamming_tampering,medium,20,UAV-002,145,163,jamming_tampering
3,jamming_tampering,medium,20,UAV-002,150,168,jamming_tampering
3,jamming_tampering,medium,20,UAV-002,154,173,jamming_tampering
3,jamming_tampering,medium,20,UAV-002,159,178,jamming_tampering
3,jamming_tampering,medium,20,UAV-002,164,184,normal
3,jamming_tampering,medium,20,UAV-002,169,189,normal
3,jamming_tampering,medium,20,UAV-002,174,194,normal
3,jamming_tampering,medium,20,UAV-002,180,199,normal
3,jamming_tampering,medium,20,UAV-002,185,204,normal
3,jamming_tampering,medium,20,UAV-002,190,209,normal
3,jamming_tampering,medium,20,UAV-002,195,214,normal
3,jamming_tampering,medium,20,UAV-002,200,219,normal
3,jamming_tampering,medium,20,UAV-002,205,224,normal
3,jamming_tampering,medium,20,UAV-002,210,229,normal
3,jamming_tampering,medium,20,UAV-002,215,234,normal
3,jamming_tampering,medium,20,UAV-002,220,239,normal
3,jamming_tampering,medium,30,UAV-003,0,19,normal
3,jamming_tampering,medium,30,UAV-003,5,24,normal
3,jamming_tampering,medium,30,UAV-003,10,29,normal
3,jamming_tampering,medium,30,UAV-003,15,34,normal
3,jamming_tampering,medium,30,UAV-003,20,39,normal
3,jamming_tampering,medium,30,UAV-003,25,44,normal
3,jamming_tampering,medium,30,UAV-003,30,49,normal
3,jamming_tampering,medium,30,UAV-003,35,54,normal
3,jamming_tampering,medium,30,UAV-003,40,59,normal
3,jamming_tampering,medium,30,UAV-003,45,64,normal
3,jamming_tampering,medium,30,UAV-003,50,70,normal
3,jamming_tampering,medium,30,UAV-003,55,74,jamming_tampering
3,jamming_tampering,medium,30,UAV-003,60,79,jamming_tampering
3,jamming_tampering,medium,30,UAV-003,66,84,jamming_tampering
3,jamming_tampering,medium,30,UAV-003,71,88,jamming_tampering
3,jamming_tampering,medium,30,UAV-003,75,94,jamming_tampering
3,jamming_tampering,medium,30,UAV-003,80,97,jamming_tampering
3,jamming_tampering,medium,30,UAV-003,85,102,jamming_tampering
3,jamming_tampering,medium,30,UAV-003,90,108,jamming_tampering
3,jamming_tampering,medium,30,UAV-003,95,113,jamming_tampering
3,jamming_tampering,medium,30,UAV-003,98,119,jamming_tampering
3,jamming_tampering,medium,30,UAV-003,103,124,jamming_tampering
3,jamming_tampering,medium,30,UAV-003,109,128,jamming_tampering
3,jamming_tampering,medium,30,UAV-003,114,132,jamming_tampering
3,jamming_tampering,medium,30,UAV-003,120,136,jamming_tampering
3,jamming_tampering,medium,30,UAV-003,125,141,jamming_tampering
3,jamming_tampering,medium,30,UAV-003,129,148,jamming_tampering
3,jamming_tampering,medium,30,UAV-003,133,153,jamming_tampering
3,jamming_tampering,medium,30,UAV-003,137,158,jamming_tampering
3,jamming_tampering,medium,30,UAV-003,142,164,jamming_tampering
3,jamming_tampering,medium,30,UAV-003,149,169,jamming_tampering
3,jamming_tampering,medium,30,UAV-003,154,174,jamming_tampering
3,jamming_tampering,medium,30,UAV-003,159,179,jamming_tampering
3,jamming_tampering,medium,30,UAV-003,164,184,jamming_tampering
3,jamming_tampering,medium,30,UAV-003,170,189,normal
3,jamming_tampering,medium,30,UAV-003,175,194,normal
3,jamming_tampering,medium,30,UAV-003,180,199,normal
3,jamming_tampering,medium,30,UAV-003,185,204,normal
3,jamming_tampering,medium,30,UAV-003,190,209,normal
3,jamming_tampering,medium,30,UAV-003,195,214,normal
3,jamming_tampering,medium,30,UAV-003,200,219,normal
3,jamming_tampering,medium,30,UAV-003,205,224,normal
3,jamming_tampering,medium,30,UAV-003,210,229,normal
3,jamming_tampering,medium,30,UAV-003,215,234,normal
3,jamming_tampering,medium,30,UAV-003,220,239,normal
3,normal,none,20,UAV-005,0,19,normal
3,normal,none,20,UAV-005,5,24,normal
3,normal,none,20,UAV-005,10,29,normal
3,normal,none,20,UAV-005,15,34,normal
3,normal,none,20,UAV-005,20,39,normal
3,normal,none,20,UAV-005,25,44,normal
3,normal,none,20,UAV-005,30,49,normal
3,normal,none,20,UAV-005,35,54,normal
3,normal,none,20,UAV-005,40,59,normal
3,normal,none,20,UAV-005,45,64,normal
3,normal,none,20,UAV-005,50,69,normal
3,normal,none,20,UAV-005,55,74,normal
3,normal,none,20,UAV-005,60,79,normal
3,normal,none,20,UAV-005,65,84,normal
3,normal,none,20,UAV-005,70,89,normal
3,normal,none,20,UAV-005,75,94,normal
3,normal,none,20,UAV-005,80,99,normal
3,normal,none,20,UAV-005,85,104,normal
3,normal,none,20,UAV-005,90,109,normal
3,normal,none,20,UAV-005,95,114,normal
3,normal,none,20,UAV-005,100,119,normal
3,normal,none,20,UAV-005,105,124,normal
3,normal,none,20,UAV-005,110,129,normal
3,normal,none,20,UAV-005,115,134,normal
3,normal,none,20,UAV-005,120,139,normal
3,normal,none,20,UAV-005,125,144,normal
3,normal,none,20,UAV-005,130,149,normal
3,normal,none,20,UAV-005,135,154,normal
3,normal,none,20,UAV-005,140,159,normal
3,normal,none,20,UAV-005,145,164,normal
3,normal,none,20,UAV-005,150,169,normal
3,normal,none,20,UAV-005,155,174,normal
3,normal,none,20,UAV-005,160,179,normal
3,normal,none,20,UAV-005,165,184,normal
3,normal,none,20,UAV-005,170,189,normal
3,normal,none,20,UAV-005,175,194,normal
3,normal,none,20,UAV-005,180,199,normal
3,normal,none,20,UAV-005,185,204,normal
3,normal,none,20,UAV-005,190,209,normal
3,normal,none,20,UAV-005,195,214,normal
3,normal,none,20,UAV-005,200,219,normal
3,normal,none,20,UAV-005,205,224,normal
3,normal,none,20,UAV-005,210,229,normal
3,normal,none,20,UAV-005,215,234,normal
3,normal,none,20,UAV-005,220,239,normal
3,spoofing,high,30,UAV-013,0,19,normal
3,spoofing,high,30,UAV-013,5,24,normal
3,spoofing,high,30,UAV-013,10,29,normal
3,spoofing,high,30,UAV-013,15,34,normal
3,spoofing,high,30,UAV-013,20,39,normal
3,spoofing,high,30,UAV-013,25,44,normal
3,spoofing,high,30,UAV-013,30,49,normal
3,spoofing,high,30,UAV-013,35,54,normal
3,spoofing,high,30,UAV-013,40,59,normal
3,spoofing,high,30,UAV-013,45,64,normal
3,spoofing,high,30,UAV-013,50,69,spoofing
3,spoofing,high,30,UAV-013,55,74,spoofing
3,spoofing,high,30,UAV-013,60,79,spoofing
3,spoofing,high,30,UAV-013,65,84,spoofing
3,spoofing,high,30,UAV-013,70,89,spoofing
3,spoofing,high,30,UAV-013,75,94,spoofing
3,spoofing,high,30,UAV-013,80,99,spoofing
3,spoofing,high,30,UAV-013,85,104,spoofing
3,spoofing,high,30,UAV-013,90,109,spoofing
3,spoofing,high,30,UAV-013,95,114,spoofing
3,spoofing,high,30,UAV-013,100,119,spoofing
3,spoofing,high,30,UAV-013,105,124,spoofing
3,spoofing,high,30,UAV-013,110,129,spoofing
3,spoofing,high,30,UAV-013,115,134,spoofing
3,spoofing,high,30,UAV-013,120,139,spoofing
3,spoofing,high,30,UAV-013,125,144,spoofing
3,spoofing,high,30,UAV-013,130,149,spoofing
3,spoofing,high,30,UAV-013,135,154,spoofing
3,spoofing,high,30,UAV-013,140,159,spoofing
3,spoofing,high,30,UAV-013,145,164,spoofing
3,spoofing,high,30,UAV-013,150,169,spoofing
3,spoofing,high,30,UAV-013,155,174,spoofing
3,spoofing,high,30,UAV-013,160,179,spoofing
3,spoofing,high,30,UAV-013,165,184,spoofing
3,spoofing,high,30,UAV-013,170,189,spoofing
3,spoofing,high,30,UAV-013,175,194,normal
3,spoofing,high,30,UAV-013,180,199,normal
3,spoofing,high,30,UAV-013,185,204,normal
3,spoofing,high,30,UAV-013,190,209,normal
3,spoofing,high,30,UAV-013,195,214,normal
3,spoofing,high,30,UAV-013,200,219,normal
3,spoofing,high,30,UAV-013,205,224,normal
3,spoofing,high,30,UAV-013,210,229,normal
3,spoofing,high,30,UAV-013,215,234,normal
3,spoofing,high,30,UAV-013,220,239,normal
3,spoofing,high,30,UAV-025,0,19,normal
3,spoofing,high,30,UAV-025,5,24,normal
3,spoofing,high,30,UAV-025,10,29,normal
3,spoofing,high,30,UAV-025,15,34,normal
3,spoofing,high,30,UAV-025,20,39,normal
3,spoofing,high,30,UAV-025,25,44,normal
3,spoofing,high,30,UAV-025,30,49,normal
3,spoofing,high,30,UAV-025,35,54,normal
3,spoofing,high,30,UAV-025,40,59,normal
3,spoofing,high,30,UAV-025,45,64,normal
3,spoofing,high,30,UAV-025,50,69,spoofing
3,spoofing,high,30,UAV-025,55,74,spoofing
3,spoofing,high,30,UAV-025,60,79,spoofing
3,spoofing,high,30,UAV-025,65,84,spoofing
3,spoofing,high,30,UAV-025,70,89,spoofing
3,spoofing,high,30,UAV-025,75,94,spoofing
3,spoofing,high,30,UAV-025,80,99,spoofing
3,spoofing,high,30,UAV-025,85,104,spoofing
3,spoofing,high,30,UAV-025,90,109,spoofing
3,spoofing,high,30,UAV-025,95,114,spoofing
3,spoofing,high,30,UAV-025,100,119,spoofing
3,spoofing,high,30,UAV-025,105,124,spoofing
3,spoofing,high,30,UAV-025,110,129,spoofing
3,spoofing,high,30,UAV-025,115,134,spoofing
3,spoofing,high,30,UAV-025,120,139,spoofing
3,spoofing,high,30,UAV-025,125,144,spoofing
3,spoofing,high,30,UAV-025,130,149,spoofing
3,spoofing,high,30,UAV-025,135,154,spoofing
3,spoofing,high,30,UAV-025,140,159,spoofing
3,spoofing,high,30,UAV-025,145,164,spoofing
3,spoofing,high,30,UAV-025,150,169,spoofing
3,spoofing,high,30,UAV-025,155,174,spoofing
3,spoofing,high,30,UAV-025,160,179,spoofing
3,spoofing,high,30,UAV-025,165,184,spoofing
3,spoofing,high,30,UAV-025,170,189,spoofing
3,spoofing,high,30,UAV-025,175,194,normal
3,spoofing,high,30,UAV-025,180,199,normal
3,spoofing,high,30,UAV-025,185,204,normal
3,spoofing,high,30,UAV-025,190,209,normal
3,spoofing,high,30,UAV-025,195,214,normal
3,spoofing,high,30,UAV-025,200,219,normal
3,spoofing,high,30,UAV-025,205,224,normal
3,spoofing,high,30,UAV-025,210,229,normal
3,spoofing,high,30,UAV-025,215,234,normal
3,spoofing,high,30,UAV-025,220,239,normal
3,spoofing,low,10,UAV-001,0,19,normal
3,spoofing,low,10,UAV-001,5,24,normal
3,spoofing,low,10,UAV-001,10,29,normal
3,spoofing,low,10,UAV-001,15,34,normal
3,spoofing,low,10,UAV-001,20,39,normal
3,spoofing,low,10,UAV-001,25,44,normal
3,spoofing,low,10,UAV-001,30,49,normal
3,spoofing,low,10,UAV-001,35,54,normal
3,spoofing,low,10,UAV-001,40,59,normal
3,spoofing,low,10,UAV-001,45,64,normal
3,spoofing,low,10,UAV-001,50,69,normal
3,spoofing,low,10,UAV-001,55,74,normal
3,spoofing,low,10,UAV-001,60,79,normal
3,spoofing,low,10,UAV-001,65,84,spoofing
3,spoofing,low,10,UAV-001,70,89,spoofing
3,spoofing,low,10,UAV-001,75,94,spoofing
3,spoofing,low,10,UAV-001,80,99,spoofing
3,spoofing,low,10,UAV-001,85,104,spoofing
3,spoofing,low,10,UAV-001,90,109,spoofing
3,spoofing,low,10,UAV-001,95,114,normal
3,spoofing,low,10,UAV-001,100,119,normal
3,spoofing,low,10,UAV-001,105,124,normal
3,spoofing,low,10,UAV-001,110,129,spoofing
3,spoofing,low,10,UAV-001,115,134,spoofing
3,spoofing,low,10,UAV-001,120,139,spoofing
3,spoofing,low,10,UAV-001,125,144,spoofing
3,spoofing,low,10,UAV-001,130,149,spoofing
3,spoofing,low,10,UAV-001,135,154,spoofing
3,spoofing,low,10,UAV-001,140,159,spoofing
3,spoofing,low,10,UAV-001,145,164,spoofing
3,spoofing,low,10,UAV-001,150,169,spoofing
3,spoofing,low,10,UAV-001,155,174,normal
3,spoofing,low,10,UAV-001,160,179,normal
3,spoofing,low,10,UAV-001,165,184,normal
3,spoofing,low,10,UAV-001,170,189,normal
3,spoofing,low,10,UAV-001,175,194,normal
3,spoofing,low,10,UAV-001,180,199,normal
3,spoofing,low,10,UAV-001,185,204,normal
3,spoofing,low,10,UAV-001,190,209,normal
3,spoofing,low,10,UAV-001,195,214,normal
3,spoofing,low,10,UAV-001,200,219,normal
3,spoofing,low,10,UAV-001,205,224,normal
3,spoofing,low,10,UAV-001,210,229,normal
3,spoofing,low,10,UAV-001,215,234,normal
3,spoofing,low,10,UAV-001,220,239,normal
3,spoofing,medium,10,UAV-005,0,19,normal
3,spoofing,medium,10,UAV-005,5,24,normal
3,spoofing,medium,10,UAV-005,10,29,normal
3,spoofing,medium,10,UAV-005,15,34,normal
3,spoofing,medium,10,UAV-005,20,39,normal
3,spoofing,medium,10,UAV-005,25,44,normal
3,spoofing,medium,10,UAV-005,30,49,normal
3,spoofing,medium,10,UAV-005,35,54,normal
3,spoofing,medium,10,UAV-005,40,59,normal
3,spoofing,medium,10,UAV-005,45,64,normal
3,spoofing,medium,10,UAV-005,50,69,normal
3,spoofing,medium,10,UAV-005,55,74,spoofing
3,spoofing,medium,10,UAV-005,60,79,spoofing
3,spoofing,medium,10,UAV-005,65,84,spoofing
3,spoofing,medium,10,UAV-005,70,89,spoofing
3,spoofing,medium,10,UAV-005,75,94,spoofing
3,spoofing,medium,10,UAV-005,80,99,spoofing
3,spoofing,medium,10,UAV-005,85,104,spoofing
3,spoofing,medium,10,UAV-005,90,109,spoofing
3,spoofing,medium,10,UAV-005,95,114,spoofing
3,spoofing,medium,10,UAV-005,100,119,spoofing
3,spoofing,medium,10,UAV-005,105,124,spoofing
3,spoofing,medium,10,UAV-005,110,129,spoofing
3,spoofing,medium,10,UAV-005,115,134,spoofing
3,spoofing,medium,10,UAV-005,120,139,spoofing
3,spoofing,medium,10,UAV-005,125,144,spoofing
3,spoofing,medium,10,UAV-005,130,149,spoofing
3,spoofing,medium,10,UAV-005,135,154,spoofing
3,spoofing,medium,10,UAV-005,140,159,spoofing
3,spoofing,medium,10,UAV-005,145,164,spoofing
3,spoofing,medium,10,UAV-005,150,169,spoofing
3,spoofing,medium,10,UAV-005,155,174,spoofing
3,spoofing,medium,10,UAV-005,160,179,spoofing
3,spoofing,medium,10,UAV-005,165,184,spoofing
3,spoofing,medium,10,UAV-005,170,189,normal
3,spoofing,medium,10,UAV-005,175,194,normal
3,spoofing,medium,10,UAV-005,180,199,normal
3,spoofing,medium,10,UAV-005,185,204,normal
3,spoofing,medium,10,UAV-005,190,209,normal
3,spoofing,medium,10,UAV-005,195,214,normal
3,spoofing,medium,10,UAV-005,200,219,normal
3,spoofing,medium,10,UAV-005,205,224,normal
3,spoofing,medium,10,UAV-005,210,229,normal
3,spoofing,medium,10,UAV-005,215,234,normal
3,spoofing,medium,10,UAV-005,220,239,normal
3,spoofing,medium,30,UAV-007,0,19,normal
3,spoofing,medium,30,UAV-007,5,24,normal
3,spoofing,medium,30,UAV-007,10,29,normal
3,spoofing,medium,30,UAV-007,15,34,normal
3,spoofing,medium,30,UAV-007,20,39,normal
3,spoofing,medium,30,UAV-007,25,44,normal
3,spoofing,medium,30,UAV-007,30,49,normal
3,spoofing,medium,30,UAV-007,35,54,normal
3,spoofing,medium,30,UAV-007,40,59,normal
3,spoofing,medium,30,UAV-007,45,64,normal
3,spoofing,medium,30,UAV-007,50,69,normal
3,spoofing,medium,30,UAV-007,55,74,spoofing
3,spoofing,medium,30,UAV-007,60,79,spoofing
3,spoofing,medium,30,UAV-007,65,84,spoofing
3,spoofing,medium,30,UAV-007,70,89,spoofing
3,spoofing,medium,30,UAV-007,75,94,spoofing
3,spoofing,medium,30,UAV-007,80,99,spoofing
3,spoofing,medium,30,UAV-007,85,104,spoofing
3,spoofing,medium,30,UAV-007,90,109,spoofing
3,spoofing,medium,30,UAV-007,95,114,spoofing
3,spoofing,medium,30,UAV-007,100,119,spoofing
3,spoofing,medium,30,UAV-007,105,124,spoofing
3,spoofing,medium,30,UAV-007,110,129,spoofing
3,spoofing,medium,30,UAV-007,115,134,spoofing
3,spoofing,medium,30,UAV-007,120,139,spoofing
3,spoofing,medium,30,UAV-007,125,144,spoofing
3,spoofing,medium,30,UAV-007,130,149,spoofing
3,spoofing,medium,30,UAV-007,135,154,spoofing
3,spoofing,medium,30,UAV-007,140,159,spoofing
3,spoofing,medium,30,UAV-007,145,164,spoofing
3,spoofing,medium,30,UAV-007,150,169,spoofing
3,spoofing,medium,30,UAV-007,155,174,spoofing
3,spoofing,medium,30,UAV-007,160,179,spoofing
3,spoofing,medium,30,UAV-007,165,184,spoofing
3,spoofing,medium,30,UAV-007,170,189,normal
3,spoofing,medium,30,UAV-007,175,194,normal
3,spoofing,medium,30,UAV-007,180,199,normal
3,spoofing,medium,30,UAV-007,185,204,normal
3,spoofing,medium,30,UAV-007,190,209,normal
3,spoofing,medium,30,UAV-007,195,214,normal
3,spoofing,medium,30,UAV-007,200,219,normal
3,spoofing,medium,30,UAV-007,205,224,normal
3,spoofing,medium,30,UAV-007,210,229,normal
3,spoofing,medium,30,UAV-007,215,234,normal
3,spoofing,medium,30,UAV-007,220,239,normal
3,spoofing_tampering,high,20,UAV-007,0,19,normal
3,spoofing_tampering,high,20,UAV-007,5,24,normal
3,spoofing_tampering,high,20,UAV-007,10,29,normal
3,spoofing_tampering,high,20,UAV-007,15,34,normal
3,spoofing_tampering,high,20,UAV-007,20,39,normal
3,spoofing_tampering,high,20,UAV-007,25,44,normal
3,spoofing_tampering,high,20,UAV-007,30,48,normal
3,spoofing_tampering,high,20,UAV-007,35,52,normal
3,spoofing_tampering,high,20,UAV-007,40,56,normal
3,spoofing_tampering,high,20,UAV-007,45,61,normal
3,spoofing_tampering,high,20,UAV-007,49,68,spoofing_tampering
3,spoofing_tampering,high,20,UAV-007,53,72,spoofing_tampering
3,spoofing_tampering,high,20,UAV-007,57,76,spoofing_tampering
3,spoofing_tampering,high,20,UAV-007,62,81,spoofing_tampering
3,spoofing_tampering,high,20,UAV-007,69,88,spoofing_tampering
3,spoofing_tampering,high,20,UAV-007,73,95,spoofing_tampering
3,spoofing_tampering,high,20,UAV-007,77,100,spoofing_tampering
3,spoofing_tampering,high,20,UAV-007,82,105,spoofing_tampering
3,spoofing_tampering,high,20,UAV-007,89,109,spoofing_tampering
3,spoofing_tampering,high,20,UAV-007,96,114,spoofing_tampering
3,spoofing_tampering,high,20,UAV-007,101,121,spoofing_tampering
3,spoofing_tampering,high,20,UAV-007,105,125,spoofing_tampering
3,spoofing_tampering,high,20,UAV-007,110,130,spoofing_tampering
3,spoofing_tampering,high,20,UAV-007,116,135,spoofing_tampering
3,spoofing_tampering,high,20,UAV-007,121,140,spoofing_tampering
3,spoofing_tampering,high,20,UAV-007,127,144,spoofing_tampering
3,spoofing_tampering,high,20,UAV-007,131,151,spoofing_tampering
3,spoofing_tampering,high,20,UAV-007,136,157,spoofing_tampering
3,spoofing_tampering,high,20,UAV-007,140,164,spoofing_tampering
3,spoofing_tampering,high,20,UAV-007,144,168,spoofing_tampering
3,spoofing_tampering,high,20,UAV-007,152,172,spoofing_tampering
3,spoofing_tampering,high,20,UAV-007,159,174,spoofing_tampering
3,spoofing_tampering,high,20,UAV-007,165,179,spoofing_tampering
3,spoofing_tampering,high,20,UAV-007,169,184,spoofing_tampering
3,spoofing_tampering,high,20,UAV-007,172,189,spoofing_tampering
3,spoofing_tampering,high,20,UAV-007,174,194,normal
3,spoofing_tampering,high,20,UAV-007,181,199,normal
3,spoofing_tampering,high,20,UAV-007,185,204,normal
3,spoofing_tampering,high,20,UAV-007,190,209,normal
3,spoofing_tampering,high,20,UAV-007,195,214,normal
3,spoofing_tampering,high,20,UAV-007,200,219,normal
3,spoofing_tampering,high,20,UAV-007,205,224,normal
3,spoofing_tampering,high,20,UAV-007,210,229,normal
3,spoofing_tampering,high,20,UAV-007,215,234,normal
3,spoofing_tampering,high,20,UAV-007,220,239,normal
3,spoofing_tampering,low,10,UAV-004,0,19,normal
3,spoofing_tampering,low,10,UAV-004,5,24,normal
3,spoofing_tampering,low,10,UAV-004,10,29,normal
3,spoofing_tampering,low,10,UAV-004,15,34,normal
3,spoofing_tampering,low,10,UAV-004,20,39,normal
3,spoofing_tampering,low,10,UAV-004,25,44,normal
3,spoofing_tampering,low,10,UAV-004,30,49,normal
3,spoofing_tampering,low,10,UAV-004,35,54,normal
3,spoofing_tampering,low,10,UAV-004,40,59,normal
3,spoofing_tampering,low,10,UAV-004,45,63,normal
3,spoofing_tampering,low,10,UAV-004,50,69,normal
3,spoofing_tampering,low,10,UAV-004,55,74,normal
3,spoofing_tampering,low,10,UAV-004,60,79,normal
3,spoofing_tampering,low,10,UAV-004,65,84,normal
3,spoofing_tampering,low,10,UAV-004,70,88,normal
3,spoofing_tampering,low,10,UAV-004,75,93,normal
3,spoofing_tampering,low,10,UAV-004,80,98,spoofing_tampering
3,spoofing_tampering,low,10,UAV-004,85,103,spoofing_tampering
3,spoofing_tampering,low,10,UAV-004,89,109,spoofing_tampering
3,spoofing_tampering,low,10,UAV-004,94,114,spoofing_tampering
3,spoofing_tampering,low,10,UAV-004,99,119,spoofing_tampering
3,spoofing_tampering,low,10,UAV-004,104,123,spoofing_tampering
3,spoofing_tampering,low,10,UAV-004,110,128,spoofing_tampering
3,spoofing_tampering,low,10,UAV-004,115,134,spoofing_tampering
3,spoofing_tampering,low,10,UAV-004,120,139,spoofing_tampering
3,spoofing_tampering,low,10,UAV-004,124,144,spoofing_tampering
3,spoofing_tampering,low,10,UAV-004,129,149,spoofing_tampering
3,spoofing_tampering,low,10,UAV-004,135,154,normal
3,spoofing_tampering,low,10,UAV-004,140,160,spoofing_tampering
3,spoofing_tampering,low,10,UAV-004,145,164,spoofing_tampering
3,spoofing_tampering,low,10,UAV-004,150,169,normal
3,spoofing_tampering,low,10,UAV-004,155,174,normal
3,spoofing_tampering,low,10,UAV-004,160,179,normal
3,spoofing_tampering,low,10,UAV-004,165,184,normal
3,spoofing_tampering,low,10,UAV-004,170,189,normal
3,spoofing_tampering,low,10,UAV-004,175,194,normal
3,spoofing_tampering,low,10,UAV-004,180,199,normal
3,spoofing_tampering,low,10,UAV-004,185,204,normal
3,spoofing_tampering,low,10,UAV-004,190,209,normal
3,spoofing_tampering,low,10,UAV-004,195,214,normal
3,spoofing_tampering,low,10,UAV-004,200,219,normal
3,spoofing_tampering,low,10,UAV-004,205,224,normal
3,spoofing_tampering,low,10,UAV-004,210,229,normal
3,spoofing_tampering,low,10,UAV-004,215,234,normal
3,spoofing_tampering,low,10,UAV-004,220,239,normal
3,spoofing_tampering,low,10,UAV-005,0,19,normal
3,spoofing_tampering,low,10,UAV-005,5,24,normal
3,spoofing_tampering,low,10,UAV-005,10,29,normal
3,spoofing_tampering,low,10,UAV-005,15,34,normal
3,spoofing_tampering,low,10,UAV-005,20,39,normal
3,spoofing_tampering,low,10,UAV-005,25,44,normal
3,spoofing_tampering,low,10,UAV-005,30,49,normal
3,spoofing_tampering,low,10,UAV-005,35,54,normal
3,spoofing_tampering,low,10,UAV-005,40,59,normal
3,spoofing_tampering,low,10,UAV-005,45,64,normal
3,spoofing_tampering,low,10,UAV-005,50,69,normal
3,spoofing_tampering,low,10,UAV-005,55,74,normal
3,spoofing_tampering,low,10,UAV-005,60,79,spoofing_tampering
3,spoofing_tampering,low,10,UAV-005,65,85,spoofing_tampering
3,spoofing_tampering,low,10,UAV-005,70,91,spoofing_tampering
3,spoofing_tampering,low,10,UAV-005,75,94,spoofing_tampering
3,spoofing_tampering,low,10,UAV-005,80,99,spoofing_tampering
3,spoofing_tampering,low,10,UAV-005,86,105,spoofing_tampering
3,spoofing_tampering,low,10,UAV-005,91,110,spoofing_tampering
3,spoofing_tampering,low,10,UAV-005,95,114,spoofing_tampering
3,spoofing_tampering,low,10,UAV-005,100,119,spoofing_tampering
3,spoofing_tampering,low,10,UAV-005,106,124,spoofing_tampering
3,spoofing_tampering,low,10,UAV-005,111,129,spoofing_tampering
3,spoofing_tampering,low,10,UAV-005,115,133,spoofing_tampering
3,spoofing_tampering,low,10,UAV-005,120,138,spoofing_tampering
3,spoofing_tampering,low,10,UAV-005,125,142,spoofing_tampering
3,spoofing_tampering,low,10,UAV-005,130,148,spoofing_tampering
3,spoofing_tampering,low,10,UAV-005,134,154,spoofing_tampering
3,spoofing_tampering,low,10,UAV-005,139,159,spoofing_tampering
3,spoofing_tampering,low,10,UAV-005,143,163,spoofing_tampering
3,spoofing_tampering,low,10,UAV-005,149,169,spoofing_tampering
3,spoofing_tampering,low,10,UAV-005,155,174,normal
3,spoofing_tampering,low,10,UAV-005,160,179,normal
3,spoofing_tampering,low,10,UAV-005,164,185,normal
3,spoofing_tampering,low,10,UAV-005,170,189,normal
3,spoofing_tampering,low,10,UAV-005,175,194,normal
3,spoofing_tampering,low,10,UAV-005,181,199,normal
3,spoofing_tampering,low,10,UAV-005,186,204,normal
3,spoofing_tampering,low,10,UAV-005,190,209,normal
3,spoofing_tampering,low,10,UAV-005,195,214,normal
3,spoofing_tampering,low,10,UAV-005,200,219,normal
3,spoofing_tampering,low,10,UAV-005,205,224,normal
3,spoofing_tampering,low,10,UAV-005,210,229,normal
3,spoofing_tampering,low,10,UAV-005,215,234,normal
3,spoofing_tampering,low,10,UAV-005,220,239,normal
3,spoofing_tampering,low,30,UAV-021,0,19,normal
3,spoofing_tampering,low,30,UAV-021,5,24,normal
3,spoofing_tampering,low,30,UAV-021,10,29,normal
3,spoofing_tampering,low,30,UAV-021,15,34,normal
3,spoofing_tampering,low,30,UAV-021,20,39,normal
3,spoofing_tampering,low,30,UAV-021,25,44,normal
3,spoofing_tampering,low,30,UAV-021,30,49,normal
3,spoofing_tampering,low,30,UAV-021,35,54,normal
3,spoofing_tampering,low,30,UAV-021,40,59,normal
3,spoofing_tampering,low,30,UAV-021,45,64,normal
3,spoofing_tampering,low,30,UAV-021,50,69,normal
3,spoofing_tampering,low,30,UAV-021,55,74,normal
3,spoofing_tampering,low,30,UAV-021,60,79,normal
3,spoofing_tampering,low,30,UAV-021,65,84,normal
3,spoofing_tampering,low,30,UAV-021,70,89,spoofing_tampering
3,spoofing_tampering,low,30,UAV-021,75,94,spoofing_tampering
3,spoofing_tampering,low,30,UAV-021,81,99,spoofing_tampering
3,spoofing_tampering,low,30,UAV-021,85,104,spoofing_tampering
3,spoofing_tampering,low,30,UAV-021,90,108,normal
3,spoofing_tampering,low,30,UAV-021,95,113,spoofing_tampering
3,spoofing_tampering,low,30,UAV-021,100,119,spoofing_tampering
3,spoofing_tampering,low,30,UAV-021,105,124,spoofing_tampering
3,spoofing_tampering,low,30,UAV-021,109,129,spoofing_tampering
3,spoofing_tampering,low,30,UAV-021,114,133,spoofing_tampering
3,spoofing_tampering,low,30,UAV-021,120,138,spoofing_tampering
3,spoofing_tampering,low,30,UAV-021,126,144,spoofing_tampering
3,spoofing_tampering,low,30,UAV-021,130,148,spoofing_tampering
3,spoofing_tampering,low,30,UAV-021,133,153,spoofing_tampering
3,spoofing_tampering,low,30,UAV-021,139,159,spoofing_tampering
3,spoofing_tampering,low,30,UAV-021,145,164,spoofing_tampering
3,spoofing_tampering,low,30,UAV-021,148,170,spoofing_tampering
3,spoofing_tampering,low,30,UAV-021,155,175,normal
3,spoofing_tampering,low,30,UAV-021,160,180,normal
3,spoofing_tampering,low,30,UAV-021,165,184,normal
3,spoofing_tampering,low,30,UAV-021,171,189,normal
3,spoofing_tampering,low,30,UAV-021,176,194,normal
3,spoofing_tampering,low,30,UAV-021,181,199,normal
3,spoofing_tampering,low,30,UAV-021,185,204,normal
3,spoofing_tampering,low,30,UAV-021,190,209,normal
3,spoofing_tampering,low,30,UAV-021,195,214,normal
3,spoofing_tampering,low,30,UAV-021,200,219,normal
3,spoofing_tampering,low,30,UAV-021,205,224,normal
3,spoofing_tampering,low,30,UAV-021,210,229,normal
3,spoofing_tampering,low,30,UAV-021,215,234,normal
3,spoofing_tampering,low,30,UAV-021,220,239,normal
3,spoofing_tampering,low,30,UAV-023,0,19,normal
3,spoofing_tampering,low,30,UAV-023,5,24,normal
3,spoofing_tampering,low,30,UAV-023,10,29,normal
3,spoofing_tampering,low,30,UAV-023,15,34,normal
3,spoofing_tampering,low,30,UAV-023,20,39,normal
3,spoofing_tampering,low,30,UAV-023,25,44,normal
3,spoofing_tampering,low,30,UAV-023,30,49,normal
3,spoofing_tampering,low,30,UAV-023,35,54,normal
3,spoofing_tampering,low,30,UAV-023,40,59,normal
3,spoofing_tampering,low,30,UAV-023,45,63,normal
3,spoofing_tampering,low,30,UAV-023,50,68,normal
3,spoofing_tampering,low,30,UAV-023,55,74,spoofing_tampering
3,spoofing_tampering,low,30,UAV-023,59,79,spoofing_tampering
3,spoofing_tampering,low,30,UAV-023,64,84,spoofing_tampering
3,spoofing_tampering,low,30,UAV-023,69,88,spoofing_tampering
3,spoofing_tampering,low,30,UAV-023,75,93,normal
3,spoofing_tampering,low,30,UAV-023,80,99,spoofing_tampering
3,spoofing_tampering,low,30,UAV-023,84,104,spoofing_tampering
3,spoofing_tampering,low,30,UAV-023,89,109,normal
3,spoofing_tampering,low,30,UAV-023,94,115,spoofing_tampering
3,spoofing_tampering,low,30,UAV-023,100,120,normal
3,spoofing_tampering,low,30,UAV-023,105,125,spoofing_tampering
3,spoofing_tampering,low,30,UAV-023,110,130,spoofing_tampering
3,spoofing_tampering,low,30,UAV-023,116,134,spoofing_tampering
3,spoofing_tampering,low,30,UAV-023,120,139,spoofing_tampering
3,spoofing_tampering,low,30,UAV-023,126,145,spoofing_tampering
3,spoofing_tampering,low,30,UAV-023,131,149,spoofing_tampering
3,spoofing_tampering,low,30,UAV-023,135,155,spoofing_tampering
3,spoofing_tampering,low,30,UAV-023,140,160,spoofing_tampering
3,spoofing_tampering,low,30,UAV-023,146,163,spoofing_tampering
3,spoofing_tampering,low,30,UAV-023,150,168,spoofing_tampering
3,spoofing_tampering,low,30,UAV-023,156,174,spoofing_tampering
3,spoofing_tampering,low,30,UAV-023,161,180,spoofing_tampering
3,spoofing_tampering,low,30,UAV-023,165,185,spoofing_tampering
3,spoofing_tampering,low,30,UAV-023,169,189,normal
3,spoofing_tampering,low,30,UAV-023,176,194,normal
3,spoofing_tampering,low,30,UAV-023,181,199,normal
3,spoofing_tampering,low,30,UAV-023,186,204,normal
3,spoofing_tampering,low,30,UAV-023,190,209,normal
3,spoofing_tampering,low,30,UAV-023,195,214,normal
3,spoofing_tampering,low,30,UAV-023,200,219,normal
3,spoofing_tampering,low,30,UAV-023,205,224,normal
3,spoofing_tampering,low,30,UAV-023,210,229,normal
3,spoofing_tampering,low,30,UAV-023,215,234,normal
3,spoofing_tampering,low,30,UAV-023,220,239,normal
3,spoofing_tampering,medium,20,UAV-003,0,19,normal
3,spoofing_tampering,medium,20,UAV-003,5,24,normal
3,spoofing_tampering,medium,20,UAV-003,10,29,normal
3,spoofing_tampering,medium,20,UAV-003,15,34,normal
3,spoofing_tampering,medium,20,UAV-003,20,39,normal
3,spoofing_tampering,medium,20,UAV-003,25,44,normal
3,spoofing_tampering,medium,20,UAV-003,30,49,normal
3,spoofing_tampering,medium,20,UAV-003,35,54,normal
3,spoofing_tampering,medium,20,UAV-003,40,59,normal
3,spoofing_tampering,medium,20,UAV-003,45,64,normal
3,spoofing_tampering,medium,20,UAV-003,50,69,spoofing_tampering
3,spoofing_tampering,medium,20,UAV-003,55,74,spoofing_tampering
3,spoofing_tampering,medium,20,UAV-003,60,78,spoofing_tampering
3,spoofing_tampering,medium,20,UAV-003,64,84,spoofing_tampering
3,spoofing_tampering,medium,20,UAV-003,71,91,spoofing_tampering
3,spoofing_tampering,medium,20,UAV-003,75,95,spoofing_tampering
3,spoofing_tampering,medium,20,UAV-003,79,100,spoofing_tampering
3,spoofing_tampering,medium,20,UAV-003,85,104,spoofing_tampering
3,spoofing_tampering,medium,20,UAV-003,92,108,spoofing_tampering
3,spoofing_tampering,medium,20,UAV-003,96,112,spoofing_tampering
3,spoofing_tampering,medium,20,UAV-003,101,119,spoofing_tampering
3,spoofing_tampering,medium,20,UAV-003,105,125,spoofing_tampering
3,spoofing_tampering,medium,20,UAV-003,108,129,spoofing_tampering
3,spoofing_tampering,medium,20,UAV-003,113,133,spoofing_tampering
3,spoofing_tampering,medium,20,UAV-003,119,138,spoofing_tampering
3,spoofing_tampering,medium,20,UAV-003,126,143,spoofing_tampering
3,spoofing_tampering,medium,20,UAV-003,130,148,spoofing_tampering
3,spoofing_tampering,medium,20,UAV-003,134,152,spoofing_tampering
3,spoofing_tampering,medium,20,UAV-003,140,158,spoofing_tampering
3,spoofing_tampering,medium,20,UAV-003,144,164,spoofing_tampering
3,spoofing_tampering,medium,20,UAV-003,149,169,spoofing_tampering
3,spoofing_tampering,medium,20,UAV-003,153,173,spoofing_tampering
3,spoofing_tampering,medium,20,UAV-003,159,180,spoofing_tampering
3,spoofing_tampering,medium,20,UAV-003,165,185,spoofing_tampering
3,spoofing_tampering,medium,20,UAV-003,170,189,spoofing_tampering
3,spoofing_tampering,medium,20,UAV-003,174,194,normal
3,spoofing_tampering,medium,20,UAV-003,181,199,normal
3,spoofing_tampering,medium,20,UAV-003,186,204,normal
3,spoofing_tampering,medium,20,UAV-003,190,209,normal
3,spoofing_tampering,medium,20,UAV-003,195,214,normal
3,spoofing_tampering,medium,20,UAV-003,200,219,normal
3,spoofing_tampering,medium,20,UAV-003,205,224,normal
3,spoofing_tampering,medium,20,UAV-003,210,229,normal
3,spoofing_tampering,medium,20,UAV-003,215,234,normal
3,spoofing_tampering,medium,20,UAV-003,220,239,normal
3,tampering,high,30,UAV-013,0,19,normal
3,tampering,high,30,UAV-013,5,24,normal
3,tampering,high,30,UAV-013,10,29,normal
3,tampering,high,30,UAV-013,15,34,normal
3,tampering,high,30,UAV-013,20,39,normal
3,tampering,high,30,UAV-013,25,44,normal
3,tampering,high,30,UAV-013,30,49,normal
3,tampering,high,30,UAV-013,35,54,normal
3,tampering,high,30,UAV-013,40,59,normal
3,tampering,high,30,UAV-013,45,64,normal
3,tampering,high,30,UAV-013,50,70,tampering
3,tampering,high,30,UAV-013,55,75,tampering
3,tampering,high,30,UAV-013,60,79,tampering
3,tampering,high,30,UAV-013,65,83,tampering
3,tampering,high,30,UAV-013,71,88,tampering
3,tampering,high,30,UAV-013,76,94,tampering
3,tampering,high,30,UAV-013,80,99,tampering
3,tampering,high,30,UAV-013,84,104,tampering
3,tampering,high,30,UAV-013,89,109,tampering
3,tampering,high,30,UAV-013,96,113,tampering
3,tampering,high,30,UAV-013,100,120,tampering
3,tampering,high,30,UAV-013,105,125,tampering
3,tampering,high,30,UAV-013,110,129,tampering
3,tampering,high,30,UAV-013,114,132,tampering
3,tampering,high,30,UAV-013,121,136,tampering
3,tampering,high,30,UAV-013,126,142,tampering
3,tampering,high,30,UAV-013,130,145,tampering
3,tampering,high,30,UAV-013,132,150,tampering
3,tampering,high,30,UAV-013,137,157,tampering
3,tampering,high,30,UAV-013,143,163,tampering
3,tampering,high,30,UAV-013,146,166,tampering
3,tampering,high,30,UAV-013,151,174,tampering
3,tampering,high,30,UAV-013,158,181,tampering
3,tampering,high,30,UAV-013,164,185,tampering
3,tampering,high,30,UAV-013,167,190,tampering
3,tampering,high,30,UAV-013,176,194,tampering
3,tampering,high,30,UAV-013,182,199,normal
3,tampering,high,30,UAV-013,186,204,normal
3,tampering,high,30,UAV-013,191,209,normal
3,tampering,high,30,UAV-013,195,214,normal
3,tampering,high,30,UAV-013,200,219,normal
3,tampering,high,30,UAV-013,205,224,normal
3,tampering,high,30,UAV-013,210,229,normal
3,tampering,high,30,UAV-013,215,234,normal
3,tampering,high,30,UAV-013,220,239,normal
3,tampering,high,30,UAV-023,0,19,normal
3,tampering,high,30,UAV-023,5,24,normal
3,tampering,high,30,UAV-023,10,29,normal
3,tampering,high,30,UAV-023,15,34,normal
3,tampering,high,30,UAV-023,20,38,normal
3,tampering,high,30,UAV-023,25,43,normal
3,tampering,high,30,UAV-023,30,47,normal
3,tampering,high,30,UAV-023,35,52,normal
3,tampering,high,30,UAV-023,39,57,normal
3,tampering,high,30,UAV-023,44,63,normal
3,tampering,high,30,UAV-023,48,68,normal
3,tampering,high,30,UAV-023,53,76,tampering
3,tampering,high,30,UAV-023,58,81,tampering
3,tampering,high,30,UAV-023,64,85,tampering
3,tampering,high,30,UAV-023,69,90,tampering
3,tampering,high,30,UAV-023,77,94,tampering
3,tampering,high,30,UAV-023,82,97,tampering
3,tampering,high,30,UAV-023,85,103,tampering
3,tampering,high,30,UAV-023,91,107,tampering
3,tampering,high,30,UAV-023,95,114,tampering
3,tampering,high,30,UAV-023,98,118,tampering
3,tampering,high,30,UAV-023,104,122,tampering
3,tampering,high,30,UAV-023,108,128,tampering
3,tampering,high,30,UAV-023,114,134,tampering
3,tampering,high,30,UAV-023,119,138,tampering
3,tampering,high,30,UAV-023,123,144,tampering
3,tampering,high,30,UAV-023,130,147,tampering
3,tampering,high,30,UAV-023,135,153,tampering
3,tampering,high,30,UAV-023,139,159,tampering
3,tampering,high,30,UAV-023,145,164,tampering
3,tampering,high,30,UAV-023,148,169,tampering
3,tampering,high,30,UAV-023,154,176,tampering
3,tampering,high,30,UAV-023,160,179,tampering
3,tampering,high,30,UAV-023,165,184,tampering
3,tampering,high,30,UAV-023,169,189,tampering
3,tampering,high,30,UAV-023,177,194,tampering
3,tampering,high,30,UAV-023,180,199,normal
3,tampering,high,30,UAV-023,185,204,normal
3,tampering,high,30,UAV-023,190,209,normal
3,tampering,high,30,UAV-023,195,214,normal
3,tampering,high,30,UAV-023,200,219,normal
3,tampering,high,30,UAV-023,205,224,normal
3,tampering,high,30,UAV-023,210,229,normal
3,tampering,high,30,UAV-023,215,234,normal
3,tampering,high,30,UAV-023,220,239,normal
3,tampering,low,30,UAV-025,0,19,normal
3,tampering,low,30,UAV-025,5,24,normal
3,tampering,low,30,UAV-025,10,29,normal
3,tampering,low,30,UAV-025,15,34,normal
3,tampering,low,30,UAV-025,20,39,normal
3,tampering,low,30,UAV-025,25,44,normal
3,tampering,low,30,UAV-025,30,49,normal
3,tampering,low,30,UAV-025,35,53,normal
3,tampering,low,30,UAV-025,40,58,normal
3,tampering,low,30,UAV-025,45,64,normal
3,tampering,low,30,UAV-025,50,69,normal
3,tampering,low,30,UAV-025,54,73,normal
3,tampering,low,30,UAV-025,59,79,normal
3,tampering,low,30,UAV-025,65,84,tampering
3,tampering,low,30,UAV-025,70,90,normal
3,tampering,low,30,UAV-025,74,94,tampering
3,tampering,low,30,UAV-025,80,98,tampering
3,tampering,low,30,UAV-025,85,105,tampering
3,tampering,low,30,UAV-025,91,109,tampering
3,tampering,low,30,UAV-025,95,114,tampering
3,tampering,low,30,UAV-025,100,119,tampering
3,tampering,low,30,UAV-025,106,124,tampering
3,tampering,low,30,UAV-025,110,129,tampering
3,tampering,low,30,UAV-025,115,134,tampering
3,tampering,low,30,UAV-025,120,139,normal
3,tampering,low,30,UAV-025,125,144,normal
3,tampering,low,30,UAV-025,130,150,normal
3,tampering,low,30,UAV-025,135,155,tampering
3,tampering,low,30,UAV-025,140,159,tampering
3,tampering,low,30,UAV-025,145,163,tampering
3,tampering,low,30,UAV-025,151,169,tampering
3,tampering,low,30,UAV-025,155,174,tampering
3,tampering,low,30,UAV-025,160,178,tampering
3,tampering,low,30,UAV-025,165,184,normal
3,tampering,low,30,UAV-025,170,189,normal
3,tampering,low,30,UAV-025,175,194,normal
3,tampering,low,30,UAV-025,179,199,normal
3,tampering,low,30,UAV-025,185,204,normal
3,tampering,low,30,UAV-025,190,209,normal
3,tampering,low,30,UAV-025,195,214,normal
3,tampering,low,30,UAV-025,200,219,normal
3,tampering,low,30,UAV-025,205,224,normal
3,tampering,low,30,UAV-025,210,229,normal
3,tampering,low,30,UAV-025,215,234,normal
3,tampering,low,30,UAV-025,220,239,normal
3,tampering,medium,10,UAV-010,0,19,normal
3,tampering,medium,10,UAV-010,5,24,normal
3,tampering,medium,10,UAV-010,10,29,normal
3,tampering,medium,10,UAV-010,15,34,normal
3,tampering,medium,10,UAV-010,20,39,normal
3,tampering,medium,10,UAV-010,25,44,normal
3,tampering,medium,10,UAV-010,30,49,normal
3,tampering,medium,10,UAV-010,35,54,normal
3,tampering,medium,10,UAV-010,40,59,normal
3,tampering,medium,10,UAV-010,45,65,normal
3,tampering,medium,10,UAV-010,50,71,normal
3,tampering,medium,10,UAV-010,55,76,tampering
3,tampering,medium,10,UAV-010,60,81,tampering
3,tampering,medium,10,UAV-010,66,86,tampering
3,tampering,medium,10,UAV-010,72,91,tampering
3,tampering,medium,10,UAV-010,77,95,tampering
3,tampering,medium,10,UAV-010,82,100,tampering
3,tampering,medium,10,UAV-010,87,103,tampering
3,tampering,medium,10,UAV-010,92,107,tampering
3,tampering,medium,10,UAV-010,96,115,tampering
3,tampering,medium,10,UAV-010,101,121,tampering
3,tampering,medium,10,UAV-010,103,126,tampering
3,tampering,medium,10,UAV-010,108,128,tampering
3,tampering,medium,10,UAV-010,116,135,tampering
3,tampering,medium,10,UAV-010,122,139,tampering
3,tampering,medium,10,UAV-010,126,144,tampering
3,tampering,medium,10,UAV-010,129,150,tampering
3,tampering,medium,10,UAV-010,136,155,tampering
3,tampering,medium,10,UAV-010,140,159,tampering
3,tampering,medium,10,UAV-010,146,165,tampering
3,tampering,medium,10,UAV-010,151,170,tampering
3,tampering,medium,10,UAV-010,155,176,tampering
3,tampering,medium,10,UAV-010,160,181,tampering
3,tampering,medium,10,UAV-010,167,185,tampering
3,tampering,medium,10,UAV-010,171,189,tampering
3,tampering,medium,10,UAV-010,177,194,normal
3,tampering,medium,10,UAV-010,182,199,normal
3,tampering,medium,10,UAV-010,185,204,normal
3,tampering,medium,10,UAV-010,190,209,normal
3,tampering,medium,10,UAV-010,195,214,normal
3,tampering,medium,10,UAV-010,200,219,normal
3,tampering,medium,10,UAV-010,205,224,normal
3,tampering,medium,10,UAV-010,210,229,normal
3,tampering,medium,10,UAV-010,215,234,normal
3,tampering,medium,10,UAV-010,220,239,normal
3,tampering,medium,20,UAV-017,0,19,normal
3,tampering,medium,20,UAV-017,5,24,normal
3,tampering,medium,20,UAV-017,10,29,normal
3,tampering,medium,20,UAV-017,15,34,normal
3,tampering,medium,20,UAV-017,20,39,normal
3,tampering,medium,20,UAV-017,25,44,normal
3,tampering,medium,20,UAV-017,30,49,normal
3,tampering,medium,20,UAV-017,35,54,normal
3,tampering,medium,20,UAV-017,40,59,normal
3,tampering,medium,20,UAV-017,45,64,normal
3,tampering,medium,20,UAV-017,50,71,tampering
3,tampering,medium,20,UAV-017,55,75,tampering
3,tampering,medium,20,UAV-017,60,80,tampering
3,tampering,medium,20,UAV-017,65,84,tampering
3,tampering,medium,20,UAV-017,72,87,tampering
3,tampering,medium,20,UAV-017,76,93,tampering
3,tampering,medium,20,UAV-017,81,98,tampering
3,tampering,medium,20,UAV-017,84,102,tampering
3,tampering,medium,20,UAV-017,88,107,tampering
3,tampering,medium,20,UAV-017,93,112,tampering
3,tampering,medium,20,UAV-017,99,119,tampering
3,tampering,medium,20,UAV-017,103,125,tampering
3,tampering,medium,20,UAV-017,108,129,tampering
3,tampering,medium,20,UAV-017,114,134,tampering
3,tampering,medium,20,UAV-017,120,139,tampering
3,tampering,medium,20,UAV-017,126,144,tampering
3,tampering,medium,20,UAV-017,130,149,tampering
3,tampering,medium,20,UAV-017,135,154,tampering
3,tampering,medium,20,UAV-017,140,159,tampering
3,tampering,medium,20,UAV-017,145,164,tampering
3,tampering,medium,20,UAV-017,150,170,tampering
3,tampering,medium,20,UAV-017,155,177,tampering
3,tampering,medium,20,UAV-017,160,182,tampering
3,tampering,medium,20,UAV-017,166,186,tampering
3,tampering,medium,20,UAV-017,173,190,normal
3,tampering,medium,20,UAV-017,178,195,normal
3,tampering,medium,20,UAV-017,183,199,normal
3,tampering,medium,20,UAV-017,187,204,normal
3,tampering,medium,20,UAV-017,191,209,normal
3,tampering,medium,20,UAV-017,196,214,normal
3,tampering,medium,20,UAV-017,200,219,normal
3,tampering,medium,20,UAV-017,205,224,normal
3,tampering,medium,20,UAV-017,210,229,normal
3,tampering,medium,20,UAV-017,215,234,normal
3,tampering,medium,20,UAV-017,220,239,normal
3,tampering,medium,30,UAV-009,0,19,normal
3,tampering,medium,30,UAV-009,5,24,normal
3,tampering,medium,30,UAV-009,10,29,normal
3,tampering,medium,30,UAV-009,15,34,normal
3,tampering,medium,30,UAV-009,20,39,normal
3,tampering,medium,30,UAV-009,25,44,normal
3,tampering,medium,30,UAV-009,30,49,normal
3,tampering,medium,30,UAV-009,35,54,normal
3,tampering,medium,30,UAV-009,40,59,normal
3,tampering,medium,30,UAV-009,45,64,normal
3,tampering,medium,30,UAV-009,50,68,tampering
3,tampering,medium,30,UAV-009,55,73,tampering
3,tampering,medium,30,UAV-009,60,80,tampering
3,tampering,medium,30,UAV-009,65,86,tampering
3,tampering,medium,30,UAV-009,69,91,tampering
3,tampering,medium,30,UAV-009,74,95,tampering
3,tampering,medium,30,UAV-009,81,99,tampering
3,tampering,medium,30,UAV-009,87,103,tampering
3,tampering,medium,30,UAV-009,92,107,tampering
3,tampering,medium,30,UAV-009,96,114,tampering
3,tampering,medium,30,UAV-009,100,119,tampering
3,tampering,medium,30,UAV-009,104,124,tampering
3,tampering,medium,30,UAV-009,108,130,tampering
3,tampering,medium,30,UAV-009,115,135,tampering
3,tampering,medium,30,UAV-009,120,140,tampering
3,tampering,medium,30,UAV-009,125,144,tampering
3,tampering,medium,30,UAV-009,131,148,tampering
3,tampering,medium,30,UAV-009,136,153,tampering
3,tampering,medium,30,UAV-009,141,159,tampering
3,tampering,medium,30,UAV-009,144,164,tampering
3,tampering,medium,30,UAV-009,149,169,tampering
3,tampering,medium,30,UAV-009,154,174,tampering
3,tampering,medium,30,UAV-009,160,180,tampering
3,tampering,medium,30,UAV-009,165,185,tampering
3,tampering,medium,30,UAV-009,170,189,normal
3,tampering,medium,30,UAV-009,175,194,normal
3,tampering,medium,30,UAV-009,181,199,normal
3,tampering,medium,30,UAV-009,186,204,normal
3,tampering,medium,30,UAV-009,190,209,normal
3,tampering,medium,30,UAV-009,195,214,normal
3,tampering,medium,30,UAV-009,200,219,normal
3,tampering,medium,30,UAV-009,205,224,normal
3,tampering,medium,30,UAV-009,210,229,normal
3,tampering,medium,30,UAV-009,215,234,normal
3,tampering,medium,30,UAV-009,220,239,normal
4,combined,high,30,UAV-016,0,19,normal
4,combined,high,30,UAV-016,5,24,normal
4,combined,high,30,UAV-016,10,29,normal
4,combined,high,30,UAV-016,15,34,normal
4,combined,high,30,UAV-016,20,39,normal
4,combined,high,30,UAV-016,25,43,normal
4,combined,high,30,UAV-016,30,48,normal
4,combined,high,30,UAV-016,35,51,normal
4,combined,high,30,UAV-016,40,56,normal
4,combined,high,30,UAV-016,44,61,normal
4,combined,high,30,UAV-016,49,67,combined
4,combined,high,30,UAV-016,52,74,combined
4,combined,high,30,UAV-016,57,78,combined
4,combined,high,30,UAV-016,62,83,combined
4,combined,high,30,UAV-016,70,88,combined
4,combined,high,30,UAV-016,75,93,combined
4,combined,high,30,UAV-016,79,102,combined
4,combined,high,30,UAV-016,84,107,combined
4,combined,high,30,UAV-016,89,111,combined
4,combined,high,30,UAV-016,94,114,combined
4,combined,high,30,UAV-016,103,118,combined
4,combined,high,30,UAV-016,108,125,combined
4,combined,high,30,UAV-016,111,130,combined
4,combined,high,30,UAV-016,115,135,combined
4,combined,high,30,UAV-016,119,140,combined
4,combined,high,30,UAV-016,126,144,combined
4,combined,high,30,UAV-016,131,150,combined
4,combined,high,30,UAV-016,137,154,combined
4,combined,high,30,UAV-016,141,160,combined
4,combined,high,30,UAV-016,145,164,combined
4,combined,high,30,UAV-016,150,169,combined
4,combined,high,30,UAV-016,155,174,combined
4,combined,high,30,UAV-016,160,179,combined
4,combined,high,30,UAV-016,165,185,combined
4,combined,high,30,UAV-016,170,190,normal
4,combined,high,30,UAV-016,175,194,normal
4,combined,high,30,UAV-016,181,199,normal
4,combined,high,30,UAV-016,186,204,normal
4,combined,high,30,UAV-016,191,209,normal
4,combined,high,30,UAV-016,195,214,normal
4,combined,high,30,UAV-016,200,219,normal
4,combined,high,30,UAV-016,205,224,normal
4,combined,high,30,UAV-016,210,229,normal
4,combined,high,30,UAV-016,215,234,normal
4,combined,high,30,UAV-016,220,239,normal
4,combined,high,30,UAV-018,0,19,normal
4,combined,high,30,UAV-018,5,24,normal
4,combined,high,30,UAV-018,10,29,normal
4,combined,high,30,UAV-018,15,34,normal
4,combined,high,30,UAV-018,20,39,normal
4,combined,high,30,UAV-018,25,44,normal
4,combined,high,30,UAV-018,30,48,normal
4,combined,high,30,UAV-018,35,52,normal
4,combined,high,30,UAV-018,40,57,normal
4,combined,high,30,UAV-018,45,64,normal
4,combined,high,30,UAV-018,49,69,combined
4,combined,high,30,UAV-018,53,73,combined
4,combined,high,30,UAV-018,58,77,combined
4,combined,high,30,UAV-018,65,83,combined
4,combined,high,30,UAV-018,70,87,combined
4,combined,high,30,UAV-018,74,91,combined
4,combined,high,30,UAV-018,79,96,combined
4,combined,high,30,UAV-018,85,100,combined
4,combined,high,30,UAV-018,88,108,combined
4,combined,high,30,UAV-018,92,112,combined
4,combined,high,30,UAV-018,97,117,combined
4,combined,high,30,UAV-018,102,122,combined
4,combined,high,30,UAV-018,109,128,combined
4,combined,high,30,UAV-018,113,136,combined
4,combined,high,30,UAV-018,118,139,combined
4,combined,high,30,UAV-018,123,143,combined
4,combined,high,30,UAV-018,130,149,combined
4,combined,high,30,UAV-018,137,154,combined
4,combined,high,30,UAV-018,141,158,combined
4,combined,high,30,UAV-018,144,164,combined
4,combined,high,30,UAV-018,150,169,combined
4,combined,high,30,UAV-018,154,174,combined
4,combined,high,30,UAV-018,160,180,combined
4,combined,high,30,UAV-018,165,185,combined
4,combined,high,30,UAV-018,170,189,combined
4,combined,high,30,UAV-018,175,194,normal
4,combined,high,30,UAV-018,181,199,normal
4,combined,high,30,UAV-018,186,204,normal
4,combined,high,30,UAV-018,190,209,normal
4,combined,high,30,UAV-018,195,214,normal
4,combined,high,30,UAV-018,200,219,normal
4,combined,high,30,UAV-018,205,224,normal
4,combined,high,30,UAV-018,210,229,normal
4,combined,high,30,UAV-018,215,234,normal
4,combined,high,30,UAV-018,220,239,normal
4,combined,low,10,UAV-004,0,19,normal
4,combined,low,10,UAV-004,5,24,normal
4,combined,low,10,UAV-004,10,29,normal
4,combined,low,10,UAV-004,15,34,normal
4,combined,low,10,UAV-004,20,39,normal
4,combined,low,10,UAV-004,25,44,normal
4,combined,low,10,UAV-004,30,49,normal
4,combined,low,10,UAV-004,35,54,normal
4,combined,low,10,UAV-004,40,59,normal
4,combined,low,10,UAV-004,45,65,normal
4,combined,low,10,UAV-004,50,70,normal
4,combined,low,10,UAV-004,55,74,normal
4,combined,low,10,UAV-004,60,79,combined
4,combined,low,10,UAV-004,66,84,combined
4,combined,low,10,UAV-004,71,89,combined
4,combined,low,10,UAV-004,75,94,combined
4,combined,low,10,UAV-004,80,99,combined
4,combined,low,10,UAV-004,85,104,combined
4,combined,low,10,UAV-004,90,110,combined
4,combined,low,10,UAV-004,95,114,combined
4,combined,low,10,UAV-004,100,120,combined
4,combined,low,10,UAV-004,106,124,combined
4,combined,low,10,UAV-004,110,128,combined
4,combined,low,10,UAV-004,115,134,combined
4,combined,low,10,UAV-004,121,139,combined
4,combined,low,10,UAV-004,125,145,combined
4,combined,low,10,UAV-004,129,149,normal
4,combined,low,10,UAV-004,135,154,combined
4,combined,low,10,UAV-004,140,159,normal
4,combined,low,10,UAV-004,146,164,combined
4,combined,low,10,UAV-004,150,170,combined
4,combined,low,10,UAV-004,155,174,combined
4,combined,low,10,UAV-004,160,179,normal
4,combined,low,10,UAV-004,166,184,normal
4,combined,low,10,UAV-004,170,189,normal
4,combined,low,10,UAV-004,175,194,normal
4,combined,low,10,UAV-004,180,199,normal
4,combined,low,10,UAV-004,185,204,normal
4,combined,low,10,UAV-004,190,209,normal
4,combined,low,10,UAV-004,195,214,normal
4,combined,low,10,UAV-004,200,219,normal
4,combined,low,10,UAV-004,205,224,normal
4,combined,low,10,UAV-004,210,229,normal
4,combined,low,10,UAV-004,215,234,normal
4,combined,low,10,UAV-004,220,239,normal
4,combined,low,20,UAV-015,0,19,normal
4,combined,low,20,UAV-015,5,24,normal
4,combined,low,20,UAV-015,10,29,normal
4,combined,low,20,UAV-015,15,34,normal
4,combined,low,20,UAV-015,20,39,normal
4,combined,low,20,UAV-015,25,44,normal
4,combined,low,20,UAV-015,30,49,normal
4,combined,low,20,UAV-015,35,54,normal
4,combined,low,20,UAV-015,40,59,normal
4,combined,low,20,UAV-015,45,64,normal
4,combined,low,20,UAV-015,50,69,normal
4,combined,low,20,UAV-015,55,74,normal
4,combined,low,20,UAV-015,60,79,combined
4,combined,low,20,UAV-015,65,84,normal
4,combined,low,20,UAV-015,70,89,normal
4,combined,low,20,UAV-015,75,94,normal
4,combined,low,20,UAV-015,80,99,normal
4,combined,low,20,UAV-015,85,104,normal
4,combined,low,20,UAV-015,90,109,combined
4,combined,low,20,UAV-015,95,114,combined
4,combined,low,20,UAV-015,100,120,combined
4,combined,low,20,UAV-015,105,125,combined
4,combined,low,20,UAV-015,110,129,combined
4,combined,low,20,UAV-015,115,133,combined
4,combined,low,20,UAV-015,121,138,normal
4,combined,low,20,UAV-015,126,144,combined
4,combined,low,20,UAV-015,130,149,combined
4,combined,low,20,UAV-015,134,154,normal
4,combined,low,20,UAV-015,139,159,combined
4,combined,low,20,UAV-015,145,164,normal
4,combined,low,20,UAV-015,150,168,combined
4,combined,low,20,UAV-015,155,175,combined
4,combined,low,20,UAV-015,160,181,normal
4,combined,low,20,UAV-015,165,184,normal
4,combined,low,20,UAV-015,169,189,normal
4,combined,low,20,UAV-015,177,194,normal
4,combined,low,20,UAV-015,182,199,normal
4,combined,low,20,UAV-015,185,204,normal
4,combined,low,20,UAV-015,190,209,normal
4,combined,low,20,UAV-015,195,214,normal
4,combined,low,20,UAV-015,200,219,normal
4,combined,low,20,UAV-015,205,224,normal
4,combined,low,20,UAV-015,210,229,normal
4,combined,low,20,UAV-015,215,234,normal
4,combined,low,20,UAV-015,220,239,normal
4,jamming,high,20,UAV-004,0,19,normal
4,jamming,high,20,UAV-004,5,24,normal
4,jamming,high,20,UAV-004,10,29,normal
4,jamming,high,20,UAV-004,15,34,normal
4,jamming,high,20,UAV-004,20,39,normal
4,jamming,high,20,UAV-004,25,44,normal
4,jamming,high,20,UAV-004,30,49,normal
4,jamming,high,20,UAV-004,35,54,normal
4,jamming,high,20,UAV-004,40,59,normal
4,jamming,high,20,UAV-004,45,64,normal
4,jamming,high,20,UAV-004,50,69,jamming
4,jamming,high,20,UAV-004,55,74,jamming
4,jamming,high,20,UAV-004,60,79,jamming
4,jamming,high,20,UAV-004,65,84,jamming
4,jamming,high,20,UAV-004,70,89,jamming
4,jamming,high,20,UAV-004,75,94,jamming
4,jamming,high,20,UAV-004,80,99,jamming
4,jamming,high,20,UAV-004,85,104,jamming
4,jamming,high,20,UAV-004,90,109,jamming
4,jamming,high,20,UAV-004,95,114,jamming
4,jamming,high,20,UAV-004,100,119,jamming
4,jamming,high,20,UAV-004,105,124,jamming
4,jamming,high,20,UAV-004,110,129,jamming
4,jamming,high,20,UAV-004,115,134,jamming
4,jamming,high,20,UAV-004,120,139,jamming
4,jamming,high,20,UAV-004,125,144,jamming
4,jamming,high,20,UAV-004,130,149,jamming
4,jamming,high,20,UAV-004,135,154,jamming
4,jamming,high,20,UAV-004,140,159,jamming
4,jamming,high,20,UAV-004,145,164,jamming
4,jamming,high,20,UAV-004,150,169,jamming
4,jamming,high,20,UAV-004,155,174,jamming
4,jamming,high,20,UAV-004,160,179,jamming
4,jamming,high,20,UAV-004,165,184,jamming
4,jamming,high,20,UAV-004,170,189,jamming
4,jamming,high,20,UAV-004,175,194,normal
4,jamming,high,20,UAV-004,180,199,normal
4,jamming,high,20,UAV-004,185,204,normal
4,jamming,high,20,UAV-004,190,209,normal
4,jamming,high,20,UAV-004,195,214,normal
4,jamming,high,20,UAV-004,200,219,normal
4,jamming,high,20,UAV-004,205,224,normal
4,jamming,high,20,UAV-004,210,229,normal
4,jamming,high,20,UAV-004,215,234,normal
4,jamming,high,20,UAV-004,220,239,normal
4,jamming,high,20,UAV-014,0,19,normal
4,jamming,high,20,UAV-014,5,24,normal
4,jamming,high,20,UAV-014,10,29,normal
4,jamming,high,20,UAV-014,15,34,normal
4,jamming,high,20,UAV-014,20,39,normal
4,jamming,high,20,UAV-014,25,44,normal
4,jamming,high,20,UAV-014,30,49,normal
4,jamming,high,20,UAV-014,35,54,normal
4,jamming,high,20,UAV-014,40,59,normal
4,jamming,high,20,UAV-014,45,64,normal
4,jamming,high,20,UAV-014,50,69,jamming
4,jamming,high,20,UAV-014,55,74,jamming
4,jamming,high,20,UAV-014,60,79,jamming
4,jamming,high,20,UAV-014,65,84,jamming
4,jamming,high,20,UAV-014,70,89,jamming
4,jamming,high,20,UAV-014,75,94,jamming
4,jamming,high,20,UAV-014,80,99,jamming
4,jamming,high,20,UAV-014,85,104,jamming
4,jamming,high,20,UAV-014,90,109,jamming
4,jamming,high,20,UAV-014,95,114,jamming
4,jamming,high,20,UAV-014,100,119,jamming
4,jamming,high,20,UAV-014,105,124,jamming
4,jamming,high,20,UAV-014,110,129,jamming
4,jamming,high,20,UAV-014,115,134,jamming
4,jamming,high,20,UAV-014,120,139,jamming
4,jamming,high,20,UAV-014,125,144,jamming
4,jamming,high,20,UAV-014,130,149,jamming
4,jamming,high,20,UAV-014,135,154,jamming
4,jamming,high,20,UAV-014,140,159,jamming
4,jamming,high,20,UAV-014,145,164,jamming
4,jamming,high,20,UAV-014,150,169,jamming
4,jamming,high,20,UAV-014,155,174,jamming
4,jamming,high,20,UAV-014,160,179,jamming
4,jamming,high,20,UAV-014,165,184,jamming
4,jamming,high,20,UAV-014,170,189,jamming
4,jamming,high,20,UAV-014,175,194,normal
4,jamming,high,20,UAV-014,180,199,normal
4,jamming,high,20,UAV-014,185,204,normal
4,jamming,high,20,UAV-014,190,209,normal
4,jamming,high,20,UAV-014,195,214,normal
4,jamming,high,20,UAV-014,200,219,normal
4,jamming,high,20,UAV-014,205,224,normal
4,jamming,high,20,UAV-014,210,229,normal
4,jamming,high,20,UAV-014,215,234,normal
4,jamming,high,20,UAV-014,220,239,normal
4,jamming,high,30,UAV-002,0,19,normal
4,jamming,high,30,UAV-002,5,24,normal
4,jamming,high,30,UAV-002,10,29,normal
4,jamming,high,30,UAV-002,15,34,normal
4,jamming,high,30,UAV-002,20,39,normal
4,jamming,high,30,UAV-002,25,44,normal
4,jamming,high,30,UAV-002,30,49,normal
4,jamming,high,30,UAV-002,35,54,normal
4,jamming,high,30,UAV-002,40,59,normal
4,jamming,high,30,UAV-002,45,64,normal
4,jamming,high,30,UAV-002,50,69,jamming
4,jamming,high,30,UAV-002,55,74,jamming
4,jamming,high,30,UAV-002,60,79,jamming
4,jamming,high,30,UAV-002,65,84,jamming
4,jamming,high,30,UAV-002,70,89,jamming
4,jamming,high,30,UAV-002,75,94,jamming
4,jamming,high,30,UAV-002,80,99,jamming
4,jamming,high,30,UAV-002,85,104,jamming
4,jamming,high,30,UAV-002,90,109,jamming
4,jamming,high,30,UAV-002,95,114,jamming
4,jamming,high,30,UAV-002,100,119,jamming
4,jamming,high,30,UAV-002,105,124,jamming
4,jamming,high,30,UAV-002,110,129,jamming
4,jamming,high,30,UAV-002,115,134,jamming
4,jamming,high,30,UAV-002,120,139,jamming
4,jamming,high,30,UAV-002,125,144,jamming
4,jamming,high,30,UAV-002,130,149,jamming
4,jamming,high,30,UAV-002,135,154,jamming
4,jamming,high,30,UAV-002,140,159,jamming
4,jamming,high,30,UAV-002,145,164,jamming
4,jamming,high,30,UAV-002,150,169,jamming
4,jamming,high,30,UAV-002,155,174,jamming
4,jamming,high,30,UAV-002,160,179,jamming
4,jamming,high,30,UAV-002,165,184,jamming
4,jamming,high,30,UAV-002,170,189,jamming
4,jamming,high,30,UAV-002,175,194,normal
4,jamming,high,30,UAV-002,180,199,normal
4,jamming,high,30,UAV-002,185,204,normal
4,jamming,high,30,UAV-002,190,209,normal
4,jamming,high,30,UAV-002,195,214,normal
4,jamming,high,30,UAV-002,200,219,normal
4,jamming,high,30,UAV-002,205,224,normal
4,jamming,high,30,UAV-002,210,229,normal
4,jamming,high,30,UAV-002,215,234,normal
4,jamming,high,30,UAV-002,220,239,normal
4,jamming,low,10,UAV-004,0,19,normal
4,jamming,low,10,UAV-004,5,24,normal
4,jamming,low,10,UAV-004,10,29,normal
4,jamming,low,10,UAV-004,15,34,normal
4,jamming,low,10,UAV-004,20,39,normal
4,jamming,low,10,UAV-004,25,44,normal
4,jamming,low,10,UAV-004,30,49,normal
4,jamming,low,10,UAV-004,35,54,normal
4,jamming,low,10,UAV-004,40,59,normal
4,jamming,low,10,UAV-004,45,64,normal
4,jamming,low,10,UAV-004,50,69,normal
4,jamming,low,10,UAV-004,55,74,normal
4,jamming,low,10,UAV-004,60,79,jamming
4,jamming,low,10,UAV-004,65,84,normal
4,jamming,low,10,UAV-004,70,89,jamming
4,jamming,low,10,UAV-004,75,94,jamming
4,jamming,low,10,UAV-004,80,99,jamming
4,jamming,low,10,UAV-004,85,104,jamming
4,jamming,low,10,UAV-004,90,109,jamming
4,jamming,low,10,UAV-004,95,114,jamming
4,jamming,low,10,UAV-004,100,119,jamming
4,jamming,low,10,UAV-004,105,124,jamming
4,jamming,low,10,UAV-004,110,129,jamming
4,jamming,low,10,UAV-004,115,134,jamming
4,jamming,low,10,UAV-004,120,139,jamming
4,jamming,low,10,UAV-004,125,144,jamming
4,jamming,low,10,UAV-004,130,149,jamming
4,jamming,low,10,UAV-004,135,154,jamming
4,jamming,low,10,UAV-004,140,159,jamming
4,jamming,low,10,UAV-004,145,164,jamming
4,jamming,low,10,UAV-004,150,169,jamming
4,jamming,low,10,UAV-004,155,174,jamming
4,jamming,low,10,UAV-004,160,179,jamming
4,jamming,low,10,UAV-004,165,184,jamming
4,jamming,low,10,UAV-004,170,189,normal
4,jamming,low,10,UAV-004,175,194,normal
4,jamming,low,10,UAV-004,180,199,normal
4,jamming,low,10,UAV-004,185,204,normal
4,jamming,low,10,UAV-004,190,209,normal
4,jamming,low,10,UAV-004,195,214,normal
4,jamming,low,10,UAV-004,200,219,normal
4,jamming,low,10,UAV-004,205,224,normal
4,jamming,low,10,UAV-004,210,229,normal
4,jamming,low,10,UAV-004,215,234,normal
4,jamming,low,10,UAV-004,220,239,normal
4,jamming,low,10,UAV-009,0,19,normal
4,jamming,low,10,UAV-009,5,24,normal
4,jamming,low,10,UAV-009,10,29,normal
4,jamming,low,10,UAV-009,15,34,normal
4,jamming,low,10,UAV-009,20,39,normal
4,jamming,low,10,UAV-009,25,44,normal
4,jamming,low,10,UAV-009,30,49,normal
4,jamming,low,10,UAV-009,35,54,normal
4,jamming,low,10,UAV-009,40,59,normal
4,jamming,low,10,UAV-009,45,64,normal
4,jamming,low,10,UAV-009,50,69,normal
4,jamming,low,10,UAV-009,55,74,normal
4,jamming,low,10,UAV-009,60,79,normal
4,jamming,low,10,UAV-009,65,84,normal
4,jamming,low,10,UAV-009,70,89,normal
4,jamming,low,10,UAV-009,75,94,normal
4,jamming,low,10,UAV-009,80,99,normal
4,jamming,low,10,UAV-009,85,104,jamming
4,jamming,low,10,UAV-009,90,109,jamming
4,jamming,low,10,UAV-009,95,114,jamming
4,jamming,low,10,UAV-009,100,119,jamming
4,jamming,low,10,UAV-009,105,124,jamming
4,jamming,low,10,UAV-009,110,129,jamming
4,jamming,low,10,UAV-009,115,134,jamming
4,jamming,low,10,UAV-009,120,139,jamming
4,jamming,low,10,UAV-009,125,144,jamming
4,jamming,low,10,UAV-009,130,149,jamming
4,jamming,low,10,UAV-009,135,154,jamming
4,jamming,low,10,UAV-009,140,159,jamming
4,jamming,low,10,UAV-009,145,164,jamming
4,jamming,low,10,UAV-009,150,169,jamming
4,jamming,low,10,UAV-009,155,174,jamming
4,jamming,low,10,UAV-009,160,179,normal
4,jamming,low,10,UAV-009,165,184,normal
4,jamming,low,10,UAV-009,170,189,normal
4,jamming,low,10,UAV-009,175,194,normal
4,jamming,low,10,UAV-009,180,199,normal
4,jamming,low,10,UAV-009,185,204,normal
4,jamming,low,10,UAV-009,190,209,normal
4,jamming,low,10,UAV-009,195,214,normal
4,jamming,low,10,UAV-009,200,219,normal
4,jamming,low,10,UAV-009,205,224,normal
4,jamming,low,10,UAV-009,210,229,normal
4,jamming,low,10,UAV-009,215,234,normal
4,jamming,low,10,UAV-009,220,239,normal
4,jamming,low,20,UAV-008,0,19,normal
4,jamming,low,20,UAV-008,5,24,normal
4,jamming,low,20,UAV-008,10,29,normal
4,jamming,low,20,UAV-008,15,34,normal
4,jamming,low,20,UAV-008,20,39,normal
4,jamming,low,20,UAV-008,25,44,normal
4,jamming,low,20,UAV-008,30,49,normal
4,jamming,low,20,UAV-008,35,54,normal
4,jamming,low,20,UAV-008,40,59,normal
4,jamming,low,20,UAV-008,45,64,normal
4,jamming,low,20,UAV-008,50,69,jamming
4,jamming,low,20,UAV-008,55,74,jamming
4,jamming,low,20,UAV-008,60,79,jamming
4,jamming,low,20,UAV-008,65,84,jamming
4,jamming,low,20,UAV-008,70,89,jamming
4,jamming,low,20,UAV-008,75,94,jamming
4,jamming,low,20,UAV-008,80,99,jamming
4,jamming,low,20,UAV-008,85,104,jamming
4,jamming,low,20,UAV-008,90,109,jamming
4,jamming,low,20,UAV-008,95,114,jamming
4,jamming,low,20,UAV-008,100,119,jamming
4,jamming,low,20,UAV-008,105,124,jamming
4,jamming,low,20,UAV-008,110,129,jamming
4,jamming,low,20,UAV-008,115,134,jamming
4,jamming,low,20,UAV-008,120,139,jamming
4,jamming,low,20,UAV-008,125,144,normal
4,jamming,low,20,UAV-008,130,149,normal
4,jamming,low,20,UAV-008,135,154,normal
4,jamming,low,20,UAV-008,140,159,jamming
4,jamming,low,20,UAV-008,145,164,jamming
4,jamming,low,20,UAV-008,150,169,jamming
4,jamming,low,20,UAV-008,155,174,normal
4,jamming,low,20,UAV-008,160,179,normal
4,jamming,low,20,UAV-008,165,184,normal
4,jamming,low,20,UAV-008,170,189,normal
4,jamming,low,20,UAV-008,175,194,normal
4,jamming,low,20,UAV-008,180,199,normal
4,jamming,low,20,UAV-008,185,204,normal
4,jamming,low,20,UAV-008,190,209,normal
4,jamming,low,20,UAV-008,195,214,normal
4,jamming,low,20,UAV-008,200,219,normal
4,jamming,low,20,UAV-008,205,224,normal
4,jamming,low,20,UAV-008,210,229,normal
4,jamming,low,20,UAV-008,215,234,normal
4,jamming,low,20,UAV-008,220,239,normal
4,jamming,low,30,UAV-022,0,19,normal
4,jamming,low,30,UAV-022,5,24,normal
4,jamming,low,30,UAV-022,10,29,normal
4,jamming,low,30,UAV-022,15,34,normal
4,jamming,low,30,UAV-022,20,39,normal
4,jamming,low,30,UAV-022,25,44,normal
4,jamming,low,30,UAV-022,30,49,normal
4,jamming,low,30,UAV-022,35,54,normal
4,jamming,low,30,UAV-022,40,59,normal
4,jamming,low,30,UAV-022,45,64,normal
4,jamming,low,30,UAV-022,50,69,normal
4,jamming,low,30,UAV-022,55,74,normal
4,jamming,low,30,UAV-022,60,79,normal
4,jamming,low,30,UAV-022,65,84,jamming
4,jamming,low,30,UAV-022,70,89,jamming
4,jamming,low,30,UAV-022,75,94,jamming
4,jamming,low,30,UAV-022,80,99,jamming
4,jamming,low,30,UAV-022,85,104,jamming
4,jamming,low,30,UAV-022,90,109,jamming
4,jamming,low,30,UAV-022,95,114,normal
4,jamming,low,30,UAV-022,100,119,normal
4,jamming,low,30,UAV-022,105,124,jamming
4,jamming,low,30,UAV-022,110,129,jamming
4,jamming,low,30,UAV-022,115,134,jamming
4,jamming,low,30,UAV-022,120,139,jamming
4,jamming,low,30,UAV-022,125,144,jamming
4,jamming,low,30,UAV-022,130,149,jamming
4,jamming,low,30,UAV-022,135,154,jamming
4,jamming,low,30,UAV-022,140,159,jamming
4,jamming,low,30,UAV-022,145,164,jamming
4,jamming,low,30,UAV-022,150,169,jamming
4,jamming,low,30,UAV-022,155,174,normal
4,jamming,low,30,UAV-022,160,179,normal
4,jamming,low,30,UAV-022,165,184,normal
4,jamming,low,30,UAV-022,170,189,normal
4,jamming,low,30,UAV-022,175,194,normal
4,jamming,low,30,UAV-022,180,199,normal
4,jamming,low,30,UAV-022,185,204,normal
4,jamming,low,30,UAV-022,190,209,normal
4,jamming,low,30,UAV-022,195,214,normal
4,jamming,low,30,UAV-022,200,219,normal
4,jamming,low,30,UAV-022,205,224,normal
4,jamming,low,30,UAV-022,210,229,normal
4,jamming,low,30,UAV-022,215,234,normal
4,jamming,low,30,UAV-022,220,239,normal
4,jamming,low,30,UAV-024,0,19,normal
4,jamming,low,30,UAV-024,5,24,normal
4,jamming,low,30,UAV-024,10,29,normal
4,jamming,low,30,UAV-024,15,34,normal
4,jamming,low,30,UAV-024,20,39,normal
4,jamming,low,30,UAV-024,25,44,normal
4,jamming,low,30,UAV-024,30,49,normal
4,jamming,low,30,UAV-024,35,54,normal
4,jamming,low,30,UAV-024,40,59,normal
4,jamming,low,30,UAV-024,45,64,normal
4,jamming,low,30,UAV-024,50,69,normal
4,jamming,low,30,UAV-024,55,74,jamming
4,jamming,low,30,UAV-024,60,79,jamming
4,jamming,low,30,UAV-024,65,84,jamming
4,jamming,low,30,UAV-024,70,89,jamming
4,jamming,low,30,UAV-024,75,94,jamming
4,jamming,low,30,UAV-024,80,99,jamming
4,jamming,low,30,UAV-024,85,104,jamming
4,jamming,low,30,UAV-024,90,109,jamming
4,jamming,low,30,UAV-024,95,114,jamming
4,jamming,low,30,UAV-024,100,119,jamming
4,jamming,low,30,UAV-024,105,124,jamming
4,jamming,low,30,UAV-024,110,129,jamming
4,jamming,low,30,UAV-024,115,134,jamming
4,jamming,low,30,UAV-024,120,139,jamming
4,jamming,low,30,UAV-024,125,144,jamming
4,jamming,low,30,UAV-024,130,149,jamming
4,jamming,low,30,UAV-024,135,154,jamming
4,jamming,low,30,UAV-024,140,159,jamming
4,jamming,low,30,UAV-024,145,164,jamming
4,jamming,low,30,UAV-024,150,169,jamming
4,jamming,low,30,UAV-024,155,174,jamming
4,jamming,low,30,UAV-024,160,179,jamming
4,jamming,low,30,UAV-024,165,184,jamming
4,jamming,low,30,UAV-024,170,189,normal
4,jamming,low,30,UAV-024,175,194,normal
4,jamming,low,30,UAV-024,180,199,normal
4,jamming,low,30,UAV-024,185,204,normal
4,jamming,low,30,UAV-024,190,209,normal
4,jamming,low,30,UAV-024,195,214,normal
4,jamming,low,30,UAV-024,200,219,normal
4,jamming,low,30,UAV-024,205,224,normal
4,jamming,low,30,UAV-024,210,229,normal
4,jamming,low,30,UAV-024,215,234,normal
4,jamming,low,30,UAV-024,220,239,normal
4,jamming,medium,20,UAV-001,0,19,normal
4,jamming,medium,20,UAV-001,5,24,normal
4,jamming,medium,20,UAV-001,10,29,normal
4,jamming,medium,20,UAV-001,15,34,normal
4,jamming,medium,20,UAV-001,20,39,normal
4,jamming,medium,20,UAV-001,25,44,normal
4,jamming,medium,20,UAV-001,30,49,normal
4,jamming,medium,20,UAV-001,35,54,normal
4,jamming,medium,20,UAV-001,40,59,normal
4,jamming,medium,20,UAV-001,45,64,normal
4,jamming,medium,20,UAV-001,50,69,jamming
4,jamming,medium,20,UAV-001,55,74,jamming
4,jamming,medium,20,UAV-001,60,79,jamming
4,jamming,medium,20,UAV-001,65,84,jamming
4,jamming,medium,20,UAV-001,70,89,jamming
4,jamming,medium,20,UAV-001,75,94,jamming
4,jamming,medium,20,UAV-001,80,99,jamming
4,jamming,medium,20,UAV-001,85,104,jamming
4,jamming,medium,20,UAV-001,90,109,jamming
4,jamming,medium,20,UAV-001,95,114,jamming
4,jamming,medium,20,UAV-001,100,119,jamming
4,jamming,medium,20,UAV-001,105,124,jamming
4,jamming,medium,20,UAV-001,110,129,jamming
4,jamming,medium,20,UAV-001,115,134,jamming
4,jamming,medium,20,UAV-001,120,139,jamming
4,jamming,medium,20,UAV-001,125,144,jamming
4,jamming,medium,20,UAV-001,130,149,jamming
4,jamming,medium,20,UAV-001,135,154,jamming
4,jamming,medium,20,UAV-001,140,159,jamming
4,jamming,medium,20,UAV-001,145,164,jamming
4,jamming,medium,20,UAV-001,150,169,jamming
4,jamming,medium,20,UAV-001,155,174,jamming
4,jamming,medium,20,UAV-001,160,179,jamming
4,jamming,medium,20,UAV-001,165,184,jamming
4,jamming,medium,20,UAV-001,170,189,jamming
4,jamming,medium,20,UAV-001,175,194,normal
4,jamming,medium,20,UAV-001,180,199,normal
4,jamming,medium,20,UAV-001,185,204,normal
4,jamming,medium,20,UAV-001,190,209,normal
4,jamming,medium,20,UAV-001,195,214,normal
4,jamming,medium,20,UAV-001,200,219,normal
4,jamming,medium,20,UAV-001,205,224,normal
4,jamming,medium,20,UAV-001,210,229,normal
4,jamming,medium,20,UAV-001,215,234,normal
4,jamming,medium,20,UAV-001,220,239,normal
4,jamming,medium,20,UAV-005,0,19,normal
4,jamming,medium,20,UAV-005,5,24,normal
4,jamming,medium,20,UAV-005,10,29,normal
4,jamming,medium,20,UAV-005,15,34,normal
4,jamming,medium,20,UAV-005,20,39,normal
4,jamming,medium,20,UAV-005,25,44,normal
4,jamming,medium,20,UAV-005,30,49,normal
4,jamming,medium,20,UAV-005,35,54,normal
4,jamming,medium,20,UAV-005,40,59,normal
4,jamming,medium,20,UAV-005,45,64,normal
4,jamming,medium,20,UAV-005,50,69,normal
4,jamming,medium,20,UAV-005,55,74,jamming
4,jamming,medium,20,UAV-005,60,79,jamming
4,jamming,medium,20,UAV-005,65,84,jamming
4,jamming,medium,20,UAV-005,70,89,jamming
4,jamming,medium,20,UAV-005,75,94,jamming
4,jamming,medium,20,UAV-005,80,99,jamming
4,jamming,medium,20,UAV-005,85,104,jamming
4,jamming,medium,20,UAV-005,90,109,jamming
4,jamming,medium,20,UAV-005,95,114,jamming
4,jamming,medium,20,UAV-005,100,119,jamming
4,jamming,medium,20,UAV-005,105,124,jamming
4,jamming,medium,20,UAV-005,110,129,jamming
4,jamming,medium,20,UAV-005,115,134,jamming
4,jamming,medium,20,UAV-005,120,139,jamming
4,jamming,medium,20,UAV-005,125,144,jamming
4,jamming,medium,20,UAV-005,130,149,jamming
4,jamming,medium,20,UAV-005,135,154,jamming
4,jamming,medium,20,UAV-005,140,159,jamming
4,jamming,medium,20,UAV-005,145,164,jamming
4,jamming,medium,20,UAV-005,150,169,jamming
4,jamming,medium,20,UAV-005,155,174,jamming
4,jamming,medium,20,UAV-005,160,179,jamming
4,jamming,medium,20,UAV-005,165,184,normal
4,jamming,medium,20,UAV-005,170,189,normal
4,jamming,medium,20,UAV-005,175,194,normal
4,jamming,medium,20,UAV-005,180,199,normal
4,jamming,medium,20,UAV-005,185,204,normal
4,jamming,medium,20,UAV-005,190,209,normal
4,jamming,medium,20,UAV-005,195,214,normal
4,jamming,medium,20,UAV-005,200,219,normal
4,jamming,medium,20,UAV-005,205,224,normal
4,jamming,medium,20,UAV-005,210,229,normal
4,jamming,medium,20,UAV-005,215,234,normal
4,jamming,medium,20,UAV-005,220,239,normal
4,jamming,medium,30,UAV-009,0,19,normal
4,jamming,medium,30,UAV-009,5,24,normal
4,jamming,medium,30,UAV-009,10,29,normal
4,jamming,medium,30,UAV-009,15,34,normal
4,jamming,medium,30,UAV-009,20,39,normal
4,jamming,medium,30,UAV-009,25,44,normal
4,jamming,medium,30,UAV-009,30,49,normal
4,jamming,medium,30,UAV-009,35,54,normal
4,jamming,medium,30,UAV-009,40,59,normal
4,jamming,medium,30,UAV-009,45,64,normal
4,jamming,medium,30,UAV-009,50,69,jamming
4,jamming,medium,30,UAV-009,55,74,jamming
4,jamming,medium,30,UAV-009,60,79,jamming
4,jamming,medium,30,UAV-009,65,84,jamming
4,jamming,medium,30,UAV-009,70,89,jamming
4,jamming,medium,30,UAV-009,75,94,jamming
4,jamming,medium,30,UAV-009,80,99,jamming
4,jamming,medium,30,UAV-009,85,104,jamming
4,jamming,medium,30,UAV-009,90,109,jamming
4,jamming,medium,30,UAV-009,95,114,jamming
4,jamming,medium,30,UAV-009,100,119,jamming
4,jamming,medium,30,UAV-009,105,124,jamming
4,jamming,medium,30,UAV-009,110,129,jamming
4,jamming,medium,30,UAV-009,115,134,jamming
4,jamming,medium,30,UAV-009,120,139,jamming
4,jamming,medium,30,UAV-009,125,144,jamming
4,jamming,medium,30,UAV-009,130,149,jamming
4,jamming,medium,30,UAV-009,135,154,jamming
4,jamming,medium,30,UAV-009,140,159,jamming
4,jamming,medium,30,UAV-009,145,164,jamming
4,jamming,medium,30,UAV-009,150,169,jamming
4,jamming,medium,30,UAV-009,155,174,jamming
4,jamming,medium,30,UAV-009,160,179,jamming
4,jamming,medium,30,UAV-009,165,184,jamming
4,jamming,medium,30,UAV-009,170,189,jamming
4,jamming,medium,30,UAV-009,175,194,normal
4,jamming,medium,30,UAV-009,180,199,normal
4,jamming,medium,30,UAV-009,185,204,normal
4,jamming,medium,30,UAV-009,190,209,normal
4,jamming,medium,30,UAV-009,195,214,normal
4,jamming,medium,30,UAV-009,200,219,normal
4,jamming,medium,30,UAV-009,205,224,normal
4,jamming,medium,30,UAV-009,210,229,normal
4,jamming,medium,30,UAV-009,215,234,normal
4,jamming,medium,30,UAV-009,220,239,normal
4,jamming,medium,30,UAV-027,0,19,normal
4,jamming,medium,30,UAV-027,5,24,normal
4,jamming,medium,30,UAV-027,10,29,normal
4,jamming,medium,30,UAV-027,15,34,normal
4,jamming,medium,30,UAV-027,20,39,normal
4,jamming,medium,30,UAV-027,25,44,normal
4,jamming,medium,30,UAV-027,30,49,normal
4,jamming,medium,30,UAV-027,35,54,normal
4,jamming,medium,30,UAV-027,40,59,normal
4,jamming,medium,30,UAV-027,45,64,normal
4,jamming,medium,30,UAV-027,50,69,jamming
4,jamming,medium,30,UAV-027,55,74,jamming
4,jamming,medium,30,UAV-027,60,79,jamming
4,jamming,medium,30,UAV-027,65,84,jamming
4,jamming,medium,30,UAV-027,70,89,jamming
4,jamming,medium,30,UAV-027,75,94,jamming
4,jamming,medium,30,UAV-027,80,99,jamming
4,jamming,medium,30,UAV-027,85,104,jamming
4,jamming,medium,30,UAV-027,90,109,jamming
4,jamming,medium,30,UAV-027,95,114,jamming
4,jamming,medium,30,UAV-027,100,119,jamming
4,jamming,medium,30,UAV-027,105,124,jamming
4,jamming,medium,30,UAV-027,110,129,jamming
4,jamming,medium,30,UAV-027,115,134,jamming
4,jamming,medium,30,UAV-027,120,139,jamming
4,jamming,medium,30,UAV-027,125,144,jamming
4,jamming,medium,30,UAV-027,130,149,jamming
4,jamming,medium,30,UAV-027,135,154,jamming
4,jamming,medium,30,UAV-027,140,159,jamming
4,jamming,medium,30,UAV-027,145,164,jamming
4,jamming,medium,30,UAV-027,150,169,jamming
4,jamming,medium,30,UAV-027,155,174,jamming
4,jamming,medium,30,UAV-027,160,179,jamming
4,jamming,medium,30,UAV-027,165,184,jamming
4,jamming,medium,30,UAV-027,170,189,normal
4,jamming,medium,30,UAV-027,175,194,normal
4,jamming,medium,30,UAV-027,180,199,normal
4,jamming,medium,30,UAV-027,185,204,normal
4,jamming,medium,30,UAV-027,190,209,normal
4,jamming,medium,30,UAV-027,195,214,normal
4,jamming,medium,30,UAV-027,200,219,normal
4,jamming,medium,30,UAV-027,205,224,normal
4,jamming,medium,30,UAV-027,210,229,normal
4,jamming,medium,30,UAV-027,215,234,normal
4,jamming,medium,30,UAV-027,220,239,normal
4,jamming_spoofing,high,20,UAV-001,0,19,normal
4,jamming_spoofing,high,20,UAV-001,5,24,normal
4,jamming_spoofing,high,20,UAV-001,10,29,normal
4,jamming_spoofing,high,20,UAV-001,15,34,normal
4,jamming_spoofing,high,20,UAV-001,20,39,normal
4,jamming_spoofing,high,20,UAV-001,25,44,normal
4,jamming_spoofing,high,20,UAV-001,30,49,normal
4,jamming_spoofing,high,20,UAV-001,35,54,normal
4,jamming_spoofing,high,20,UAV-001,40,59,normal
4,jamming_spoofing,high,20,UAV-001,45,64,normal
4,jamming_spoofing,high,20,UAV-001,50,69,jamming_spoofing
4,jamming_spoofing,high,20,UAV-001,55,74,jamming_spoofing
4,jamming_spoofing,high,20,UAV-001,60,79,jamming_spoofing
4,jamming_spoofing,high,20,UAV-001,65,84,jamming_spoofing
4,jamming_spoofing,high,20,UAV-001,70,89,jamming_spoofing
4,jamming_spoofing,high,20,UAV-001,75,94,jamming_spoofing
4,jamming_spoofing,high,20,UAV-001,80,99,jamming_spoofing
4,jamming_spoofing,high,20,UAV-001,85,104,jamming_spoofing
4,jamming_spoofing,high,20,UAV-001,90,109,jamming_spoofing
4,jamming_spoofing,high,20,UAV-001,95,114,jamming_spoofing
4,jamming_spoofing,high,20,UAV-001,100,119,jamming_spoofing
4,jamming_spoofing,high,20,UAV-001,105,124,jamming_spoofing
4,jamming_spoofing,high,20,UAV-001,110,129,jamming_spoofing
4,jamming_spoofing,high,20,UAV-001,115,134,jamming_spoofing
4,jamming_spoofing,high,20,UAV-001,120,139,jamming_spoofing
4,jamming_spoofing,high,20,UAV-001,125,144,jamming_spoofing
4,jamming_spoofing,high,20,UAV-001,130,149,jamming_spoofing
4,jamming_spoofing,high,20,UAV-001,135,154,jamming_spoofing
4,jamming_spoofing,high,20,UAV-001,140,159,jamming_spoofing
4,jamming_spoofing,high,20,UAV-001,145,164,jamming_spoofing
4,jamming_spoofing,high,20,UAV-001,150,169,jamming_spoofing
4,jamming_spoofing,high,20,UAV-001,155,174,jamming_spoofing
4,jamming_spoofing,high,20,UAV-001,160,179,jamming_spoofing
4,jamming_spoofing,high,20,UAV-001,165,184,jamming_spoofing
4,jamming_spoofing,high,20,UAV-001,170,189,normal
4,jamming_spoofing,high,20,UAV-001,175,194,normal
4,jamming_spoofing,high,20,UAV-001,180,199,normal
4,jamming_spoofing,high,20,UAV-001,185,204,normal
4,jamming_spoofing,high,20,UAV-001,190,209,normal
4,jamming_spoofing,high,20,UAV-001,195,214,normal
4,jamming_spoofing,high,20,UAV-001,200,219,normal
4,jamming_spoofing,high,20,UAV-001,205,224,normal
4,jamming_spoofing,high,20,UAV-001,210,229,normal
4,jamming_spoofing,high,20,UAV-001,215,234,normal
4,jamming_spoofing,high,20,UAV-001,220,239,normal
4,jamming_spoofing,high,30,UAV-014,0,19,normal
4,jamming_spoofing,high,30,UAV-014,5,24,normal
4,jamming_spoofing,high,30,UAV-014,10,29,normal
4,jamming_spoofing,high,30,UAV-014,15,34,normal
4,jamming_spoofing,high,30,UAV-014,20,39,normal
4,jamming_spoofing,high,30,UAV-014,25,44,normal
4,jamming_spoofing,high,30,UAV-014,30,49,normal
4,jamming_spoofing,high,30,UAV-014,35,54,normal
4,jamming_spoofing,high,30,UAV-014,40,59,normal
4,jamming_spoofing,high,30,UAV-014,45,64,normal
4,jamming_spoofing,high,30,UAV-014,50,69,jamming_spoofing
4,jamming_spoofing,high,30,UAV-014,55,74,jamming_spoofing
4,jamming_spoofing,high,30,UAV-014,60,79,jamming_spoofing
4,jamming_spoofing,high,30,UAV-014,65,84,jamming_spoofing
4,jamming_spoofing,high,30,UAV-014,70,89,jamming_spoofing
4,jamming_spoofing,high,30,UAV-014,75,94,jamming_spoofing
4,jamming_spoofing,high,30,UAV-014,80,99,jamming_spoofing
4,jamming_spoofing,high,30,UAV-014,85,104,jamming_spoofing
4,jamming_spoofing,high,30,UAV-014,90,109,jamming_spoofing
4,jamming_spoofing,high,30,UAV-014,95,114,jamming_spoofing
4,jamming_spoofing,high,30,UAV-014,100,119,jamming_spoofing
4,jamming_spoofing,high,30,UAV-014,105,124,jamming_spoofing
4,jamming_spoofing,high,30,UAV-014,110,129,jamming_spoofing
4,jamming_spoofing,high,30,UAV-014,115,134,jamming_spoofing
4,jamming_spoofing,high,30,UAV-014,120,139,jamming_spoofing
4,jamming_spoofing,high,30,UAV-014,125,144,jamming_spoofing
4,jamming_spoofing,high,30,UAV-014,130,149,jamming_spoofing
4,jamming_spoofing,high,30,UAV-014,135,154,jamming_spoofing
4,jamming_spoofing,high,30,UAV-014,140,159,jamming_spoofing
4,jamming_spoofing,high,30,UAV-014,145,164,jamming_spoofing
4,jamming_spoofing,high,30,UAV-014,150,169,jamming_spoofing
4,jamming_spoofing,high,30,UAV-014,155,174,jamming_spoofing
4,jamming_spoofing,high,30,UAV-014,160,179,jamming_spoofing
4,jamming_spoofing,high,30,UAV-014,165,184,jamming_spoofing
4,jamming_spoofing,high,30,UAV-014,170,189,jamming_spoofing
4,jamming_spoofing,high,30,UAV-014,175,194,normal
4,jamming_spoofing,high,30,UAV-014,180,199,normal
4,jamming_spoofing,high,30,UAV-014,185,204,normal
4,jamming_spoofing,high,30,UAV-014,190,209,normal
4,jamming_spoofing,high,30,UAV-014,195,214,normal
4,jamming_spoofing,high,30,UAV-014,200,219,normal
4,jamming_spoofing,high,30,UAV-014,205,224,normal
4,jamming_spoofing,high,30,UAV-014,210,229,normal
4,jamming_spoofing,high,30,UAV-014,215,234,normal
4,jamming_spoofing,high,30,UAV-014,220,239,normal
4,jamming_spoofing,high,30,UAV-017,0,19,normal
4,jamming_spoofing,high,30,UAV-017,5,24,normal
4,jamming_spoofing,high,30,UAV-017,10,29,normal
4,jamming_spoofing,high,30,UAV-017,15,34,normal
4,jamming_spoofing,high,30,UAV-017,20,39,normal
4,jamming_spoofing,high,30,UAV-017,25,44,normal
4,jamming_spoofing,high,30,UAV-017,30,49,normal
4,jamming_spoofing,high,30,UAV-017,35,54,normal
4,jamming_spoofing,high,30,UAV-017,40,59,normal
4,jamming_spoofing,high,30,UAV-017,45,64,normal
4,jamming_spoofing,high,30,UAV-017,50,69,jamming_spoofing
4,jamming_spoofing,high,30,UAV-017,55,74,jamming_spoofing
4,jamming_spoofing,high,30,UAV-017,60,79,jamming_spoofing
4,jamming_spoofing,high,30,UAV-017,65,84,jamming_spoofing
4,jamming_spoofing,high,30,UAV-017,70,89,jamming_spoofing
4,jamming_spoofing,high,30,UAV-017,75,94,jamming_spoofing
4,jamming_spoofing,high,30,UAV-017,80,99,jamming_spoofing
4,jamming_spoofing,high,30,UAV-017,85,104,jamming_spoofing
4,jamming_spoofing,high,30,UAV-017,90,109,jamming_spoofing
4,jamming_spoofing,high,30,UAV-017,95,114,jamming_spoofing
4,jamming_spoofing,high,30,UAV-017,100,119,jamming_spoofing
4,jamming_spoofing,high,30,UAV-017,105,124,jamming_spoofing
4,jamming_spoofing,high,30,UAV-017,110,129,jamming_spoofing
4,jamming_spoofing,high,30,UAV-017,115,134,jamming_spoofing
4,jamming_spoofing,high,30,UAV-017,120,139,jamming_spoofing
4,jamming_spoofing,high,30,UAV-017,125,144,jamming_spoofing
4,jamming_spoofing,high,30,UAV-017,130,149,jamming_spoofing
4,jamming_spoofing,high,30,UAV-017,135,154,jamming_spoofing
4,jamming_spoofing,high,30,UAV-017,140,159,jamming_spoofing
4,jamming_spoofing,high,30,UAV-017,145,164,jamming_spoofing
4,jamming_spoofing,high,30,UAV-017,150,169,jamming_spoofing
4,jamming_spoofing,high,30,UAV-017,155,174,jamming_spoofing
4,jamming_spoofing,high,30,UAV-017,160,179,jamming_spoofing
4,jamming_spoofing,high,30,UAV-017,165,184,jamming_spoofing
4,jamming_spoofing,high,30,UAV-017,170,189,jamming_spoofing
4,jamming_spoofing,high,30,UAV-017,175,194,normal
4,jamming_spoofing,high,30,UAV-017,180,199,normal
4,jamming_spoofing,high,30,UAV-017,185,204,normal
4,jamming_spoofing,high,30,UAV-017,190,209,normal
4,jamming_spoofing,high,30,UAV-017,195,214,normal
4,jamming_spoofing,high,30,UAV-017,200,219,normal
4,jamming_spoofing,high,30,UAV-017,205,224,normal
4,jamming_spoofing,high,30,UAV-017,210,229,normal
4,jamming_spoofing,high,30,UAV-017,215,234,normal
4,jamming_spoofing,high,30,UAV-017,220,239,normal
4,jamming_spoofing,low,20,UAV-012,0,19,normal
4,jamming_spoofing,low,20,UAV-012,5,24,normal
4,jamming_spoofing,low,20,UAV-012,10,29,normal
4,jamming_spoofing,low,20,UAV-012,15,34,normal
4,jamming_spoofing,low,20,UAV-012,20,39,normal
4,jamming_spoofing,low,20,UAV-012,25,44,normal
4,jamming_spoofing,low,20,UAV-012,30,49,normal
4,jamming_spoofing,low,20,UAV-012,35,54,normal
4,jamming_spoofing,low,20,UAV-012,40,59,normal
4,jamming_spoofing,low,20,UAV-012,45,64,normal
4,jamming_spoofing,low,20,UAV-012,50,69,normal
4,jamming_spoofing,low,20,UAV-012,55,74,normal
4,jamming_spoofing,low,20,UAV-012,60,79,jamming_spoofing
4,jamming_spoofing,low,20,UAV-012,65,84,jamming_spoofing
4,jamming_spoofing,low,20,UAV-012,70,89,jamming_spoofing
4,jamming_spoofing,low,20,UAV-012,75,94,jamming_spoofing
4,jamming_spoofing,low,20,UAV-012,80,99,jamming_spoofing
4,jamming_spoofing,low,20,UAV-012,85,104,jamming_spoofing
4,jamming_spoofing,low,20,UAV-012,90,109,jamming_spoofing
4,jamming_spoofing,low,20,UAV-012,95,114,jamming_spoofing
4,jamming_spoofing,low,20,UAV-012,100,119,jamming_spoofing
4,jamming_spoofing,low,20,UAV-012,105,124,jamming_spoofing
4,jamming_spoofing,low,20,UAV-012,110,129,jamming_spoofing
4,jamming_spoofing,low,20,UAV-012,115,134,jamming_spoofing
4,jamming_spoofing,low,20,UAV-012,120,139,jamming_spoofing
4,jamming_spoofing,low,20,UAV-012,125,144,jamming_spoofing
4,jamming_spoofing,low,20,UAV-012,130,149,jamming_spoofing
4,jamming_spoofing,low,20,UAV-012,135,154,jamming_spoofing
4,jamming_spoofing,low,20,UAV-012,140,159,jamming_spoofing
4,jamming_spoofing,low,20,UAV-012,145,164,jamming_spoofing
4,jamming_spoofing,low,20,UAV-012,150,169,jamming_spoofing
4,jamming_spoofing,low,20,UAV-012,155,174,jamming_spoofing
4,jamming_spoofing,low,20,UAV-012,160,179,jamming_spoofing
4,jamming_spoofing,low,20,UAV-012,165,184,normal
4,jamming_spoofing,low,20,UAV-012,170,189,normal
4,jamming_spoofing,low,20,UAV-012,175,194,normal
4,jamming_spoofing,low,20,UAV-012,180,199,normal
4,jamming_spoofing,low,20,UAV-012,185,204,normal
4,jamming_spoofing,low,20,UAV-012,190,209,normal
4,jamming_spoofing,low,20,UAV-012,195,214,normal
4,jamming_spoofing,low,20,UAV-012,200,219,normal
4,jamming_spoofing,low,20,UAV-012,205,224,normal
4,jamming_spoofing,low,20,UAV-012,210,229,normal
4,jamming_spoofing,low,20,UAV-012,215,234,normal
4,jamming_spoofing,low,20,UAV-012,220,239,normal
4,jamming_spoofing,medium,20,UAV-006,0,19,normal
4,jamming_spoofing,medium,20,UAV-006,5,24,normal
4,jamming_spoofing,medium,20,UAV-006,10,29,normal
4,jamming_spoofing,medium,20,UAV-006,15,34,normal
4,jamming_spoofing,medium,20,UAV-006,20,39,normal
4,jamming_spoofing,medium,20,UAV-006,25,44,normal
4,jamming_spoofing,medium,20,UAV-006,30,49,normal
4,jamming_spoofing,medium,20,UAV-006,35,54,normal
4,jamming_spoofing,medium,20,UAV-006,40,59,normal
4,jamming_spoofing,medium,20,UAV-006,45,64,normal
4,jamming_spoofing,medium,20,UAV-006,50,69,jamming_spoofing
4,jamming_spoofing,medium,20,UAV-006,55,74,jamming_spoofing
4,jamming_spoofing,medium,20,UAV-006,60,79,jamming_spoofing
4,jamming_spoofing,medium,20,UAV-006,65,84,jamming_spoofing
4,jamming_spoofing,medium,20,UAV-006,70,89,jamming_spoofing
4,jamming_spoofing,medium,20,UAV-006,75,94,jamming_spoofing
4,jamming_spoofing,medium,20,UAV-006,80,99,jamming_spoofing
4,jamming_spoofing,medium,20,UAV-006,85,104,jamming_spoofing
4,jamming_spoofing,medium,20,UAV-006,90,109,jamming_spoofing
4,jamming_spoofing,medium,20,UAV-006,95,114,jamming_spoofing
4,jamming_spoofing,medium,20,UAV-006,100,119,jamming_spoofing
4,jamming_spoofing,medium,20,UAV-006,105,124,jamming_spoofing
4,jamming_spoofing,medium,20,UAV-006,110,129,jamming_spoofing
4,jamming_spoofing,medium,20,UAV-006,115,134,jamming_spoofing
4,jamming_spoofing,medium,20,UAV-006,120,139,jamming_spoofing
4,jamming_spoofing,medium,20,UAV-006,125,144,jamming_spoofing
4,jamming_spoofing,medium,20,UAV-006,130,149,jamming_spoofing
4,jamming_spoofing,medium,20,UAV-006,135,154,jamming_spoofing
4,jamming_spoofing,medium,20,UAV-006,140,159,jamming_spoofing
4,jamming_spoofing,medium,20,UAV-006,145,164,jamming_spoofing
4,jamming_spoofing,medium,20,UAV-006,150,169,normal
4,jamming_spoofing,medium,20,UAV-006,155,174,normal
4,jamming_spoofing,medium,20,UAV-006,160,179,jamming_spoofing
4,jamming_spoofing,medium,20,UAV-006,165,184,jamming_spoofing
4,jamming_spoofing,medium,20,UAV-006,170,189,normal
4,jamming_spoofing,medium,20,UAV-006,175,194,normal
4,jamming_spoofing,medium,20,UAV-006,180,199,normal
4,jamming_spoofing,medium,20,UAV-006,185,204,normal
4,jamming_spoofing,medium,20,UAV-006,190,209,normal
4,jamming_spoofing,medium,20,UAV-006,195,214,normal
4,jamming_spoofing,medium,20,UAV-006,200,219,normal
4,jamming_spoofing,medium,20,UAV-006,205,224,normal
4,jamming_spoofing,medium,20,UAV-006,210,229,normal
4,jamming_spoofing,medium,20,UAV-006,215,234,normal
4,jamming_spoofing,medium,20,UAV-006,220,239,normal
4,jamming_spoofing,medium,20,UAV-012,0,19,normal
4,jamming_spoofing,medium,20,UAV-012,5,24,normal
4,jamming_spoofing,medium,20,UAV-012,10,29,normal
4,jamming_spoofing,medium,20,UAV-012,15,34,normal
4,jamming_spoofing,medium,20,UAV-012,20,39,normal
4,jamming_spoofing,medium,20,UAV-012,25,44,normal
4,jamming_spoofing,medium,20,UAV-012,30,49,normal
4,jamming_spoofing,medium,20,UAV-012,35,54,normal
4,jamming_spoofing,medium,20,UAV-012,40,59,normal
4,jamming_spoofing,medium,20,UAV-012,45,64,normal
4,jamming_spoofing,medium,20,UAV-012,50,69,jamming_spoofing
4,jamming_spoofing,medium,20,UAV-012,55,74,jamming_spoofing
4,jamming_spoofing,medium,20,UAV-012,60,79,jamming_spoofing
4,jamming_spoofing,medium,20,UAV-012,65,84,jamming_spoofing
4,jamming_spoofing,medium,20,UAV-012,70,89,jamming_spoofing
4,jamming_spoofing,medium,20,UAV-012,75,94,jamming_spoofing
4,jamming_spoofing,medium,20,UAV-012,80,99,jamming_spoofing
4,jamming_spoofing,medium,20,UAV-012,85,104,jamming_spoofing
4,jamming_spoofing,medium,20,UAV-012,90,109,jamming_spoofing
4,jamming_spoofing,medium,20,UAV-012,95,114,jamming_spoofing
4,jamming_spoofing,medium,20,UAV-012,100,119,jamming_spoofing
4,jamming_spoofing,medium,20,UAV-012,105,124,jamming_spoofing
4,jamming_spoofing,medium,20,UAV-012,110,129,jamming_spoofing
4,jamming_spoofing,medium,20,UAV-012,115,134,jamming_spoofing
4,jamming_spoofing,medium,20,UAV-012,120,139,jamming_spoofing
4,jamming_spoofing,medium,20,UAV-012,125,144,jamming_spoofing
4,jamming_spoofing,medium,20,UAV-012,130,149,jamming_spoofing
4,jamming_spoofing,medium,20,UAV-012,135,154,jamming_spoofing
4,jamming_spoofing,medium,20,UAV-012,140,159,jamming_spoofing
4,jamming_spoofing,medium,20,UAV-012,145,164,jamming_spoofing
4,jamming_spoofing,medium,20,UAV-012,150,169,jamming_spoofing
4,jamming_spoofing,medium,20,UAV-012,155,174,jamming_spoofing
4,jamming_spoofing,medium,20,UAV-012,160,179,jamming_spoofing
4,jamming_spoofing,medium,20,UAV-012,165,184,jamming_spoofing
4,jamming_spoofing,medium,20,UAV-012,170,189,jamming_spoofing
4,jamming_spoofing,medium,20,UAV-012,175,194,normal
4,jamming_spoofing,medium,20,UAV-012,180,199,normal
4,jamming_spoofing,medium,20,UAV-012,185,204,normal
4,jamming_spoofing,medium,20,UAV-012,190,209,normal
4,jamming_spoofing,medium,20,UAV-012,195,214,normal
4,jamming_spoofing,medium,20,UAV-012,200,219,normal
4,jamming_spoofing,medium,20,UAV-012,205,224,normal
4,jamming_spoofing,medium,20,UAV-012,210,229,normal
4,jamming_spoofing,medium,20,UAV-012,215,234,normal
4,jamming_spoofing,medium,20,UAV-012,220,239,normal
4,jamming_tampering,high,10,UAV-002,0,19,normal
4,jamming_tampering,high,10,UAV-002,5,24,normal
4,jamming_tampering,high,10,UAV-002,10,29,normal
4,jamming_tampering,high,10,UAV-002,15,34,normal
4,jamming_tampering,high,10,UAV-002,20,39,normal
4,jamming_tampering,high,10,UAV-002,25,44,normal
4,jamming_tampering,high,10,UAV-002,30,49,normal
4,jamming_tampering,high,10,UAV-002,35,53,normal
4,jamming_tampering,high,10,UAV-002,40,58,normal
4,jamming_tampering,high,10,UAV-002,45,63,normal
4,jamming_tampering,high,10,UAV-002,50,69,normal
4,jamming_tampering,high,10,UAV-002,54,74,jamming_tampering
4,jamming_tampering,high,10,UAV-002,59,78,jamming_tampering
4,jamming_tampering,high,10,UAV-002,64,84,jamming_tampering
4,jamming_tampering,high,10,UAV-002,70,88,jamming_tampering
4,jamming_tampering,high,10,UAV-002,74,95,jamming_tampering
4,jamming_tampering,high,10,UAV-002,79,100,jamming_tampering
4,jamming_tampering,high,10,UAV-002,85,104,jamming_tampering
4,jamming_tampering,high,10,UAV-002,89,109,jamming_tampering
4,jamming_tampering,high,10,UAV-002,96,114,jamming_tampering
4,jamming_tampering,high,10,UAV-002,100,118,jamming_tampering
4,jamming_tampering,high,10,UAV-002,105,123,jamming_tampering
4,jamming_tampering,high,10,UAV-002,110,130,jamming_tampering
4,jamming_tampering,high,10,UAV-002,115,135,jamming_tampering
4,jamming_tampering,high,10,UAV-002,119,138,jamming_tampering
4,jamming_tampering,high,10,UAV-002,124,141,jamming_tampering
4,jamming_tampering,high,10,UAV-002,131,147,jamming_tampering
4,jamming_tampering,high,10,UAV-002,136,154,jamming_tampering
4,jamming_tampering,high,10,UAV-002,139,161,jamming_tampering
4,jamming_tampering,high,10,UAV-002,144,166,jamming_tampering
4,jamming_tampering,high,10,UAV-002,148,171,jamming_tampering
4,jamming_tampering,high,10,UAV-002,156,176,jamming_tampering
4,jamming_tampering,high,10,UAV-002,162,180,jamming_tampering
4,jamming_tampering,high,10,UAV-002,167,184,jamming_tampering
4,jamming_tampering,high,10,UAV-002,172,189,jamming_tampering
4,jamming_tampering,high,10,UAV-002,177,194,normal
4,jamming_tampering,high,10,UAV-002,181,199,normal
4,jamming_tampering,high,10,UAV-002,185,204,normal
4,jamming_tampering,high,10,UAV-002,190,209,normal
4,jamming_tampering,high,10,UAV-002,195,214,normal
4,jamming_tampering,high,10,UAV-002,200,219,normal
4,jamming_tampering,high,10,UAV-002,205,224,normal
4,jamming_tampering,high,10,UAV-002,210,229,normal
4,jamming_tampering,high,10,UAV-002,215,234,normal
4,jamming_tampering,high,10,UAV-002,220,239,normal
4,jamming_tampering,low,10,UAV-009,0,19,normal
4,jamming_tampering,low,10,UAV-009,5,24,normal
4,jamming_tampering,low,10,UAV-009,10,29,normal
4,jamming_tampering,low,10,UAV-009,15,34,normal
4,jamming_tampering,low,10,UAV-009,20,39,normal
4,jamming_tampering,low,10,UAV-009,25,44,normal
4,jamming_tampering,low,10,UAV-009,30,49,normal
4,jamming_tampering,low,10,UAV-009,35,54,normal
4,jamming_tampering,low,10,UAV-009,40,59,normal
4,jamming_tampering,low,10,UAV-009,45,64,normal
4,jamming_tampering,low,10,UAV-009,50,69,normal
4,jamming_tampering,low,10,UAV-009,55,74,jamming_tampering
4,jamming_tampering,low,10,UAV-009,60,79,jamming_tampering
4,jamming_tampering,low,10,UAV-009,65,85,jamming_tampering
4,jamming_tampering,low,10,UAV-009,70,89,jamming_tampering
4,jamming_tampering,low,10,UAV-009,75,94,jamming_tampering
4,jamming_tampering,low,10,UAV-009,80,100,jamming_tampering
4,jamming_tampering,low,10,UAV-009,85,104,jamming_tampering
4,jamming_tampering,low,10,UAV-009,90,109,normal
4,jamming_tampering,low,10,UAV-009,95,114,normal
4,jamming_tampering,low,10,UAV-009,101,120,jamming_tampering
4,jamming_tampering,low,10,UAV-009,105,124,jamming_tampering
4,jamming_tampering,low,10,UAV-009,110,130,jamming_tampering
4,jamming_tampering,low,10,UAV-009,115,134,jamming_tampering
4,jamming_tampering,low,10,UAV-009,121,139,jamming_tampering
4,jamming_tampering,low,10,UAV-009,125,144,jamming_tampering
4,jamming_tampering,low,10,UAV-009,130,148,jamming_tampering
4,jamming_tampering,low,10,UAV-009,135,154,jamming_tampering
4,jamming_tampering,low,10,UAV-009,139,159,jamming_tampering
4,jamming_tampering,low,10,UAV-009,145,166,jamming_tampering
4,jamming_tampering,low,10,UAV-009,149,169,jamming_tampering
4,jamming_tampering,low,10,UAV-009,155,174,jamming_tampering
4,jamming_tampering,low,10,UAV-009,160,179,jamming_tampering
4,jamming_tampering,low,10,UAV-009,166,184,jamming_tampering
4,jamming_tampering,low,10,UAV-009,170,189,normal
4,jamming_tampering,low,10,UAV-009,175,194,normal
4,jamming_tampering,low,10,UAV-009,180,199,normal
4,jamming_tampering,low,10,UAV-009,185,204,normal
4,jamming_tampering,low,10,UAV-009,190,209,normal
4,jamming_tampering,low,10,UAV-009,195,214,normal
4,jamming_tampering,low,10,UAV-009,200,219,normal
4,jamming_tampering,low,10,UAV-009,205,224,normal
4,jamming_tampering,low,10,UAV-009,210,229,normal
4,jamming_tampering,low,10,UAV-009,215,234,normal
4,jamming_tampering,low,10,UAV-009,220,239,normal
4,jamming_tampering,low,20,UAV-006,0,19,normal
4,jamming_tampering,low,20,UAV-006,5,24,normal
4,jamming_tampering,low,20,UAV-006,10,29,normal
4,jamming_tampering,low,20,UAV-006,15,34,normal
4,jamming_tampering,low,20,UAV-006,20,39,normal
4,jamming_tampering,low,20,UAV-006,25,44,normal
4,jamming_tampering,low,20,UAV-006,30,49,normal
4,jamming_tampering,low,20,UAV-006,35,54,normal
4,jamming_tampering,low,20,UAV-006,40,59,normal
4,jamming_tampering,low,20,UAV-006,45,64,normal
4,jamming_tampering,low,20,UAV-006,50,69,normal
4,jamming_tampering,low,20,UAV-006,55,74,normal
4,jamming_tampering,low,20,UAV-006,60,79,normal
4,jamming_tampering,low,20,UAV-006,65,84,jamming_tampering
4,jamming_tampering,low,20,UAV-006,70,89,jamming_tampering
4,jamming_tampering,low,20,UAV-006,75,94,jamming_tampering
4,jamming_tampering,low,20,UAV-006,80,99,jamming_tampering
4,jamming_tampering,low,20,UAV-006,85,104,jamming_tampering
4,jamming_tampering,low,20,UAV-006,90,108,jamming_tampering
4,jamming_tampering,low,20,UAV-006,95,114,jamming_tampering
4,jamming_tampering,low,20,UAV-006,100,119,jamming_tampering
4,jamming_tampering,low,20,UAV-006,104,124,jamming_tampering
4,jamming_tampering,low,20,UAV-006,109,128,jamming_tampering
4,jamming_tampering,low,20,UAV-006,115,133,jamming_tampering
4,jamming_tampering,low,20,UAV-006,120,138,jamming_tampering
4,jamming_tampering,low,20,UAV-006,125,142,jamming_tampering
4,jamming_tampering,low,20,UAV-006,129,149,jamming_tampering
4,jamming_tampering,low,20,UAV-006,135,153,jamming_tampering
4,jamming_tampering,low,20,UAV-006,139,158,jamming_tampering
4,jamming_tampering,low,20,UAV-006,143,163,normal
4,jamming_tampering,low,20,UAV-006,150,169,normal
4,jamming_tampering,low,20,UAV-006,154,173,normal
4,jamming_tampering,low,20,UAV-006,159,179,normal
4,jamming_tampering,low,20,UAV-006,165,184,normal
4,jamming_tampering,low,20,UAV-006,170,189,normal
4,jamming_tampering,low,20,UAV-006,174,194,normal
4,jamming_tampering,low,20,UAV-006,180,199,normal
4,jamming_tampering,low,20,UAV-006,185,204,normal
4,jamming_tampering,low,20,UAV-006,190,209,normal
4,jamming_tampering,low,20,UAV-006,195,214,normal
4,jamming_tampering,low,20,UAV-006,200,219,normal
4,jamming_tampering,low,20,UAV-006,205,224,normal
4,jamming_tampering,low,20,UAV-006,210,229,normal
4,jamming_tampering,low,20,UAV-006,215,234,normal
4,jamming_tampering,low,20,UAV-006,220,239,normal
4,jamming_tampering,medium,10,UAV-010,0,19,normal
4,jamming_tampering,medium,10,UAV-010,5,24,normal
4,jamming_tampering,medium,10,UAV-010,10,29,normal
4,jamming_tampering,medium,10,UAV-010,15,34,normal
4,jamming_tampering,medium,10,UAV-010,20,39,normal
4,jamming_tampering,medium,10,UAV-010,25,43,normal
4,jamming_tampering,medium,10,UAV-010,30,47,normal
4,jamming_tampering,medium,10,UAV-010,35,52,normal
4,jamming_tampering,medium,10,UAV-010,40,57,normal
4,jamming_tampering,medium,10,UAV-010,44,61,normal
4,jamming_tampering,medium,10,UAV-010,48,67,jamming_tampering
4,jamming_tampering,medium,10,UAV-010,53,75,jamming_tampering
4,jamming_tampering,medium,10,UAV-010,58,81,jamming_tampering
4,jamming_tampering,medium,10,UAV-010,62,86,jamming_tampering
4,jamming_tampering,medium,10,UAV-010,68,89,jamming_tampering
4,jamming_tampering,medium,10,UAV-010,76,95,jamming_tampering
4,jamming_tampering,medium,10,UAV-010,82,100,jamming_tampering
4,jamming_tampering,medium,10,UAV-010,87,103,jamming_tampering
4,jamming_tampering,medium,10,UAV-010,90,107,jamming_tampering
4,jamming_tampering,medium,10,UAV-010,96,113,jamming_tampering
4,jamming_tampering,medium,10,UAV-010,100,118,jamming_tampering
4,jamming_tampering,medium,10,UAV-010,104,124,jamming_tampering
4,jamming_tampering,medium,10,UAV-010,108,129,jamming_tampering
4,jamming_tampering,medium,10,UAV-010,115,134,jamming_tampering
4,jamming_tampering,medium,10,UAV-010,121,140,jamming_tampering
4,jamming_tampering,medium,10,UAV-010,125,145,jamming_tampering
4,jamming_tampering,medium,10,UAV-010,130,150,jamming_tampering
4,jamming_tampering,medium,10,UAV-010,135,155,jamming_tampering
4,jamming_tampering,medium,10,UAV-010,141,160,jamming_tampering
4,jamming_tampering,medium,10,UAV-010,146,165,jamming_tampering
4,jamming_tampering,medium,10,UAV-010,151,169,jamming_tampering
4,jamming_tampering,medium,10,UAV-010,156,175,jamming_tampering
4,jamming_tampering,medium,10,UAV-010,161,179,jamming_tampering
4,jamming_tampering,medium,10,UAV-010,166,184,jamming_tampering
4,jamming_tampering,medium,10,UAV-010,170,189,jamming_tampering
4,jamming_tampering,medium,10,UAV-010,175,194,normal
4,jamming_tampering,medium,10,UAV-010,180,199,normal
4,jamming_tampering,medium,10,UAV-010,185,204,normal
4,jamming_tampering,medium,10,UAV-010,190,209,normal
4,jamming_tampering,medium,10,UAV-010,195,214,normal
4,jamming_tampering,medium,10,UAV-010,200,219,normal
4,jamming_tampering,medium,10,UAV-010,205,224,normal
4,jamming_tampering,medium,10,UAV-010,210,229,normal
4,jamming_tampering,medium,10,UAV-010,215,234,normal
4,jamming_tampering,medium,10,UAV-010,220,239,normal
4,jamming_tampering,medium,30,UAV-008,0,19,normal
4,jamming_tampering,medium,30,UAV-008,5,24,normal
4,jamming_tampering,medium,30,UAV-008,10,29,normal
4,jamming_tampering,medium,30,UAV-008,15,34,normal
4,jamming_tampering,medium,30,UAV-008,20,39,normal
4,jamming_tampering,medium,30,UAV-008,25,44,normal
4,jamming_tampering,medium,30,UAV-008,30,48,normal
4,jamming_tampering,medium,30,UAV-008,35,53,normal
4,jamming_tampering,medium,30,UAV-008,40,58,normal
4,jamming_tampering,medium,30,UAV-008,45,64,normal
4,jamming_tampering,medium,30,UAV-008,49,68,jamming_tampering
4,jamming_tampering,medium,30,UAV-008,54,73,jamming_tampering
4,jamming_tampering,medium,30,UAV-008,59,77,jamming_tampering
4,jamming_tampering,medium,30,UAV-008,64,82,jamming_tampering
4,jamming_tampering,medium,30,UAV-008,69,88,jamming_tampering
4,jamming_tampering,medium,30,UAV-008,74,92,jamming_tampering
4,jamming_tampering,medium,30,UAV-008,78,98,jamming_tampering
4,jamming_tampering,medium,30,UAV-008,84,103,jamming_tampering
4,jamming_tampering,medium,30,UAV-008,90,108,jamming_tampering
4,jamming_tampering,medium,30,UAV-008,95,114,jamming_tampering
4,jamming_tampering,medium,30,UAV-008,99,120,jamming_tampering
4,jamming_tampering,medium,30,UAV-008,104,124,jamming_tampering
4,jamming_tampering,medium,30,UAV-008,110,128,jamming_tampering
4,jamming_tampering,medium,30,UAV-008,115,133,jamming_tampering
4,jamming_tampering,medium,30,UAV-008,120,138,jamming_tampering
4,jamming_tampering,medium,30,UAV-008,124,143,jamming_tampering
4,jamming_tampering,medium,30,UAV-008,129,148,jamming_tampering
4,jamming_tampering,medium,30,UAV-008,133,154,jamming_tampering
4,jamming_tampering,medium,30,UAV-008,139,158,jamming_tampering
4,jamming_tampering,medium,30,UAV-008,145,164,jamming_tampering
4,jamming_tampering,medium,30,UAV-008,149,169,jamming_tampering
4,jamming_tampering,medium,30,UAV-008,155,174,jamming_tampering
4,jamming_tampering,medium,30,UAV-008,159,180,jamming_tampering
4,jamming_tampering,medium,30,UAV-008,165,185,normal
4,jamming_tampering,medium,30,UAV-008,170,190,normal
4,jamming_tampering,medium,30,UAV-008,175,194,normal
4,jamming_tampering,medium,30,UAV-008,181,199,normal
4,jamming_tampering,medium,30,UAV-008,186,204,normal
4,jamming_tampering,medium,30,UAV-008,191,209,normal
4,jamming_tampering,medium,30,UAV-008,195,214,normal
4,jamming_tampering,medium,30,UAV-008,200,219,normal
4,jamming_tampering,medium,30,UAV-008,205,224,normal
4,jamming_tampering,medium,30,UAV-008,210,229,normal
4,jamming_tampering,medium,30,UAV-008,215,234,normal
4,jamming_tampering,medium,30,UAV-008,220,239,normal
4,jamming_tampering,medium,30,UAV-010,0,19,normal
4,jamming_tampering,medium,30,UAV-010,5,24,normal
4,jamming_tampering,medium,30,UAV-010,10,29,normal
4,jamming_tampering,medium,30,UAV-010,15,34,normal
4,jamming_tampering,medium,30,UAV-010,20,39,normal
4,jamming_tampering,medium,30,UAV-010,25,44,normal
4,jamming_tampering,medium,30,UAV-010,30,49,normal
4,jamming_tampering,medium,30,UAV-010,35,53,normal
4,jamming_tampering,medium,30,UAV-010,40,57,normal
4,jamming_tampering,medium,30,UAV-010,45,61,normal
4,jamming_tampering,medium,30,UAV-010,50,67,jamming_tampering
4,jamming_tampering,medium,30,UAV-010,54,74,jamming_tampering
4,jamming_tampering,medium,30,UAV-010,58,79,jamming_tampering
4,jamming_tampering,medium,30,UAV-010,62,84,jamming_tampering
4,jamming_tampering,medium,30,UAV-010,68,89,jamming_tampering
4,jamming_tampering,medium,30,UAV-010,75,94,jamming_tampering
4,jamming_tampering,medium,30,UAV-010,80,101,jamming_tampering
4,jamming_tampering,medium,30,UAV-010,85,106,jamming_tampering
4,jamming_tampering,medium,30,UAV-010,90,110,jamming_tampering
4,jamming_tampering,medium,30,UAV-010,95,115,jamming_tampering
4,jamming_tampering,medium,30,UAV-010,102,120,jamming_tampering
4,jamming_tampering,medium,30,UAV-010,107,124,jamming_tampering
4,jamming_tampering,medium,30,UAV-010,111,130,jamming_tampering
4,jamming_tampering,medium,30,UAV-010,117,135,jamming_tampering
4,jamming_tampering,medium,30,UAV-010,121,140,jamming_tampering
4,jamming_tampering,medium,30,UAV-010,125,142,jamming_tampering
4,jamming_tampering,medium,30,UAV-010,131,148,jamming_tampering
4,jamming_tampering,medium,30,UAV-010,136,153,jamming_tampering
4,jamming_tampering,medium,30,UAV-010,140,157,jamming_tampering
4,jamming_tampering,medium,30,UAV-010,143,163,jamming_tampering
4,jamming_tampering,medium,30,UAV-010,149,169,jamming_tampering
4,jamming_tampering,medium,30,UAV-010,154,174,jamming_tampering
4,jamming_tampering,medium,30,UAV-010,158,181,jamming_tampering
4,jamming_tampering,medium,30,UAV-010,164,185,jamming_tampering
4,jamming_tampering,medium,30,UAV-010,170,190,jamming_tampering
4,jamming_tampering,medium,30,UAV-010,175,195,normal
4,jamming_tampering,medium,30,UAV-010,181,199,normal
4,jamming_tampering,medium,30,UAV-010,186,204,normal
4,jamming_tampering,medium,30,UAV-010,191,209,normal
4,jamming_tampering,medium,30,UAV-010,196,214,normal
4,jamming_tampering,medium,30,UAV-010,200,219,normal
4,jamming_tampering,medium,30,UAV-010,205,224,normal
4,jamming_tampering,medium,30,UAV-010,210,229,normal
4,jamming_tampering,medium,30,UAV-010,215,234,normal
4,jamming_tampering,medium,30,UAV-010,220,239,normal
4,jamming_tampering,medium,30,UAV-012,0,19,normal
4,jamming_tampering,medium,30,UAV-012,5,24,normal
4,jamming_tampering,medium,30,UAV-012,10,29,normal
4,jamming_tampering,medium,30,UAV-012,15,34,normal
4,jamming_tampering,medium,30,UAV-012,20,39,normal
4,jamming_tampering,medium,30,UAV-012,25,44,normal
4,jamming_tampering,medium,30,UAV-012,30,49,normal
4,jamming_tampering,medium,30,UAV-012,35,54,normal
4,jamming_tampering,medium,30,UAV-012,40,59,normal
4,jamming_tampering,medium,30,UAV-012,45,65,normal
4,jamming_tampering,medium,30,UAV-012,50,69,normal
4,jamming_tampering,medium,30,UAV-012,55,74,jamming_tampering
4,jamming_tampering,medium,30,UAV-012,60,78,jamming_tampering
4,jamming_tampering,medium,30,UAV-012,66,84,jamming_tampering
4,jamming_tampering,medium,30,UAV-012,70,89,jamming_tampering
4,jamming_tampering,medium,30,UAV-012,74,93,jamming_tampering
4,jamming_tampering,medium,30,UAV-012,80,98,jamming_tampering
4,jamming_tampering,medium,30,UAV-012,85,104,jamming_tampering
4,jamming_tampering,medium,30,UAV-012,89,109,normal
4,jamming_tampering,medium,30,UAV-012,94,113,normal
4,jamming_tampering,medium,30,UAV-012,99,120,jamming_tampering
4,jamming_tampering,medium,30,UAV-012,105,123,jamming_tampering
4,jamming_tampering,medium,30,UAV-012,110,128,jamming_tampering
4,jamming_tampering,medium,30,UAV-012,115,133,jamming_tampering
4,jamming_tampering,medium,30,UAV-012,120,138,jamming_tampering
4,jamming_tampering,medium,30,UAV-012,124,143,jamming_tampering
4,jamming_tampering,medium,30,UAV-012,129,148,jamming_tampering
4,jamming_tampering,medium,30,UAV-012,134,152,jamming_tampering
4,jamming_tampering,medium,30,UAV-012,139,157,jamming_tampering
4,jamming_tampering,medium,30,UAV-012,144,161,jamming_tampering
4,jamming_tampering,medium,30,UAV-012,148,170,jamming_tampering
4,jamming_tampering,medium,30,UAV-012,153,175,jamming_tampering
4,jamming_tampering,medium,30,UAV-012,158,180,jamming_tampering
4,jamming_tampering,medium,30,UAV-012,162,184,normal
4,jamming_tampering,medium,30,UAV-012,171,189,normal
4,jamming_tampering,medium,30,UAV-012,176,194,normal
4,jamming_tampering,medium,30,UAV-012,180,199,normal
4,jamming_tampering,medium,30,UAV-012,185,204,normal
4,jamming_tampering,medium,30,UAV-012,190,209,normal
4,jamming_tampering,medium,30,UAV-012,195,214,normal
4,jamming_tampering,medium,30,UAV-012,200,219,normal
4,jamming_tampering,medium,30,UAV-012,205,224,normal
4,jamming_tampering,medium,30,UAV-012,210,229,normal
4,jamming_tampering,medium,30,UAV-012,215,234,normal
4,jamming_tampering,medium,30,UAV-012,220,239,normal
4,spoofing,high,20,UAV-012,0,19,normal
4,spoofing,high,20,UAV-012,5,24,normal
4,spoofing,high,20,UAV-012,10,29,normal
4,spoofing,high,20,UAV-012,15,34,normal
4,spoofing,high,20,UAV-012,20,39,normal
4,spoofing,high,20,UAV-012,25,44,normal
4,spoofing,high,20,UAV-012,30,49,normal
4,spoofing,high,20,UAV-012,35,54,normal
4,spoofing,high,20,UAV-012,40,59,normal
4,spoofing,high,20,UAV-012,45,64,normal
4,spoofing,high,20,UAV-012,50,69,spoofing
4,spoofing,high,20,UAV-012,55,74,spoofing
4,spoofing,high,20,UAV-012,60,79,spoofing
4,spoofing,high,20,UAV-012,65,84,spoofing
4,spoofing,high,20,UAV-012,70,89,spoofing
4,spoofing,high,20,UAV-012,75,94,spoofing
4,spoofing,high,20,UAV-012,80,99,spoofing
4,spoofing,high,20,UAV-012,85,104,spoofing
4,spoofing,high,20,UAV-012,90,109,spoofing
4,spoofing,high,20,UAV-012,95,114,spoofing
4,spoofing,high,20,UAV-012,100,119,spoofing
4,spoofing,high,20,UAV-012,105,124,spoofing
4,spoofing,high,20,UAV-012,110,129,spoofing
4,spoofing,high,20,UAV-012,115,134,spoofing
4,spoofing,high,20,UAV-012,120,139,spoofing
4,spoofing,high,20,UAV-012,125,144,spoofing
4,spoofing,high,20,UAV-012,130,149,spoofing
4,spoofing,high,20,UAV-012,135,154,spoofing
4,spoofing,high,20,UAV-012,140,159,spoofing
4,spoofing,high,20,UAV-012,145,164,spoofing
4,spoofing,high,20,UAV-012,150,169,spoofing
4,spoofing,high,20,UAV-012,155,174,spoofing
4,spoofing,high,20,UAV-012,160,179,spoofing
4,spoofing,high,20,UAV-012,165,184,spoofing
4,spoofing,high,20,UAV-012,170,189,normal
4,spoofing,high,20,UAV-012,175,194,normal
4,spoofing,high,20,UAV-012,180,199,normal
4,spoofing,high,20,UAV-012,185,204,normal
4,spoofing,high,20,UAV-012,190,209,normal
4,spoofing,high,20,UAV-012,195,214,normal
4,spoofing,high,20,UAV-012,200,219,normal
4,spoofing,high,20,UAV-012,205,224,normal
4,spoofing,high,20,UAV-012,210,229,normal
4,spoofing,high,20,UAV-012,215,234,normal
4,spoofing,high,20,UAV-012,220,239,normal
4,spoofing,high,20,UAV-014,0,19,normal
4,spoofing,high,20,UAV-014,5,24,normal
4,spoofing,high,20,UAV-014,10,29,normal
4,spoofing,high,20,UAV-014,15,34,normal
4,spoofing,high,20,UAV-014,20,39,normal
4,spoofing,high,20,UAV-014,25,44,normal
4,spoofing,high,20,UAV-014,30,49,normal
4,spoofing,high,20,UAV-014,35,54,normal
4,spoofing,high,20,UAV-014,40,59,normal
4,spoofing,high,20,UAV-014,45,64,normal
4,spoofing,high,20,UAV-014,50,69,spoofing
4,spoofing,high,20,UAV-014,55,74,spoofing
4,spoofing,high,20,UAV-014,60,79,spoofing
4,spoofing,high,20,UAV-014,65,84,spoofing
4,spoofing,high,20,UAV-014,70,89,spoofing
4,spoofing,high,20,UAV-014,75,94,spoofing
4,spoofing,high,20,UAV-014,80,99,spoofing
4,spoofing,high,20,UAV-014,85,104,spoofing
4,spoofing,high,20,UAV-014,90,109,spoofing
4,spoofing,high,20,UAV-014,95,114,spoofing
4,spoofing,high,20,UAV-014,100,119,spoofing
4,spoofing,high,20,UAV-014,105,124,spoofing
4,spoofing,high,20,UAV-014,110,129,spoofing
4,spoofing,high,20,UAV-014,115,134,spoofing
4,spoofing,high,20,UAV-014,120,139,spoofing
4,spoofing,high,20,UAV-014,125,144,spoofing
4,spoofing,high,20,UAV-014,130,149,spoofing
4,spoofing,high,20,UAV-014,135,154,spoofing
4,spoofing,high,20,UAV-014,140,159,spoofing
4,spoofing,high,20,UAV-014,145,164,spoofing
4,spoofing,high,20,UAV-014,150,169,spoofing
4,spoofing,high,20,UAV-014,155,174,spoofing
4,spoofing,high,20,UAV-014,160,179,spoofing
4,spoofing,high,20,UAV-014,165,184,spoofing
4,spoofing,high,20,UAV-014,170,189,spoofing
4,spoofing,high,20,UAV-014,175,194,spoofing
4,spoofing,high,20,UAV-014,180,199,normal
4,spoofing,high,20,UAV-014,185,204,normal
4,spoofing,high,20,UAV-014,190,209,normal
4,spoofing,high,20,UAV-014,195,214,normal
4,spoofing,high,20,UAV-014,200,219,normal
4,spoofing,high,20,UAV-014,205,224,normal
4,spoofing,high,20,UAV-014,210,229,normal
4,spoofing,high,20,UAV-014,215,234,normal
4,spoofing,high,20,UAV-014,220,239,normal
4,spoofing,high,30,UAV-021,0,19,normal
4,spoofing,high,30,UAV-021,5,24,normal
4,spoofing,high,30,UAV-021,10,29,normal
4,spoofing,high,30,UAV-021,15,34,normal
4,spoofing,high,30,UAV-021,20,39,normal
4,spoofing,high,30,UAV-021,25,44,normal
4,spoofing,high,30,UAV-021,30,49,normal
4,spoofing,high,30,UAV-021,35,54,normal
4,spoofing,high,30,UAV-021,40,59,normal
4,spoofing,high,30,UAV-021,45,64,normal
4,spoofing,high,30,UAV-021,50,69,spoofing
4,spoofing,high,30,UAV-021,55,74,spoofing
4,spoofing,high,30,UAV-021,60,79,spoofing
4,spoofing,high,30,UAV-021,65,84,spoofing
4,spoofing,high,30,UAV-021,70,89,spoofing
4,spoofing,high,30,UAV-021,75,94,spoofing
4,spoofing,high,30,UAV-021,80,99,spoofing
4,spoofing,high,30,UAV-021,85,104,spoofing
4,spoofing,high,30,UAV-021,90,109,spoofing
4,spoofing,high,30,UAV-021,95,114,spoofing
4,spoofing,high,30,UAV-021,100,119,spoofing
4,spoofing,high,30,UAV-021,105,124,spoofing
4,spoofing,high,30,UAV-021,110,129,spoofing
4,spoofing,high,30,UAV-021,115,134,spoofing
4,spoofing,high,30,UAV-021,120,139,spoofing
4,spoofing,high,30,UAV-021,125,144,spoofing
4,spoofing,high,30,UAV-021,130,149,spoofing
4,spoofing,high,30,UAV-021,135,154,spoofing
4,spoofing,high,30,UAV-021,140,159,spoofing
4,spoofing,high,30,UAV-021,145,164,spoofing
4,spoofing,high,30,UAV-021,150,169,spoofing
4,spoofing,high,30,UAV-021,155,174,spoofing
4,spoofing,high,30,UAV-021,160,179,spoofing
4,spoofing,high,30,UAV-021,165,184,spoofing
4,spoofing,high,30,UAV-021,170,189,spoofing
4,spoofing,high,30,UAV-021,175,194,normal
4,spoofing,high,30,UAV-021,180,199,normal
4,spoofing,high,30,UAV-021,185,204,normal
4,spoofing,high,30,UAV-021,190,209,normal
4,spoofing,high,30,UAV-021,195,214,normal
4,spoofing,high,30,UAV-021,200,219,normal
4,spoofing,high,30,UAV-021,205,224,normal
4,spoofing,high,30,UAV-021,210,229,normal
4,spoofing,high,30,UAV-021,215,234,normal
4,spoofing,high,30,UAV-021,220,239,normal
4,spoofing,medium,20,UAV-003,0,19,normal
4,spoofing,medium,20,UAV-003,5,24,normal
4,spoofing,medium,20,UAV-003,10,29,normal
4,spoofing,medium,20,UAV-003,15,34,normal
4,spoofing,medium,20,UAV-003,20,39,normal
4,spoofing,medium,20,UAV-003,25,44,normal
4,spoofing,medium,20,UAV-003,30,49,normal
4,spoofing,medium,20,UAV-003,35,54,normal
4,spoofing,medium,20,UAV-003,40,59,normal
4,spoofing,medium,20,UAV-003,45,64,normal
4,spoofing,medium,20,UAV-003,50,69,normal
4,spoofing,medium,20,UAV-003,55,74,spoofing
4,spoofing,medium,20,UAV-003,60,79,spoofing
4,spoofing,medium,20,UAV-003,65,84,spoofing
4,spoofing,medium,20,UAV-003,70,89,spoofing
4,spoofing,medium,20,UAV-003,75,94,spoofing
4,spoofing,medium,20,UAV-003,80,99,spoofing
4,spoofing,medium,20,UAV-003,85,104,spoofing
4,spoofing,medium,20,UAV-003,90,109,spoofing
4,spoofing,medium,20,UAV-003,95,114,spoofing
4,spoofing,medium,20,UAV-003,100,119,spoofing
4,spoofing,medium,20,UAV-003,105,124,spoofing
4,spoofing,medium,20,UAV-003,110,129,spoofing
4,spoofing,medium,20,UAV-003,115,134,spoofing
4,spoofing,medium,20,UAV-003,120,139,normal
4,spoofing,medium,20,UAV-003,125,144,spoofing
4,spoofing,medium,20,UAV-003,130,149,spoofing
4,spoofing,medium,20,UAV-003,135,154,spoofing
4,spoofing,medium,20,UAV-003,140,159,spoofing
4,spoofing,medium,20,UAV-003,145,164,spoofing
4,spoofing,medium,20,UAV-003,150,169,spoofing
4,spoofing,medium,20,UAV-003,155,174,spoofing
4,spoofing,medium,20,UAV-003,160,179,spoofing
4,spoofing,medium,20,UAV-003,165,184,spoofing
4,spoofing,medium,20,UAV-003,170,189,spoofing
4,spoofing,medium,20,UAV-003,175,194,normal
4,spoofing,medium,20,UAV-003,180,199,normal
4,spoofing,medium,20,UAV-003,185,204,normal
4,spoofing,medium,20,UAV-003,190,209,normal
4,spoofing,medium,20,UAV-003,195,214,normal
4,spoofing,medium,20,UAV-003,200,219,normal
4,spoofing,medium,20,UAV-003,205,224,normal
4,spoofing,medium,20,UAV-003,210,229,normal
4,spoofing,medium,20,UAV-003,215,234,normal
4,spoofing,medium,20,UAV-003,220,239,normal
4,spoofing,medium,30,UAV-008,0,19,normal
4,spoofing,medium,30,UAV-008,5,24,normal
4,spoofing,medium,30,UAV-008,10,29,normal
4,spoofing,medium,30,UAV-008,15,34,normal
4,spoofing,medium,30,UAV-008,20,39,normal
4,spoofing,medium,30,UAV-008,25,44,normal
4,spoofing,medium,30,UAV-008,30,49,normal
4,spoofing,medium,30,UAV-008,35,54,normal
4,spoofing,medium,30,UAV-008,40,59,normal
4,spoofing,medium,30,UAV-008,45,64,normal
4,spoofing,medium,30,UAV-008,50,69,normal
4,spoofing,medium,30,UAV-008,55,74,spoofing
4,spoofing,medium,30,UAV-008,60,79,spoofing
4,spoofing,medium,30,UAV-008,65,84,spoofing
4,spoofing,medium,30,UAV-008,70,89,spoofing
4,spoofing,medium,30,UAV-008,75,94,spoofing
4,spoofing,medium,30,UAV-008,80,99,spoofing
4,spoofing,medium,30,UAV-008,85,104,spoofing
4,spoofing,medium,30,UAV-008,90,109,spoofing
4,spoofing,medium,30,UAV-008,95,114,spoofing
4,spoofing,medium,30,UAV-008,100,119,spoofing
4,spoofing,medium,30,UAV-008,105,124,spoofing
4,spoofing,medium,30,UAV-008,110,129,spoofing
4,spoofing,medium,30,UAV-008,115,134,spoofing
4,spoofing,medium,30,UAV-008,120,139,spoofing
4,spoofing,medium,30,UAV-008,125,144,spoofing
4,spoofing,medium,30,UAV-008,130,149,spoofing
4,spoofing,medium,30,UAV-008,135,154,spoofing
4,spoofing,medium,30,UAV-008,140,159,spoofing
4,spoofing,medium,30,UAV-008,145,164,spoofing
4,spoofing,medium,30,UAV-008,150,169,spoofing
4,spoofing,medium,30,UAV-008,155,174,spoofing
4,spoofing,medium,30,UAV-008,160,179,spoofing
4,spoofing,medium,30,UAV-008,165,184,spoofing
4,spoofing,medium,30,UAV-008,170,189,spoofing
4,spoofing,medium,30,UAV-008,175,194,normal
4,spoofing,medium,30,UAV-008,180,199,normal
4,spoofing,medium,30,UAV-008,185,204,normal
4,spoofing,medium,30,UAV-008,190,209,normal
4,spoofing,medium,30,UAV-008,195,214,normal
4,spoofing,medium,30,UAV-008,200,219,normal
4,spoofing,medium,30,UAV-008,205,224,normal
4,spoofing,medium,30,UAV-008,210,229,normal
4,spoofing,medium,30,UAV-008,215,234,normal
4,spoofing,medium,30,UAV-008,220,239,normal
4,spoofing,medium,30,UAV-014,0,19,normal
4,spoofing,medium,30,UAV-014,5,24,normal
4,spoofing,medium,30,UAV-014,10,29,normal
4,spoofing,medium,30,UAV-014,15,34,normal
4,spoofing,medium,30,UAV-014,20,39,normal
4,spoofing,medium,30,UAV-014,25,44,normal
4,spoofing,medium,30,UAV-014,30,49,normal
4,spoofing,medium,30,UAV-014,35,54,normal
4,spoofing,medium,30,UAV-014,40,59,normal
4,spoofing,medium,30,UAV-014,45,64,normal
4,spoofing,medium,30,UAV-014,50,69,spoofing
4,spoofing,medium,30,UAV-014,55,74,spoofing
4,spoofing,medium,30,UAV-014,60,79,spoofing
4,spoofing,medium,30,UAV-014,65,84,spoofing
4,spoofing,medium,30,UAV-014,70,89,spoofing
4,spoofing,medium,30,UAV-014,75,94,spoofing
4,spoofing,medium,30,UAV-014,80,99,spoofing
4,spoofing,medium,30,UAV-014,85,104,spoofing
4,spoofing,medium,30,UAV-014,90,109,spoofing
4,spoofing,medium,30,UAV-014,95,114,spoofing
4,spoofing,medium,30,UAV-014,100,119,spoofing
4,spoofing,medium,30,UAV-014,105,124,spoofing
4,spoofing,medium,30,UAV-014,110,129,spoofing
4,spoofing,medium,30,UAV-014,115,134,spoofing
4,spoofing,medium,30,UAV-014,120,139,spoofing
4,spoofing,medium,30,UAV-014,125,144,spoofing
4,spoofing,medium,30,UAV-014,130,149,spoofing
4,spoofing,medium,30,UAV-014,135,154,spoofing
4,spoofing,medium,30,UAV-014,140,159,spoofing
4,spoofing,medium,30,UAV-014,145,164,spoofing
4,spoofing,medium,30,UAV-014,150,169,spoofing
4,spoofing,medium,30,UAV-014,155,174,spoofing
4,spoofing,medium,30,UAV-014,160,179,spoofing
4,spoofing,medium,30,UAV-014,165,184,spoofing
4,spoofing,medium,30,UAV-014,170,189,spoofing
4,spoofing,medium,30,UAV-014,175,194,normal
4,spoofing,medium,30,UAV-014,180,199,normal
4,spoofing,medium,30,UAV-014,185,204,normal
4,spoofing,medium,30,UAV-014,190,209,normal
4,spoofing,medium,30,UAV-014,195,214,normal
4,spoofing,medium,30,UAV-014,200,219,normal
4,spoofing,medium,30,UAV-014,205,224,normal
4,spoofing,medium,30,UAV-014,210,229,normal
4,spoofing,medium,30,UAV-014,215,234,normal
4,spoofing,medium,30,UAV-014,220,239,normal
4,spoofing_tampering,high,20,UAV-011,0,19,normal
4,spoofing_tampering,high,20,UAV-011,5,24,normal
4,spoofing_tampering,high,20,UAV-011,10,29,normal
4,spoofing_tampering,high,20,UAV-011,15,34,normal
4,spoofing_tampering,high,20,UAV-011,20,38,normal
4,spoofing_tampering,high,20,UAV-011,25,42,normal
4,spoofing_tampering,high,20,UAV-011,30,47,normal
4,spoofing_tampering,high,20,UAV-011,35,52,normal
4,spoofing_tampering,high,20,UAV-011,39,57,normal
4,spoofing_tampering,high,20,UAV-011,43,63,normal
4,spoofing_tampering,high,20,UAV-011,48,70,normal
4,spoofing_tampering,high,20,UAV-011,53,74,spoofing_tampering
4,spoofing_tampering,high,20,UAV-011,58,79,spoofing_tampering
4,spoofing_tampering,high,20,UAV-011,64,84,spoofing_tampering
4,spoofing_tampering,high,20,UAV-011,71,89,spoofing_tampering
4,spoofing_tampering,high,20,UAV-011,75,94,spoofing_tampering
4,spoofing_tampering,high,20,UAV-011,80,98,spoofing_tampering
4,spoofing_tampering,high,20,UAV-011,85,102,spoofing_tampering
4,spoofing_tampering,high,20,UAV-011,90,106,spoofing_tampering
4,spoofing_tampering,high,20,UAV-011,95,113,spoofing_tampering
4,spoofing_tampering,high,20,UAV-011,99,118,spoofing_tampering
4,spoofing_tampering,high,20,UAV-011,102,124,spoofing_tampering
4,spoofing_tampering,high,20,UAV-011,108,130,spoofing_tampering
4,spoofing_tampering,high,20,UAV-011,114,134,spoofing_tampering
4,spoofing_tampering,high,20,UAV-011,121,137,spoofing_tampering
4,spoofing_tampering,high,20,UAV-011,125,142,spoofing_tampering
4,spoofing_tampering,high,20,UAV-011,130,147,spoofing_tampering
4,spoofing_tampering,high,20,UAV-011,134,153,spoofing_tampering
4,spoofing_tampering,high,20,UAV-011,138,157,spoofing_tampering
4,spoofing_tampering,high,20,UAV-011,143,161,spoofing_tampering
4,spoofing_tampering,high,20,UAV-011,148,166,spoofing_tampering
4,spoofing_tampering,high,20,UAV-011,154,172,spoofing_tampering
4,spoofing_tampering,high,20,UAV-011,157,179,spoofing_tampering
4,spoofing_tampering,high,20,UAV-011,162,184,spoofing_tampering
4,spoofing_tampering,high,20,UAV-011,167,189,spoofing_tampering
4,spoofing_tampering,high,20,UAV-011,173,194,spoofing_tampering
4,spoofing_tampering,high,20,UAV-011,180,199,normal
4,spoofing_tampering,high,20,UAV-011,185,204,normal
4,spoofing_tampering,high,20,UAV-011,190,209,normal
4,spoofing_tampering,high,20,UAV-011,195,214,normal
4,spoofing_tampering,high,20,UAV-011,200,219,normal
4,spoofing_tampering,high,20,UAV-011,205,224,normal
4,spoofing_tampering,high,20,UAV-011,210,229,normal
4,spoofing_tampering,high,20,UAV-011,215,234,normal
4,spoofing_tampering,high,20,UAV-011,220,239,normal
4,spoofing_tampering,low,20,UAV-004,0,19,normal
4,spoofing_tampering,low,20,UAV-004,5,24,normal
4,spoofing_tampering,low,20,UAV-004,10,29,normal
4,spoofing_tampering,low,20,UAV-004,15,34,normal
4,spoofing_tampering,low,20,UAV-004,20,39,normal
4,spoofing_tampering,low,20,UAV-004,25,44,normal
4,spoofing_tampering,low,20,UAV-004,30,49,normal
4,spoofing_tampering,low,20,UAV-004,35,54,normal
4,spoofing_tampering,low,20,UAV-004,40,59,normal
4,spoofing_tampering,low,20,UAV-004,45,65,normal
4,spoofing_tampering,low,20,UAV-004,50,68,normal
4,spoofing_tampering,low,20,UAV-004,55,73,spoofing_tampering
4,spoofing_tampering,low,20,UAV-004,60,79,spoofing_tampering
4,spoofing_tampering,low,20,UAV-004,66,84,spoofing_tampering
4,spoofing_tampering,low,20,UAV-004,69,89,spoofing_tampering
4,spoofing_tampering,low,20,UAV-004,74,95,spoofing_tampering
4,spoofing_tampering,low,20,UAV-004,80,99,spoofing_tampering
4,spoofing_tampering,low,20,UAV-004,85,104,spoofing_tampering
4,spoofing_tampering,low,20,UAV-004,90,109,spoofing_tampering
4,spoofing_tampering,low,20,UAV-004,95,113,spoofing_tampering
4,spoofing_tampering,low,20,UAV-004,100,117,spoofing_tampering
4,spoofing_tampering,low,20,UAV-004,105,125,spoofing_tampering
4,spoofing_tampering,low,20,UAV-004,109,129,spoofing_tampering
4,spoofing_tampering,low,20,UAV-004,114,135,spoofing_tampering
4,spoofing_tampering,low,20,UAV-004,118,140,spoofing_tampering
4,spoofing_tampering,low,20,UAV-004,125,143,spoofing_tampering
4,spoofing_tampering,low,20,UAV-004,130,148,spoofing_tampering
4,spoofing_tampering,low,20,UAV-004,136,153,spoofing_tampering
4,spoofing_tampering,low,20,UAV-004,141,158,spoofing_tampering
4,spoofing_tampering,low,20,UAV-004,144,164,spoofing_tampering
4,spoofing_tampering,low,20,UAV-004,149,169,normal
4,spoofing_tampering,low,20,UAV-004,154,174,spoofing_tampering
4,spoofing_tampering,low,20,UAV-004,159,180,normal
4,spoofing_tampering,low,20,UAV-004,165,184,normal
4,spoofing_tampering,low,20,UAV-004,170,189,normal
4,spoofing_tampering,low,20,UAV-004,175,194,normal
4,spoofing_tampering,low,20,UAV-004,181,199,normal
4,spoofing_tampering,low,20,UAV-004,185,204,normal
4,spoofing_tampering,low,20,UAV-004,190,209,normal
4,spoofing_tampering,low,20,UAV-004,195,214,normal
4,spoofing_tampering,low,20,UAV-004,200,219,normal
4,spoofing_tampering,low,20,UAV-004,205,224,normal
4,spoofing_tampering,low,20,UAV-004,210,229,normal
4,spoofing_tampering,low,20,UAV-004,215,234,normal
4,spoofing_tampering,low,20,UAV-004,220,239,normal
4,spoofing_tampering,medium,30,UAV-009,0,19,normal
4,spoofing_tampering,medium,30,UAV-009,5,24,normal
4,spoofing_tampering,medium,30,UAV-009,10,29,normal
4,spoofing_tampering,medium,30,UAV-009,15,34,normal
4,spoofing_tampering,medium,30,UAV-009,20,39,normal
4,spoofing_tampering,medium,30,UAV-009,25,44,normal
4,spoofing_tampering,medium,30,UAV-009,30,49,normal
4,spoofing_tampering,medium,30,UAV-009,35,54,normal
4,spoofing_tampering,medium,30,UAV-009,40,58,normal
4,spoofing_tampering,medium,30,UAV-009,45,64,normal
4,spoofing_tampering,medium,30,UAV-009,50,69,normal
4,spoofing_tampering,medium,30,UAV-009,55,75,spoofing_tampering
4,spoofing_tampering,medium,30,UAV-009,59,80,spoofing_tampering
4,spoofing_tampering,medium,30,UAV-009,65,85,spoofing_tampering
4,spoofing_tampering,medium,30,UAV-009,70,89,spoofing_tampering
4,spoofing_tampering,medium,30,UAV-009,76,94,spoofing_tampering
4,spoofing_tampering,medium,30,UAV-009,81,99,spoofing_tampering
4,spoofing_tampering,medium,30,UAV-009,86,106,spoofing_tampering
4,spoofing_tampering,medium,30,UAV-009,90,110,spoofing_tampering
4,spoofing_tampering,medium,30,UAV-009,95,114,spoofing_tampering
4,spoofing_tampering,medium,30,UAV-009,101,119,spoofing_tampering
4,spoofing_tampering,medium,30,UAV-009,107,124,spoofing_tampering
4,spoofing_tampering,medium,30,UAV-009,111,129,spoofing_tampering
4,spoofing_tampering,medium,30,UAV-009,115,134,spoofing_tampering
4,spoofing_tampering,medium,30,UAV-009,120,139,spoofing_tampering
4,spoofing_tampering,medium,30,UAV-009,125,144,spoofing_tampering
4,spoofing_tampering,medium,30,UAV-009,130,150,spoofing_tampering
4,spoofing_tampering,medium,30,UAV-009,135,154,spoofing_tampering
4,spoofing_tampering,medium,30,UAV-009,140,159,spoofing_tampering
4,spoofing_tampering,medium,30,UAV-009,145,162,spoofing_tampering
4,spoofing_tampering,medium,30,UAV-009,151,167,spoofing_tampering
4,spoofing_tampering,medium,30,UAV-009,155,172,spoofing_tampering
4,spoofing_tampering,medium,30,UAV-009,160,180,spoofing_tampering
4,spoofing_tampering,medium,30,UAV-009,163,185,spoofing_tampering
4,spoofing_tampering,medium,30,UAV-009,168,190,spoofing_tampering
4,spoofing_tampering,medium,30,UAV-009,173,194,normal
4,spoofing_tampering,medium,30,UAV-009,181,199,normal
4,spoofing_tampering,medium,30,UAV-009,186,204,normal
4,spoofing_tampering,medium,30,UAV-009,191,209,normal
4,spoofing_tampering,medium,30,UAV-009,195,214,normal
4,spoofing_tampering,medium,30,UAV-009,200,219,normal
4,spoofing_tampering,medium,30,UAV-009,205,224,normal
4,spoofing_tampering,medium,30,UAV-009,210,229,normal
4,spoofing_tampering,medium,30,UAV-009,215,234,normal
4,spoofing_tampering,medium,30,UAV-009,220,239,normal
4,spoofing_tampering,medium,30,UAV-017,0,19,normal
4,spoofing_tampering,medium,30,UAV-017,5,24,normal
4,spoofing_tampering,medium,30,UAV-017,10,29,normal
4,spoofing_tampering,medium,30,UAV-017,15,34,normal
4,spoofing_tampering,medium,30,UAV-017,20,39,normal
4,spoofing_tampering,medium,30,UAV-017,25,44,normal
4,spoofing_tampering,medium,30,UAV-017,30,49,normal
4,spoofing_tampering,medium,30,UAV-017,35,54,normal
4,spoofing_tampering,medium,30,UAV-017,40,59,normal
4,spoofing_tampering,medium,30,UAV-017,45,62,normal
4,spoofing_tampering,medium,30,UAV-017,50,67,normal
4,spoofing_tampering,medium,30,UAV-017,55,74,spoofing_tampering
4,spoofing_tampering,medium,30,UAV-017,59,80,spoofing_tampering
4,spoofing_tampering,medium,30,UAV-017,63,83,spoofing_tampering
4,spoofing_tampering,medium,30,UAV-017,68,87,spoofing_tampering
4,spoofing_tampering,medium,30,UAV-017,76,91,spoofing_tampering
4,spoofing_tampering,medium,30,UAV-017,81,99,spoofing_tampering
4,spoofing_tampering,medium,30,UAV-017,84,104,spoofing_tampering
4,spoofing_tampering,medium,30,UAV-017,88,109,spoofing_tampering
4,spoofing_tampering,medium,30,UAV-017,93,114,spoofing_tampering
4,spoofing_tampering,medium,30,UAV-017,100,118,spoofing_tampering
4,spoofing_tampering,medium,30,UAV-017,105,125,spoofing_tampering
4,spoofing_tampering,medium,30,UAV-017,110,128,spoofing_tampering
4,spoofing_tampering,medium,30,UAV-017,115,132,spoofing_tampering
4,spoofing_tampering,medium,30,UAV-017,120,137,spoofing_tampering
4,spoofing_tampering,medium,30,UAV-017,125,143,spoofing_tampering
4,spoofing_tampering,medium,30,UAV-017,129,150,spoofing_tampering
4,spoofing_tampering,medium,30,UAV-017,133,154,spoofing_tampering
4,spoofing_tampering,medium,30,UAV-017,138,160,spoofing_tampering
4,spoofing_tampering,medium,30,UAV-017,144,166,spoofing_tampering
4,spoofing_tampering,medium,30,UAV-017,150,170,spoofing_tampering
4,spoofing_tampering,medium,30,UAV-017,156,175,spoofing_tampering
4,spoofing_tampering,medium,30,UAV-017,162,179,spoofing_tampering
4,spoofing_tampering,medium,30,UAV-017,167,184,spoofing_tampering
4,spoofing_tampering,medium,30,UAV-017,172,189,spoofing_tampering
4,spoofing_tampering,medium,30,UAV-017,175,194,normal
4,spoofing_tampering,medium,30,UAV-017,180,199,normal
4,spoofing_tampering,medium,30,UAV-017,185,204,normal
4,spoofing_tampering,medium,30,UAV-017,190,209,normal
4,spoofing_tampering,medium,30,UAV-017,195,214,normal
4,spoofing_tampering,medium,30,UAV-017,200,219,normal
4,spoofing_tampering,medium,30,UAV-017,205,224,normal
4,spoofing_tampering,medium,30,UAV-017,210,229,normal
4,spoofing_tampering,medium,30,UAV-017,215,234,normal
4,spoofing_tampering,medium,30,UAV-017,220,239,normal
4,tampering,high,20,UAV-006,0,19,normal
4,tampering,high,20,UAV-006,5,24,normal
4,tampering,high,20,UAV-006,10,29,normal
4,tampering,high,20,UAV-006,15,34,normal
4,tampering,high,20,UAV-006,20,39,normal
4,tampering,high,20,UAV-006,25,44,normal
4,tampering,high,20,UAV-006,30,49,normal
4,tampering,high,20,UAV-006,35,53,normal
4,tampering,high,20,UAV-006,40,58,normal
4,tampering,high,20,UAV-006,45,63,normal
4,tampering,high,20,UAV-006,50,67,tampering
4,tampering,high,20,UAV-006,54,74,tampering
4,tampering,high,20,UAV-006,59,79,tampering
4,tampering,high,20,UAV-006,63,84,tampering
4,tampering,high,20,UAV-006,68,88,tampering
4,tampering,high,20,UAV-006,75,94,tampering
4,tampering,high,20,UAV-006,80,97,tampering
4,tampering,high,20,UAV-006,85,101,tampering
4,tampering,high,20,UAV-006,89,107,tampering
4,tampering,high,20,UAV-006,94,113,tampering
4,tampering,high,20,UAV-006,98,119,tampering
4,tampering,high,20,UAV-006,102,124,tampering
4,tampering,high,20,UAV-006,107,129,tampering
4,tampering,high,20,UAV-006,114,134,tampering
4,tampering,high,20,UAV-006,120,139,tampering
4,tampering,high,20,UAV-006,125,144,tampering
4,tampering,high,20,UAV-006,130,149,tampering
4,tampering,high,20,UAV-006,135,153,tampering
4,tampering,high,20,UAV-006,140,158,tampering
4,tampering,high,20,UAV-006,145,163,tampering
4,tampering,high,20,UAV-006,149,169,tampering
4,tampering,high,20,UAV-006,154,173,tampering
4,tampering,high,20,UAV-006,159,180,tampering
4,tampering,high,20,UAV-006,164,185,tampering
4,tampering,high,20,UAV-006,169,190,tampering
4,tampering,high,20,UAV-006,176,194,normal
4,tampering,high,20,UAV-006,181,199,normal
4,tampering,high,20,UAV-006,186,204,normal
4,tampering,high,20,UAV-006,191,209,normal
4,tampering,high,20,UAV-006,195,214,normal
4,tampering,high,20,UAV-006,200,219,normal
4,tampering,high,20,UAV-006,205,224,normal
4,tampering,high,20,UAV-006,210,229,normal
4,tampering,high,20,UAV-006,215,234,normal
4,tampering,high,20,UAV-006,220,239,normal
4,tampering,high,30,UAV-019,0,19,normal
4,tampering,high,30,UAV-019,5,24,normal
4,tampering,high,30,UAV-019,10,29,normal
4,tampering,high,30,UAV-019,15,34,normal
4,tampering,high,30,UAV-019,20,39,normal
4,tampering,high,30,UAV-019,25,44,normal
4,tampering,high,30,UAV-019,30,49,normal
4,tampering,high,30,UAV-019,35,54,normal
4,tampering,high,30,UAV-019,40,58,normal
4,tampering,high,30,UAV-019,45,64,normal
4,tampering,high,30,UAV-019,50,70,normal
4,tampering,high,30,UAV-019,55,73,tampering
4,tampering,high,30,UAV-019,59,77,tampering
4,tampering,high,30,UAV-019,65,82,tampering
4,tampering,high,30,UAV-019,71,87,tampering
4,tampering,high,30,UAV-019,73,92,tampering
4,tampering,high,30,UAV-019,78,99,tampering
4,tampering,high,30,UAV-019,83,103,tampering
4,tampering,high,30,UAV-019,88,109,tampering
4,tampering,high,30,UAV-019,94,114,tampering
4,tampering,high,30,UAV-019,99,119,tampering
4,tampering,high,30,UAV-019,104,124,tampering
4,tampering,high,30,UAV-019,110,129,tampering
4,tampering,high,30,UAV-019,115,135,tampering
4,tampering,high,30,UAV-019,120,139,tampering
4,tampering,high,30,UAV-019,126,143,tampering
4,tampering,high,30,UAV-019,130,148,tampering
4,tampering,high,30,UAV-019,136,153,tampering
4,tampering,high,30,UAV-019,139,159,tampering
4,tampering,high,30,UAV-019,143,166,tampering
4,tampering,high,30,UAV-019,149,171,tampering
4,tampering,high,30,UAV-019,154,176,tampering
4,tampering,high,30,UAV-019,159,180,tampering
4,tampering,high,30,UAV-019,167,184,tampering
4,tampering,high,30,UAV-019,172,189,normal
4,tampering,high,30,UAV-019,176,194,normal
4,tampering,high,30,UAV-019,181,199,normal
4,tampering,high,30,UAV-019,185,204,normal
4,tampering,high,30,UAV-019,190,209,normal
4,tampering,high,30,UAV-019,195,214,normal
4,tampering,high,30,UAV-019,200,219,normal
4,tampering,high,30,UAV-019,205,224,normal
4,tampering,high,30,UAV-019,210,229,normal
4,tampering,high,30,UAV-019,215,234,normal
4,tampering,high,30,UAV-019,220,239,normal
4,tampering,high,30,UAV-022,0,19,normal
4,tampering,high,30,UAV-022,5,24,normal
4,tampering,high,30,UAV-022,10,29,normal
4,tampering,high,30,UAV-022,15,34,normal
4,tampering,high,30,UAV-022,20,39,normal
4,tampering,high,30,UAV-022,25,44,normal
4,tampering,high,30,UAV-022,30,49,normal
4,tampering,high,30,UAV-022,35,54,normal
4,tampering,high,30,UAV-022,40,59,normal
4,tampering,high,30,UAV-022,45,65,normal
4,tampering,high,30,UAV-022,50,70,tampering
4,tampering,high,30,UAV-022,55,75,tampering
4,tampering,high,30,UAV-022,59,79,tampering
4,tampering,high,30,UAV-022,67,84,tampering
4,tampering,high,30,UAV-022,71,88,tampering
4,tampering,high,30,UAV-022,76,95,tampering
4,tampering,high,30,UAV-022,79,100,tampering
4,tampering,high,30,UAV-022,85,103,tampering
4,tampering,high,30,UAV-022,89,108,tampering
4,tampering,high,30,UAV-022,96,110,tampering
4,tampering,high,30,UAV-022,101,115,tampering
4,tampering,high,30,UAV-022,103,120,tampering
4,tampering,high,30,UAV-022,108,126,tampering
4,tampering,high,30,UAV-022,110,132,tampering
4,tampering,high,30,UAV-022,116,138,tampering
4,tampering,high,30,UAV-022,121,144,tampering
4,tampering,high,30,UAV-022,127,148,tampering
4,tampering,high,30,UAV-022,134,151,tampering
4,tampering,high,30,UAV-022,140,157,tampering
4,tampering,high,30,UAV-022,145,161,tampering
4,tampering,high,30,UAV-022,149,166,tampering
4,tampering,high,30,UAV-022,151,175,tampering
4,tampering,high,30,UAV-022,158,180,tampering
4,tampering,high,30,UAV-022,162,184,tampering
4,tampering,high,30,UAV-022,167,189,tampering
4,tampering,high,30,UAV-022,177,194,normal
4,tampering,high,30,UAV-022,181,199,normal
4,tampering,high,30,UAV-022,185,204,normal
4,tampering,high,30,UAV-022,190,209,normal
4,tampering,high,30,UAV-022,195,214,normal
4,tampering,high,30,UAV-022,200,219,normal
4,tampering,high,30,UAV-022,205,224,normal
4,tampering,high,30,UAV-022,210,229,normal
4,tampering,high,30,UAV-022,215,234,normal
4,tampering,high,30,UAV-022,220,239,normal
4,tampering,low,10,UAV-005,0,19,normal
4,tampering,low,10,UAV-005,5,24,normal
4,tampering,low,10,UAV-005,10,29,normal
4,tampering,low,10,UAV-005,15,34,normal
4,tampering,low,10,UAV-005,20,39,normal
4,tampering,low,10,UAV-005,25,44,normal
4,tampering,low,10,UAV-005,30,49,normal
4,tampering,low,10,UAV-005,35,54,normal
4,tampering,low,10,UAV-005,40,59,normal
4,tampering,low,10,UAV-005,45,64,normal
4,tampering,low,10,UAV-005,50,68,normal
4,tampering,low,10,UAV-005,55,73,normal
4,tampering,low,10,UAV-005,60,78,tampering
4,tampering,low,10,UAV-005,65,84,tampering
4,tampering,low,10,UAV-005,70,88,tampering
4,tampering,low,10,UAV-005,74,94,tampering
4,tampering,low,10,UAV-005,79,99,tampering
4,tampering,low,10,UAV-005,85,104,tampering
4,tampering,low,10,UAV-005,89,109,tampering
4,tampering,low,10,UAV-005,95,113,tampering
4,tampering,low,10,UAV-005,100,119,tampering
4,tampering,low,10,UAV-005,105,125,tampering
4,tampering,low,10,UAV-005,110,129,tampering
4,tampering,low,10,UAV-005,114,133,tampering
4,tampering,low,10,UAV-005,120,139,tampering
4,tampering,low,10,UAV-005,126,143,tampering
4,tampering,low,10,UAV-005,130,148,tampering
4,tampering,low,10,UAV-005,134,153,tampering
4,tampering,low,10,UAV-005,140,159,tampering
4,tampering,low,10,UAV-005,144,163,tampering
4,tampering,low,10,UAV-005,149,168,tampering
4,tampering,low,10,UAV-005,154,173,tampering
4,tampering,low,10,UAV-005,159,178,tampering
4,tampering,low,10,UAV-005,164,184,tampering
4,tampering,low,10,UAV-005,169,189,normal
4,tampering,low,10,UAV-005,173,194,normal
4,tampering,low,10,UAV-005,180,199,normal
4,tampering,low,10,UAV-005,185,204,normal
4,tampering,low,10,UAV-005,190,209,normal
4,tampering,low,10,UAV-005,195,214,normal
4,tampering,low,10,UAV-005,200,219,normal
4,tampering,low,10,UAV-005,205,224,normal
4,tampering,low,10,UAV-005,210,229,normal
4,tampering,low,10,UAV-005,215,234,normal
4,tampering,low,10,UAV-005,220,239,normal
4,tampering,medium,30,UAV-002,0,19,normal
4,tampering,medium,30,UAV-002,5,24,normal
4,tampering,medium,30,UAV-002,10,29,normal
4,tampering,medium,30,UAV-002,15,34,normal
4,tampering,medium,30,UAV-002,20,39,normal
4,tampering,medium,30,UAV-002,25,44,normal
4,tampering,medium,30,UAV-002,30,49,normal
4,tampering,medium,30,UAV-002,35,53,normal
4,tampering,medium,30,UAV-002,40,57,normal
4,tampering,medium,30,UAV-002,45,63,normal
4,tampering,medium,30,UAV-002,49,70,tampering
4,tampering,medium,30,UAV-002,54,74,tampering
4,tampering,medium,30,UAV-002,58,79,tampering
4,tampering,medium,30,UAV-002,64,84,tampering
4,tampering,medium,30,UAV-002,70,89,tampering
4,tampering,medium,30,UAV-002,75,94,tampering
4,tampering,medium,30,UAV-002,79,99,tampering
4,tampering,medium,30,UAV-002,85,102,tampering
4,tampering,medium,30,UAV-002,90,108,tampering
4,tampering,medium,30,UAV-002,95,113,tampering
4,tampering,medium,30,UAV-002,100,117,tampering
4,tampering,medium,30,UAV-002,103,124,tampering
4,tampering,medium,30,UAV-002,110,130,tampering
4,tampering,medium,30,UAV-002,114,137,tampering
4,tampering,medium,30,UAV-002,118,140,tampering
4,tampering,medium,30,UAV-002,125,144,tampering
4,tampering,medium,30,UAV-002,131,150,tampering
4,tampering,medium,30,UAV-002,138,154,tampering
4,tampering,medium,30,UAV-002,141,159,tampering
4,tampering,medium,30,UAV-002,146,164,tampering
4,tampering,medium,30,UAV-002,151,169,tampering
4,tampering,medium,30,UAV-002,155,175,tampering
4,tampering,medium,30,UAV-002,160,180,tampering
4,tampering,medium,30,UAV-002,165,185,tampering
4,tampering,medium,30,UAV-002,171,189,tampering
4,tampering,medium,30,UAV-002,176,194,normal
4,tampering,medium,30,UAV-002,181,199,normal
4,tampering,medium,30,UAV-002,185,204,normal
4,tampering,medium,30,UAV-002,190,209,normal
4,tampering,medium,30,UAV-002,195,214,normal
4,tampering,medium,30,UAV-002,200,219,normal
4,tampering,medium,30,UAV-002,205,224,normal
4,tampering,medium,30,UAV-002,210,229,normal
4,tampering,medium,30,UAV-002,215,234,normal
4,tampering,medium,30,UAV-002,220,239,normal
4,tampering,medium,30,UAV-022,0,19,normal
4,tampering,medium,30,UAV-022,5,24,normal
4,tampering,medium,30,UAV-022,10,29,normal
4,tampering,medium,30,UAV-022,15,34,normal
4,tampering,medium,30,UAV-022,20,39,normal
4,tampering,medium,30,UAV-022,25,44,normal
4,tampering,medium,30,UAV-022,30,49,normal
4,tampering,medium,30,UAV-022,35,54,normal
4,tampering,medium,30,UAV-022,40,59,normal
4,tampering,medium,30,UAV-022,45,65,normal
4,tampering,medium,30,UAV-022,50,69,tampering
4,tampering,medium,30,UAV-022,55,75,tampering
4,tampering,medium,30,UAV-022,60,79,tampering
4,tampering,medium,30,UAV-022,66,84,tampering
4,tampering,medium,30,UAV-022,70,89,tampering
4,tampering,medium,30,UAV-022,76,93,tampering
4,tampering,medium,30,UAV-022,80,99,tampering
4,tampering,medium,30,UAV-022,85,103,tampering
4,tampering,medium,30,UAV-022,89,108,tampering
4,tampering,medium,30,UAV-022,94,113,tampering
4,tampering,medium,30,UAV-022,100,116,tampering
4,tampering,medium,30,UAV-022,104,122,tampering
4,tampering,medium,30,UAV-022,109,129,tampering
4,tampering,medium,30,UAV-022,114,134,tampering
4,tampering,medium,30,UAV-022,117,139,tampering
4,tampering,medium,30,UAV-022,123,144,normal
4,tampering,medium,30,UAV-022,130,149,normal
4,tampering,medium,30,UAV-022,136,154,tampering
4,tampering,medium,30,UAV-022,140,159,tampering
4,tampering,medium,30,UAV-022,145,164,tampering
4,tampering,medium,30,UAV-022,150,169,tampering
4,tampering,medium,30,UAV-022,155,175,tampering
4,tampering,medium,30,UAV-022,160,179,tampering
4,tampering,medium,30,UAV-022,165,184,tampering
4,tampering,medium,30,UAV-022,170,189,tampering
4,tampering,medium,30,UAV-022,175,194,normal
4,tampering,medium,30,UAV-022,180,199,normal
4,tampering,medium,30,UAV-022,185,204,normal
4,tampering,medium,30,UAV-022,190,209,normal
4,tampering,medium,30,UAV-022,195,214,normal
4,tampering,medium,30,UAV-022,200,219,normal
4,tampering,medium,30,UAV-022,205,224,normal
4,tampering,medium,30,UAV-022,210,229,normal
4,tampering,medium,30,UAV-022,215,234,normal
4,tampering,medium,30,UAV-022,220,239,normal
5,combined,high,30,UAV-011,0,19,normal
5,combined,high,30,UAV-011,5,24,normal
5,combined,high,30,UAV-011,10,29,normal
5,combined,high,30,UAV-011,15,34,normal
5,combined,high,30,UAV-011,20,39,normal
5,combined,high,30,UAV-011,25,44,normal
5,combined,high,30,UAV-011,30,48,normal
5,combined,high,30,UAV-011,35,52,normal
5,combined,high,30,UAV-011,40,57,normal
5,combined,high,30,UAV-011,45,61,normal
5,combined,high,30,UAV-011,49,68,combined
5,combined,high,30,UAV-011,53,73,combined
5,combined,high,30,UAV-011,58,79,combined
5,combined,high,30,UAV-011,62,83,combined
5,combined,high,30,UAV-011,69,88,combined
5,combined,high,30,UAV-011,75,95,combined
5,combined,high,30,UAV-011,80,100,combined
5,combined,high,30,UAV-011,83,104,combined
5,combined,high,30,UAV-011,89,110,combined
5,combined,high,30,UAV-011,96,115,combined
5,combined,high,30,UAV-011,101,119,combined
5,combined,high,30,UAV-011,105,124,combined
5,combined,high,30,UAV-011,111,129,combined
5,combined,high,30,UAV-011,116,135,combined
5,combined,high,30,UAV-011,120,139,combined
5,combined,high,30,UAV-011,125,144,combined
5,combined,high,30,UAV-011,130,148,combined
5,combined,high,30,UAV-011,136,152,combined
5,combined,high,30,UAV-011,141,156,combined
5,combined,high,30,UAV-011,145,161,combined
5,combined,high,30,UAV-011,149,167,combined
5,combined,high,30,UAV-011,153,174,combined
5,combined,high,30,UAV-011,156,179,combined
5,combined,high,30,UAV-011,161,184,combined
5,combined,high,30,UAV-011,169,189,combined
5,combined,high,30,UAV-011,175,194,normal
5,combined,high,30,UAV-011,180,199,normal
5,combined,high,30,UAV-011,185,204,normal
5,combined,high,30,UAV-011,190,209,normal
5,combined,high,30,UAV-011,195,214,normal
5,combined,high,30,UAV-011,200,219,normal
5,combined,high,30,UAV-011,205,224,normal
5,combined,high,30,UAV-011,210,229,normal
5,combined,high,30,UAV-011,215,234,normal
5,combined,high,30,UAV-011,220,239,normal
5,combined,low,10,UAV-009,0,19,normal
5,combined,low,10,UAV-009,5,24,normal
5,combined,low,10,UAV-009,10,29,normal
5,combined,low,10,UAV-009,15,34,normal
5,combined,low,10,UAV-009,20,39,normal
5,combined,low,10,UAV-009,25,44,normal
5,combined,low,10,UAV-009,30,49,normal
5,combined,low,10,UAV-009,35,53,normal
5,combined,low,10,UAV-009,40,57,normal
5,combined,low,10,UAV-009,45,63,normal
5,combined,low,10,UAV-009,50,69,combined
5,combined,low,10,UAV-009,54,75,combined
5,combined,low,10,UAV-009,58,79,combined
5,combined,low,10,UAV-009,65,84,combined
5,combined,low,10,UAV-009,71,90,combined
5,combined,low,10,UAV-009,76,95,combined
5,combined,low,10,UAV-009,80,98,combined
5,combined,low,10,UAV-009,85,104,combined
5,combined,low,10,UAV-009,91,109,combined
5,combined,low,10,UAV-009,95,113,combined
5,combined,low,10,UAV-009,99,118,combined
5,combined,low,10,UAV-009,105,124,combined
5,combined,low,10,UAV-009,110,128,combined
5,combined,low,10,UAV-009,114,133,combined
5,combined,low,10,UAV-009,119,139,combined
5,combined,low,10,UAV-009,124,144,combined
5,combined,low,10,UAV-009,129,149,combined
5,combined,low,10,UAV-009,134,154,combined
5,combined,low,10,UAV-009,140,159,normal
5,combined,low,10,UAV-009,145,163,combined
5,combined,low,10,UAV-009,150,169,combined
5,combined,low,10,UAV-009,155,174,combined
5,combined,low,10,UAV-009,160,179,combined
5,combined,low,10,UAV-009,164,184,normal
5,combined,low,10,UAV-009,170,189,normal
5,combined,low,10,UAV-009,175,194,normal
5,combined,low,10,UAV-009,180,199,normal
5,combined,low,10,UAV-009,185,204,normal
5,combined,low,10,UAV-009,190,209,normal
5,combined,low,10,UAV-009,195,214,normal
5,combined,low,10,UAV-009,200,219,normal
5,combined,low,10,UAV-009,205,224,normal
5,combined,low,10,UAV-009,210,229,normal
5,combined,low,10,UAV-009,215,234,normal
5,combined,low,10,UAV-009,220,239,normal
5,combined,low,30,UAV-020,0,19,normal
5,combined,low,30,UAV-020,5,24,normal
5,combined,low,30,UAV-020,10,29,normal
5,combined,low,30,UAV-020,15,34,normal
5,combined,low,30,UAV-020,20,39,normal
5,combined,low,30,UAV-020,25,44,normal
5,combined,low,30,UAV-020,30,49,normal
5,combined,low,30,UAV-020,35,54,normal
5,combined,low,30,UAV-020,40,59,normal
5,combined,low,30,UAV-020,45,64,normal
5,combined,low,30,UAV-020,50,69,normal
5,combined,low,30,UAV-020,55,74,normal
5,combined,low,30,UAV-020,60,79,normal
5,combined,low,30,UAV-020,65,84,normal
5,combined,low,30,UAV-020,70,89,normal
5,combined,low,30,UAV-020,75,94,normal
5,combined,low,30,UAV-020,80,99,combined
5,combined,low,30,UAV-020,85,104,normal
5,combined,low,30,UAV-020,90,109,combined
5,combined,low,30,UAV-020,95,114,combined
5,combined,low,30,UAV-020,100,119,combined
5,combined,low,30,UAV-020,105,124,combined
5,combined,low,30,UAV-020,110,129,combined
5,combined,low,30,UAV-020,115,133,combined
5,combined,low,30,UAV-020,120,139,combined
5,combined,low,30,UAV-020,125,144,combined
5,combined,low,30,UAV-020,130,149,combined
5,combined,low,30,UAV-020,134,153,combined
5,combined,low,30,UAV-020,140,160,combined
5,combined,low,30,UAV-020,145,164,combined
5,combined,low,30,UAV-020,150,168,combined
5,combined,low,30,UAV-020,154,173,normal
5,combined,low,30,UAV-020,161,179,combined
5,combined,low,30,UAV-020,164,184,normal
5,combined,low,30,UAV-020,169,189,normal
5,combined,low,30,UAV-020,174,194,normal
5,combined,low,30,UAV-020,180,199,normal
5,combined,low,30,UAV-020,185,204,normal
5,combined,low,30,UAV-020,190,209,normal
5,combined,low,30,UAV-020,195,214,normal
5,combined,low,30,UAV-020,200,219,normal
5,combined,low,30,UAV-020,205,224,normal
5,combined,low,30,UAV-020,210,229,normal
5,combined,low,30,UAV-020,215,234,normal
5,combined,low,30,UAV-020,220,239,normal
5,combined,medium,20,UAV-007,0,19,normal
5,combined,medium,20,UAV-007,5,24,normal
5,combined,medium,20,UAV-007,10,29,normal
5,combined,medium,20,UAV-007,15,34,normal
5,combined,medium,20,UAV-007,20,39,normal
5,combined,medium,20,UAV-007,25,43,normal
5,combined,medium,20,UAV-007,30,48,normal
5,combined,medium,20,UAV-007,35,53,normal
5,combined,medium,20,UAV-007,40,57,normal
5,combined,medium,20,UAV-007,44,64,normal
5,combined,medium,20,UAV-007,49,69,normal
5,combined,medium,20,UAV-007,54,74,combined
5,combined,medium,20,UAV-007,58,80,combined
5,combined,medium,20,UAV-007,65,84,combined
5,combined,medium,20,UAV-007,70,89,combined
5,combined,medium,20,UAV-007,75,93,combined
5,combined,medium,20,UAV-007,81,99,combined
5,combined,medium,20,UAV-007,85,103,combined
5,combined,medium,20,UAV-007,90,109,combined
5,combined,medium,20,UAV-007,94,114,combined
5,combined,medium,20,UAV-007,99,120,combined
5,combined,medium,20,UAV-007,105,125,combined
5,combined,medium,20,UAV-007,110,129,combined
5,combined,medium,20,UAV-007,116,134,combined
5,combined,medium,20,UAV-007,121,139,combined
5,combined,medium,20,UAV-007,126,145,combined
5,combined,medium,20,UAV-007,130,148,combined
5,combined,medium,20,UAV-007,135,153,combined
5,combined,medium,20,UAV-007,140,158,combined
5,combined,medium,20,UAV-007,146,162,combined
5,combined,medium,20,UAV-007,149,169,combined
5,combined,medium,20,UAV-007,154,174,combined
5,combined,medium,20,UAV-007,159,179,combined
5,combined,medium,20,UAV-007,164,184,combined
5,combined,medium,20,UAV-007,170,189,normal
5,combined,medium,20,UAV-007,174,194,normal
5,combined,medium,20,UAV-007,180,199,normal
5,combined,medium,20,UAV-007,185,204,normal
5,combined,medium,20,UAV-007,190,209,normal
5,combined,medium,20,UAV-007,195,214,normal
5,combined,medium,20,UAV-007,200,219,normal
5,combined,medium,20,UAV-007,205,224,normal
5,combined,medium,20,UAV-007,210,229,normal
5,combined,medium,20,UAV-007,215,234,normal
5,combined,medium,20,UAV-007,220,239,normal
5,combined,medium,30,UAV-030,0,19,normal
5,combined,medium,30,UAV-030,5,24,normal
5,combined,medium,30,UAV-030,10,29,normal
5,combined,medium,30,UAV-030,15,34,normal
5,combined,medium,30,UAV-030,20,39,normal
5,combined,medium,30,UAV-030,25,44,normal
5,combined,medium,30,UAV-030,30,49,normal
5,combined,medium,30,UAV-030,35,54,normal
5,combined,medium,30,UAV-030,40,59,normal
5,combined,medium,30,UAV-030,45,65,normal
5,combined,medium,30,UAV-030,50,69,normal
5,combined,medium,30,UAV-030,55,74,combined
5,combined,medium,30,UAV-030,60,79,combined
5,combined,medium,30,UAV-030,66,84,combined
5,combined,medium,30,UAV-030,70,89,combined
5,combined,medium,30,UAV-030,75,94,combined
5,combined,medium,30,UAV-030,80,98,combined
5,combined,medium,30,UAV-030,85,104,combined
5,combined,medium,30,UAV-030,90,109,combined
5,combined,medium,30,UAV-030,95,114,combined
5,combined,medium,30,UAV-030,99,119,combined
5,combined,medium,30,UAV-030,105,124,combined
5,combined,medium,30,UAV-030,110,129,combined
5,combined,medium,30,UAV-030,115,133,combined
5,combined,medium,30,UAV-030,120,138,combined
5,combined,medium,30,UAV-030,125,143,combined
5,combined,medium,30,UAV-030,129,149,combined
5,combined,medium,30,UAV-030,134,154,combined
5,combined,medium,30,UAV-030,139,159,combined
5,combined,medium,30,UAV-030,144,163,combined
5,combined,medium,30,UAV-030,150,168,combined
5,combined,medium,30,UAV-030,155,173,combined
5,combined,medium,30,UAV-030,159,179,combined
5,combined,medium,30,UAV-030,164,184,combined
5,combined,medium,30,UAV-030,169,189,normal
5,combined,medium,30,UAV-030,175,194,normal
5,combined,medium,30,UAV-030,180,199,normal
5,combined,medium,30,UAV-030,185,204,normal
5,combined,medium,30,UAV-030,190,209,normal
5,combined,medium,30,UAV-030,195,214,normal
5,combined,medium,30,UAV-030,200,219,normal
5,combined,medium,30,UAV-030,205,224,normal
5,combined,medium,30,UAV-030,210,229,normal
5,combined,medium,30,UAV-030,215,234,normal
5,combined,medium,30,UAV-030,220,239,normal
5,jamming,high,10,UAV-007,0,19,normal
5,jamming,high,10,UAV-007,5,24,normal
5,jamming,high,10,UAV-007,10,29,normal
5,jamming,high,10,UAV-007,15,34,normal
5,jamming,high,10,UAV-007,20,39,normal
5,jamming,high,10,UAV-007,25,44,normal
5,jamming,high,10,UAV-007,30,49,normal
5,jamming,high,10,UAV-007,35,54,normal
5,jamming,high,10,UAV-007,40,59,normal
5,jamming,high,10,UAV-007,45,64,normal
5,jamming,high,10,UAV-007,50,69,jamming
5,jamming,high,10,UAV-007,55,74,jamming
5,jamming,high,10,UAV-007,60,79,jamming
5,jamming,high,10,UAV-007,65,84,jamming
5,jamming,high,10,UAV-007,70,89,jamming
5,jamming,high,10,UAV-007,75,94,jamming
5,jamming,high,10,UAV-007,80,99,jamming
5,jamming,high,10,UAV-007,85,104,jamming
5,jamming,high,10,UAV-007,90,109,jamming
5,jamming,high,10,UAV-007,95,114,jamming
5,jamming,high,10,UAV-007,100,119,jamming
5,jamming,high,10,UAV-007,105,124,jamming
5,jamming,high,10,UAV-007,110,129,jamming
5,jamming,high,10,UAV-007,115,134,jamming
5,jamming,high,10,UAV-007,120,139,jamming
5,jamming,high,10,UAV-007,125,144,jamming
5,jamming,high,10,UAV-007,130,149,jamming
5,jamming,high,10,UAV-007,135,154,jamming
5,jamming,high,10,UAV-007,140,159,jamming
5,jamming,high,10,UAV-007,145,164,jamming
5,jamming,high,10,UAV-007,150,169,jamming
5,jamming,high,10,UAV-007,155,174,jamming
5,jamming,high,10,UAV-007,160,179,jamming
5,jamming,high,10,UAV-007,165,184,jamming
5,jamming,high,10,UAV-007,170,189,jamming
5,jamming,high,10,UAV-007,175,194,normal
5,jamming,high,10,UAV-007,180,199,normal
5,jamming,high,10,UAV-007,185,204,normal
5,jamming,high,10,UAV-007,190,209,normal
5,jamming,high,10,UAV-007,195,214,normal
5,jamming,high,10,UAV-007,200,219,normal
5,jamming,high,10,UAV-007,205,224,normal
5,jamming,high,10,UAV-007,210,229,normal
5,jamming,high,10,UAV-007,215,234,normal
5,jamming,high,10,UAV-007,220,239,normal
5,jamming,high,30,UAV-021,0,19,normal
5,jamming,high,30,UAV-021,5,24,normal
5,jamming,high,30,UAV-021,10,29,normal
5,jamming,high,30,UAV-021,15,34,normal
5,jamming,high,30,UAV-021,20,39,normal
5,jamming,high,30,UAV-021,25,44,normal
5,jamming,high,30,UAV-021,30,49,normal
5,jamming,high,30,UAV-021,35,54,normal
5,jamming,high,30,UAV-021,40,59,normal
5,jamming,high,30,UAV-021,45,64,normal
5,jamming,high,30,UAV-021,50,69,jamming
5,jamming,high,30,UAV-021,55,74,jamming
5,jamming,high,30,UAV-021,60,79,jamming
5,jamming,high,30,UAV-021,65,84,jamming
5,jamming,high,30,UAV-021,70,89,jamming
5,jamming,high,30,UAV-021,75,94,jamming
5,jamming,high,30,UAV-021,80,99,jamming
5,jamming,high,30,UAV-021,85,104,jamming
5,jamming,high,30,UAV-021,90,109,jamming
5,jamming,high,30,UAV-021,95,114,jamming
5,jamming,high,30,UAV-021,100,119,jamming
5,jamming,high,30,UAV-021,105,124,jamming
5,jamming,high,30,UAV-021,110,129,jamming
5,jamming,high,30,UAV-021,115,134,jamming
5,jamming,high,30,UAV-021,120,139,jamming
5,jamming,high,30,UAV-021,125,144,jamming
5,jamming,high,30,UAV-021,130,149,jamming
5,jamming,high,30,UAV-021,135,154,jamming
5,jamming,high,30,UAV-021,140,159,jamming
5,jamming,high,30,UAV-021,145,164,jamming
5,jamming,high,30,UAV-021,150,169,jamming
5,jamming,high,30,UAV-021,155,174,jamming
5,jamming,high,30,UAV-021,160,179,jamming
5,jamming,high,30,UAV-021,165,184,jamming
5,jamming,high,30,UAV-021,170,189,jamming
5,jamming,high,30,UAV-021,175,194,normal
5,jamming,high,30,UAV-021,180,199,normal
5,jamming,high,30,UAV-021,185,204,normal
5,jamming,high,30,UAV-021,190,209,normal
5,jamming,high,30,UAV-021,195,214,normal
5,jamming,high,30,UAV-021,200,219,normal
5,jamming,high,30,UAV-021,205,224,normal
5,jamming,high,30,UAV-021,210,229,normal
5,jamming,high,30,UAV-021,215,234,normal
5,jamming,high,30,UAV-021,220,239,normal
5,jamming,high,30,UAV-023,0,19,normal
5,jamming,high,30,UAV-023,5,24,normal
5,jamming,high,30,UAV-023,10,29,normal
5,jamming,high,30,UAV-023,15,34,normal
5,jamming,high,30,UAV-023,20,39,normal
5,jamming,high,30,UAV-023,25,44,normal
5,jamming,high,30,UAV-023,30,49,normal
5,jamming,high,30,UAV-023,35,54,normal
5,jamming,high,30,UAV-023,40,59,normal
5,jamming,high,30,UAV-023,45,64,normal
5,jamming,high,30,UAV-023,50,69,jamming
5,jamming,high,30,UAV-023,55,74,jamming
5,jamming,high,30,UAV-023,60,79,jamming
5,jamming,high,30,UAV-023,65,84,jamming
5,jamming,high,30,UAV-023,70,89,jamming
5,jamming,high,30,UAV-023,75,94,jamming
5,jamming,high,30,UAV-023,80,99,jamming
5,jamming,high,30,UAV-023,85,104,jamming
5,jamming,high,30,UAV-023,90,109,jamming
5,jamming,high,30,UAV-023,95,114,jamming
5,jamming,high,30,UAV-023,100,119,jamming
5,jamming,high,30,UAV-023,105,124,jamming
5,jamming,high,30,UAV-023,110,129,jamming
5,jamming,high,30,UAV-023,115,134,jamming
5,jamming,high,30,UAV-023,120,139,jamming
5,jamming,high,30,UAV-023,125,144,jamming
5,jamming,high,30,UAV-023,130,149,jamming
5,jamming,high,30,UAV-023,135,154,jamming
5,jamming,high,30,UAV-023,140,159,jamming
5,jamming,high,30,UAV-023,145,164,jamming
5,jamming,high,30,UAV-023,150,169,jamming
5,jamming,high,30,UAV-023,155,174,jamming
5,jamming,high,30,UAV-023,160,179,jamming
5,jamming,high,30,UAV-023,165,184,jamming
5,jamming,high,30,UAV-023,170,189,jamming
5,jamming,high,30,UAV-023,175,194,normal
5,jamming,high,30,UAV-023,180,199,normal
5,jamming,high,30,UAV-023,185,204,normal
5,jamming,high,30,UAV-023,190,209,normal
5,jamming,high,30,UAV-023,195,214,normal
5,jamming,high,30,UAV-023,200,219,normal
5,jamming,high,30,UAV-023,205,224,normal
5,jamming,high,30,UAV-023,210,229,normal
5,jamming,high,30,UAV-023,215,234,normal
5,jamming,high,30,UAV-023,220,239,normal
5,jamming,high,30,UAV-027,0,19,normal
5,jamming,high,30,UAV-027,5,24,normal
5,jamming,high,30,UAV-027,10,29,normal
5,jamming,high,30,UAV-027,15,34,normal
5,jamming,high,30,UAV-027,20,39,normal
5,jamming,high,30,UAV-027,25,44,normal
5,jamming,high,30,UAV-027,30,49,normal
5,jamming,high,30,UAV-027,35,54,normal
5,jamming,high,30,UAV-027,40,59,normal
5,jamming,high,30,UAV-027,45,64,normal
5,jamming,high,30,UAV-027,50,69,jamming
5,jamming,high,30,UAV-027,55,74,jamming
5,jamming,high,30,UAV-027,60,79,jamming
5,jamming,high,30,UAV-027,65,84,jamming
5,jamming,high,30,UAV-027,70,89,jamming
5,jamming,high,30,UAV-027,75,94,jamming
5,jamming,high,30,UAV-027,80,99,jamming
5,jamming,high,30,UAV-027,85,104,jamming
5,jamming,high,30,UAV-027,90,109,jamming
5,jamming,high,30,UAV-027,95,114,jamming
5,jamming,high,30,UAV-027,100,119,jamming
5,jamming,high,30,UAV-027,105,124,jamming
5,jamming,high,30,UAV-027,110,129,jamming
5,jamming,high,30,UAV-027,115,134,jamming
5,jamming,high,30,UAV-027,120,139,jamming
5,jamming,high,30,UAV-027,125,144,jamming
5,jamming,high,30,UAV-027,130,149,jamming
5,jamming,high,30,UAV-027,135,154,jamming
5,jamming,high,30,UAV-027,140,159,jamming
5,jamming,high,30,UAV-027,145,164,jamming
5,jamming,high,30,UAV-027,150,169,jamming
5,jamming,high,30,UAV-027,155,174,jamming
5,jamming,high,30,UAV-027,160,179,jamming
5,jamming,high,30,UAV-027,165,184,jamming
5,jamming,high,30,UAV-027,170,189,jamming
5,jamming,high,30,UAV-027,175,194,jamming
5,jamming,high,30,UAV-027,180,199,normal
5,jamming,high,30,UAV-027,185,204,normal
5,jamming,high,30,UAV-027,190,209,normal
5,jamming,high,30,UAV-027,195,214,normal
5,jamming,high,30,UAV-027,200,219,normal
5,jamming,high,30,UAV-027,205,224,normal
5,jamming,high,30,UAV-027,210,229,normal
5,jamming,high,30,UAV-027,215,234,normal
5,jamming,high,30,UAV-027,220,239,normal
5,jamming,low,10,UAV-009,0,19,normal
5,jamming,low,10,UAV-009,5,24,normal
5,jamming,low,10,UAV-009,10,29,normal
5,jamming,low,10,UAV-009,15,34,normal
5,jamming,low,10,UAV-009,20,39,normal
5,jamming,low,10,UAV-009,25,44,normal
5,jamming,low,10,UAV-009,30,49,normal
5,jamming,low,10,UAV-009,35,54,normal
5,jamming,low,10,UAV-009,40,59,normal
5,jamming,low,10,UAV-009,45,64,normal
5,jamming,low,10,UAV-009,50,69,normal
5,jamming,low,10,UAV-009,55,74,normal
5,jamming,low,10,UAV-009,60,79,jamming
5,jamming,low,10,UAV-009,65,84,jamming
5,jamming,low,10,UAV-009,70,89,jamming
5,jamming,low,10,UAV-009,75,94,jamming
5,jamming,low,10,UAV-009,80,99,jamming
5,jamming,low,10,UAV-009,85,104,jamming
5,jamming,low,10,UAV-009,90,109,jamming
5,jamming,low,10,UAV-009,95,114,jamming
5,jamming,low,10,UAV-009,100,119,jamming
5,jamming,low,10,UAV-009,105,124,normal
5,jamming,low,10,UAV-009,110,129,jamming
5,jamming,low,10,UAV-009,115,134,normal
5,jamming,low,10,UAV-009,120,139,normal
5,jamming,low,10,UAV-009,125,144,jamming
5,jamming,low,10,UAV-009,130,149,normal
5,jamming,low,10,UAV-009,135,154,normal
5,jamming,low,10,UAV-009,140,159,jamming
5,jamming,low,10,UAV-009,145,164,normal
5,jamming,low,10,UAV-009,150,169,jamming
5,jamming,low,10,UAV-009,155,174,normal
5,jamming,low,10,UAV-009,160,179,normal
5,jamming,low,10,UAV-009,165,184,normal
5,jamming,low,10,UAV-009,170,189,normal
5,jamming,low,10,UAV-009,175,194,normal
5,jamming,low,10,UAV-009,180,199,normal
5,jamming,low,10,UAV-009,185,204,normal
5,jamming,low,10,UAV-009,190,209,normal
5,jamming,low,10,UAV-009,195,214,normal
5,jamming,low,10,UAV-009,200,219,normal
5,jamming,low,10,UAV-009,205,224,normal
5,jamming,low,10,UAV-009,210,229,normal
5,jamming,low,10,UAV-009,215,234,normal
5,jamming,low,10,UAV-009,220,239,normal
5,jamming,medium,10,UAV-004,0,19,normal
5,jamming,medium,10,UAV-004,5,24,normal
5,jamming,medium,10,UAV-004,10,29,normal
5,jamming,medium,10,UAV-004,15,34,normal
5,jamming,medium,10,UAV-004,20,39,normal
5,jamming,medium,10,UAV-004,25,44,normal
5,jamming,medium,10,UAV-004,30,49,normal
5,jamming,medium,10,UAV-004,35,54,normal
5,jamming,medium,10,UAV-004,40,59,normal
5,jamming,medium,10,UAV-004,45,64,normal
5,jamming,medium,10,UAV-004,50,69,jamming
5,jamming,medium,10,UAV-004,55,74,jamming
5,jamming,medium,10,UAV-004,60,79,jamming
5,jamming,medium,10,UAV-004,65,84,jamming
5,jamming,medium,10,UAV-004,70,89,jamming
5,jamming,medium,10,UAV-004,75,94,jamming
5,jamming,medium,10,UAV-004,80,99,jamming
5,jamming,medium,10,UAV-004,85,104,jamming
5,jamming,medium,10,UAV-004,90,109,jamming
5,jamming,medium,10,UAV-004,95,114,jamming
5,jamming,medium,10,UAV-004,100,119,jamming
5,jamming,medium,10,UAV-004,105,124,jamming
5,jamming,medium,10,UAV-004,110,129,jamming
5,jamming,medium,10,UAV-004,115,134,jamming
5,jamming,medium,10,UAV-004,120,139,jamming
5,jamming,medium,10,UAV-004,125,144,jamming
5,jamming,medium,10,UAV-004,130,149,jamming
5,jamming,medium,10,UAV-004,135,154,jamming
5,jamming,medium,10,UAV-004,140,159,jamming
5,jamming,medium,10,UAV-004,145,164,jamming
5,jamming,medium,10,UAV-004,150,169,jamming
5,jamming,medium,10,UAV-004,155,174,jamming
5,jamming,medium,10,UAV-004,160,179,jamming
5,jamming,medium,10,UAV-004,165,184,jamming
5,jamming,medium,10,UAV-004,170,189,normal
5,jamming,medium,10,UAV-004,175,194,normal
5,jamming,medium,10,UAV-004,180,199,normal
5,jamming,medium,10,UAV-004,185,204,normal
5,jamming,medium,10,UAV-004,190,209,normal
5,jamming,medium,10,UAV-004,195,214,normal
5,jamming,medium,10,UAV-004,200,219,normal
5,jamming,medium,10,UAV-004,205,224,normal
5,jamming,medium,10,UAV-004,210,229,normal
5,jamming,medium,10,UAV-004,215,234,normal
5,jamming,medium,10,UAV-004,220,239,normal
5,jamming,medium,10,UAV-007,0,19,normal
5,jamming,medium,10,UAV-007,5,24,normal
5,jamming,medium,10,UAV-007,10,29,normal
5,jamming,medium,10,UAV-007,15,34,normal
5,jamming,medium,10,UAV-007,20,39,normal
5,jamming,medium,10,UAV-007,25,44,normal
5,jamming,medium,10,UAV-007,30,49,normal
5,jamming,medium,10,UAV-007,35,54,normal
5,jamming,medium,10,UAV-007,40,59,normal
5,jamming,medium,10,UAV-007,45,64,normal
5,jamming,medium,10,UAV-007,50,69,jamming
5,jamming,medium,10,UAV-007,55,74,jamming
5,jamming,medium,10,UAV-007,60,79,jamming
5,jamming,medium,10,UAV-007,65,84,jamming
5,jamming,medium,10,UAV-007,70,89,jamming
5,jamming,medium,10,UAV-007,75,94,jamming
5,jamming,medium,10,UAV-007,80,99,jamming
5,jamming,medium,10,UAV-007,85,104,jamming
5,jamming,medium,10,UAV-007,90,109,jamming
5,jamming,medium,10,UAV-007,95,114,jamming
5,jamming,medium,10,UAV-007,100,119,jamming
5,jamming,medium,10,UAV-007,105,124,jamming
5,jamming,medium,10,UAV-007,110,129,jamming
5,jamming,medium,10,UAV-007,115,134,jamming
5,jamming,medium,10,UAV-007,120,139,jamming
5,jamming,medium,10,UAV-007,125,144,jamming
5,jamming,medium,10,UAV-007,130,149,jamming
5,jamming,medium,10,UAV-007,135,154,jamming
5,jamming,medium,10,UAV-007,140,159,jamming
5,jamming,medium,10,UAV-007,145,164,jamming
5,jamming,medium,10,UAV-007,150,169,jamming
5,jamming,medium,10,UAV-007,155,174,jamming
5,jamming,medium,10,UAV-007,160,179,jamming
5,jamming,medium,10,UAV-007,165,184,jamming
5,jamming,medium,10,UAV-007,170,189,normal
5,jamming,medium,10,UAV-007,175,194,normal
5,jamming,medium,10,UAV-007,180,199,normal
5,jamming,medium,10,UAV-007,185,204,normal
5,jamming,medium,10,UAV-007,190,209,normal
5,jamming,medium,10,UAV-007,195,214,normal
5,jamming,medium,10,UAV-007,200,219,normal
5,jamming,medium,10,UAV-007,205,224,normal
5,jamming,medium,10,UAV-007,210,229,normal
5,jamming,medium,10,UAV-007,215,234,normal
5,jamming,medium,10,UAV-007,220,239,normal
5,jamming,medium,30,UAV-018,0,19,normal
5,jamming,medium,30,UAV-018,5,24,normal
5,jamming,medium,30,UAV-018,10,29,normal
5,jamming,medium,30,UAV-018,15,34,normal
5,jamming,medium,30,UAV-018,20,39,normal
5,jamming,medium,30,UAV-018,25,44,normal
5,jamming,medium,30,UAV-018,30,49,normal
5,jamming,medium,30,UAV-018,35,54,normal
5,jamming,medium,30,UAV-018,40,59,normal
5,jamming,medium,30,UAV-018,45,64,normal
5,jamming,medium,30,UAV-018,50,69,normal
5,jamming,medium,30,UAV-018,55,74,jamming
5,jamming,medium,30,UAV-018,60,79,jamming
5,jamming,medium,30,UAV-018,65,84,jamming
5,jamming,medium,30,UAV-018,70,89,jamming
5,jamming,medium,30,UAV-018,75,94,jamming
5,jamming,medium,30,UAV-018,80,99,jamming
5,jamming,medium,30,UAV-018,85,104,jamming
5,jamming,medium,30,UAV-018,90,109,jamming
5,jamming,medium,30,UAV-018,95,114,jamming
5,jamming,medium,30,UAV-018,100,119,jamming
5,jamming,medium,30,UAV-018,105,124,jamming
5,jamming,medium,30,UAV-018,110,129,jamming
5,jamming,medium,30,UAV-018,115,134,jamming
5,jamming,medium,30,UAV-018,120,139,jamming
5,jamming,medium,30,UAV-018,125,144,jamming
5,jamming,medium,30,UAV-018,130,149,jamming
5,jamming,medium,30,UAV-018,135,154,jamming
5,jamming,medium,30,UAV-018,140,159,jamming
5,jamming,medium,30,UAV-018,145,164,jamming
5,jamming,medium,30,UAV-018,150,169,jamming
5,jamming,medium,30,UAV-018,155,174,jamming
5,jamming,medium,30,UAV-018,160,179,jamming
5,jamming,medium,30,UAV-018,165,184,jamming
5,jamming,medium,30,UAV-018,170,189,jamming
5,jamming,medium,30,UAV-018,175,194,normal
5,jamming,medium,30,UAV-018,180,199,normal
5,jamming,medium,30,UAV-018,185,204,normal
5,jamming,medium,30,UAV-018,190,209,normal
5,jamming,medium,30,UAV-018,195,214,normal
5,jamming,medium,30,UAV-018,200,219,normal
5,jamming,medium,30,UAV-018,205,224,normal
5,jamming,medium,30,UAV-018,210,229,normal
5,jamming,medium,30,UAV-018,215,234,normal
5,jamming,medium,30,UAV-018,220,239,normal
5,jamming_spoofing,high,20,UAV-008,0,19,normal
5,jamming_spoofing,high,20,UAV-008,5,24,normal
5,jamming_spoofing,high,20,UAV-008,10,29,normal
5,jamming_spoofing,high,20,UAV-008,15,34,normal
5,jamming_spoofing,high,20,UAV-008,20,39,normal
5,jamming_spoofing,high,20,UAV-008,25,44,normal
5,jamming_spoofing,high,20,UAV-008,30,49,normal
5,jamming_spoofing,high,20,UAV-008,35,54,normal
5,jamming_spoofing,high,20,UAV-008,40,59,normal
5,jamming_spoofing,high,20,UAV-008,45,64,normal
5,jamming_spoofing,high,20,UAV-008,50,69,jamming_spoofing
5,jamming_spoofing,high,20,UAV-008,55,74,jamming_spoofing
5,jamming_spoofing,high,20,UAV-008,60,79,jamming_spoofing
5,jamming_spoofing,high,20,UAV-008,65,84,jamming_spoofing
5,jamming_spoofing,high,20,UAV-008,70,89,jamming_spoofing
5,jamming_spoofing,high,20,UAV-008,75,94,jamming_spoofing
5,jamming_spoofing,high,20,UAV-008,80,99,jamming_spoofing
5,jamming_spoofing,high,20,UAV-008,85,104,jamming_spoofing
5,jamming_spoofing,high,20,UAV-008,90,109,jamming_spoofing
5,jamming_spoofing,high,20,UAV-008,95,114,jamming_spoofing
5,jamming_spoofing,high,20,UAV-008,100,119,jamming_spoofing
5,jamming_spoofing,high,20,UAV-008,105,124,jamming_spoofing
5,jamming_spoofing,high,20,UAV-008,110,129,jamming_spoofing
5,jamming_spoofing,high,20,UAV-008,115,134,jamming_spoofing
5,jamming_spoofing,high,20,UAV-008,120,139,jamming_spoofing
5,jamming_spoofing,high,20,UAV-008,125,144,jamming_spoofing
5,jamming_spoofing,high,20,UAV-008,130,149,jamming_spoofing
5,jamming_spoofing,high,20,UAV-008,135,154,jamming_spoofing
5,jamming_spoofing,high,20,UAV-008,140,159,jamming_spoofing
5,jamming_spoofing,high,20,UAV-008,145,164,jamming_spoofing
5,jamming_spoofing,high,20,UAV-008,150,169,jamming_spoofing
5,jamming_spoofing,high,20,UAV-008,155,174,jamming_spoofing
5,jamming_spoofing,high,20,UAV-008,160,179,jamming_spoofing
5,jamming_spoofing,high,20,UAV-008,165,184,jamming_spoofing
5,jamming_spoofing,high,20,UAV-008,170,189,jamming_spoofing
5,jamming_spoofing,high,20,UAV-008,175,194,normal
5,jamming_spoofing,high,20,UAV-008,180,199,normal
5,jamming_spoofing,high,20,UAV-008,185,204,normal
5,jamming_spoofing,high,20,UAV-008,190,209,normal
5,jamming_spoofing,high,20,UAV-008,195,214,normal
5,jamming_spoofing,high,20,UAV-008,200,219,normal
5,jamming_spoofing,high,20,UAV-008,205,224,normal
5,jamming_spoofing,high,20,UAV-008,210,229,normal
5,jamming_spoofing,high,20,UAV-008,215,234,normal
5,jamming_spoofing,high,20,UAV-008,220,239,normal
5,jamming_spoofing,high,30,UAV-018,0,19,normal
5,jamming_spoofing,high,30,UAV-018,5,24,normal
5,jamming_spoofing,high,30,UAV-018,10,29,normal
5,jamming_spoofing,high,30,UAV-018,15,34,normal
5,jamming_spoofing,high,30,UAV-018,20,39,normal
5,jamming_spoofing,high,30,UAV-018,25,44,normal
5,jamming_spoofing,high,30,UAV-018,30,49,normal
5,jamming_spoofing,high,30,UAV-018,35,54,normal
5,jamming_spoofing,high,30,UAV-018,40,59,normal
5,jamming_spoofing,high,30,UAV-018,45,64,normal
5,jamming_spoofing,high,30,UAV-018,50,69,jamming_spoofing
5,jamming_spoofing,high,30,UAV-018,55,74,jamming_spoofing
5,jamming_spoofing,high,30,UAV-018,60,79,jamming_spoofing
5,jamming_spoofing,high,30,UAV-018,65,84,jamming_spoofing
5,jamming_spoofing,high,30,UAV-018,70,89,jamming_spoofing
5,jamming_spoofing,high,30,UAV-018,75,94,jamming_spoofing
5,jamming_spoofing,high,30,UAV-018,80,99,jamming_spoofing
5,jamming_spoofing,high,30,UAV-018,85,104,jamming_spoofing
5,jamming_spoofing,high,30,UAV-018,90,109,jamming_spoofing
5,jamming_spoofing,high,30,UAV-018,95,114,jamming_spoofing
5,jamming_spoofing,high,30,UAV-018,100,119,jamming_spoofing
5,jamming_spoofing,high,30,UAV-018,105,124,jamming_spoofing
5,jamming_spoofing,high,30,UAV-018,110,129,jamming_spoofing
5,jamming_spoofing,high,30,UAV-018,115,134,jamming_spoofing
5,jamming_spoofing,high,30,UAV-018,120,139,jamming_spoofing
5,jamming_spoofing,high,30,UAV-018,125,144,jamming_spoofing
5,jamming_spoofing,high,30,UAV-018,130,149,jamming_spoofing
5,jamming_spoofing,high,30,UAV-018,135,154,jamming_spoofing
5,jamming_spoofing,high,30,UAV-018,140,159,jamming_spoofing
5,jamming_spoofing,high,30,UAV-018,145,164,jamming_spoofing
5,jamming_spoofing,high,30,UAV-018,150,169,jamming_spoofing
5,jamming_spoofing,high,30,UAV-018,155,174,jamming_spoofing
5,jamming_spoofing,high,30,UAV-018,160,179,jamming_spoofing
5,jamming_spoofing,high,30,UAV-018,165,184,jamming_spoofing
5,jamming_spoofing,high,30,UAV-018,170,189,jamming_spoofing
5,jamming_spoofing,high,30,UAV-018,175,194,normal
5,jamming_spoofing,high,30,UAV-018,180,199,normal
5,jamming_spoofing,high,30,UAV-018,185,204,normal
5,jamming_spoofing,high,30,UAV-018,190,209,normal
5,jamming_spoofing,high,30,UAV-018,195,214,normal
5,jamming_spoofing,high,30,UAV-018,200,219,normal
5,jamming_spoofing,high,30,UAV-018,205,224,normal
5,jamming_spoofing,high,30,UAV-018,210,229,normal
5,jamming_spoofing,high,30,UAV-018,215,234,normal
5,jamming_spoofing,high,30,UAV-018,220,239,normal
5,jamming_spoofing,low,10,UAV-005,0,19,normal
5,jamming_spoofing,low,10,UAV-005,5,24,normal
5,jamming_spoofing,low,10,UAV-005,10,29,normal
5,jamming_spoofing,low,10,UAV-005,15,34,normal
5,jamming_spoofing,low,10,UAV-005,20,39,normal
5,jamming_spoofing,low,10,UAV-005,25,44,normal
5,jamming_spoofing,low,10,UAV-005,30,49,normal
5,jamming_spoofing,low,10,UAV-005,35,54,normal
5,jamming_spoofing,low,10,UAV-005,40,59,normal
5,jamming_spoofing,low,10,UAV-005,45,64,normal
5,jamming_spoofing,low,10,UAV-005,50,69,normal
5,jamming_spoofing,low,10,UAV-005,55,74,normal
5,jamming_spoofing,low,10,UAV-005,60,79,jamming_spoofing
5,jamming_spoofing,low,10,UAV-005,65,84,jamming_spoofing
5,jamming_spoofing,low,10,UAV-005,70,89,jamming_spoofing
5,jamming_spoofing,low,10,UAV-005,75,94,jamming_spoofing
5,jamming_spoofing,low,10,UAV-005,80,99,jamming_spoofing
5,jamming_spoofing,low,10,UAV-005,85,104,jamming_spoofing
5,jamming_spoofing,low,10,UAV-005,90,109,jamming_spoofing
5,jamming_spoofing,low,10,UAV-005,95,114,jamming_spoofing
5,jamming_spoofing,low,10,UAV-005,100,119,jamming_spoofing
5,jamming_spoofing,low,10,UAV-005,105,124,jamming_spoofing
5,jamming_spoofing,low,10,UAV-005,110,129,jamming_spoofing
5,jamming_spoofing,low,10,UAV-005,115,134,jamming_spoofing
5,jamming_spoofing,low,10,UAV-005,120,139,jamming_spoofing
5,jamming_spoofing,low,10,UAV-005,125,144,jamming_spoofing
5,jamming_spoofing,low,10,UAV-005,130,149,jamming_spoofing
5,jamming_spoofing,low,10,UAV-005,135,154,jamming_spoofing
5,jamming_spoofing,low,10,UAV-005,140,159,normal
5,jamming_spoofing,low,10,UAV-005,145,164,jamming_spoofing
5,jamming_spoofing,low,10,UAV-005,150,169,jamming_spoofing
5,jamming_spoofing,low,10,UAV-005,155,174,jamming_spoofing
5,jamming_spoofing,low,10,UAV-005,160,179,jamming_spoofing
5,jamming_spoofing,low,10,UAV-005,165,184,jamming_spoofing
5,jamming_spoofing,low,10,UAV-005,170,189,normal
5,jamming_spoofing,low,10,UAV-005,175,194,normal
5,jamming_spoofing,low,10,UAV-005,180,199,normal
5,jamming_spoofing,low,10,UAV-005,185,204,normal
5,jamming_spoofing,low,10,UAV-005,190,209,normal
5,jamming_spoofing,low,10,UAV-005,195,214,normal
5,jamming_spoofing,low,10,UAV-005,200,219,normal
5,jamming_spoofing,low,10,UAV-005,205,224,normal
5,jamming_spoofing,low,10,UAV-005,210,229,normal
5,jamming_spoofing,low,10,UAV-005,215,234,normal
5,jamming_spoofing,low,10,UAV-005,220,239,normal
5,jamming_spoofing,low,20,UAV-008,0,19,normal
5,jamming_spoofing,low,20,UAV-008,5,24,normal
5,jamming_spoofing,low,20,UAV-008,10,29,normal
5,jamming_spoofing,low,20,UAV-008,15,34,normal
5,jamming_spoofing,low,20,UAV-008,20,39,normal
5,jamming_spoofing,low,20,UAV-008,25,44,normal
5,jamming_spoofing,low,20,UAV-008,30,49,normal
5,jamming_spoofing,low,20,UAV-008,35,54,normal
5,jamming_spoofing,low,20,UAV-008,40,59,normal
5,jamming_spoofing,low,20,UAV-008,45,64,normal
5,jamming_spoofing,low,20,UAV-008,50,69,normal
5,jamming_spoofing,low,20,UAV-008,55,74,normal
5,jamming_spoofing,low,20,UAV-008,60,79,jamming_spoofing
5,jamming_spoofing,low,20,UAV-008,65,84,jamming_spoofing
5,jamming_spoofing,low,20,UAV-008,70,89,jamming_spoofing
5,jamming_spoofing,low,20,UAV-008,75,94,jamming_spoofing
5,jamming_spoofing,low,20,UAV-008,80,99,normal
5,jamming_spoofing,low,20,UAV-008,85,104,normal
5,jamming_spoofing,low,20,UAV-008,90,109,normal
5,jamming_spoofing,low,20,UAV-008,95,114,jamming_spoofing
5,jamming_spoofing,low,20,UAV-008,100,119,normal
5,jamming_spoofing,low,20,UAV-008,105,124,jamming_spoofing
5,jamming_spoofing,low,20,UAV-008,110,129,jamming_spoofing
5,jamming_spoofing,low,20,UAV-008,115,134,jamming_spoofing
5,jamming_spoofing,low,20,UAV-008,120,139,normal
5,jamming_spoofing,low,20,UAV-008,125,144,normal
5,jamming_spoofing,low,20,UAV-008,130,149,normal
5,jamming_spoofing,low,20,UAV-008,135,154,jamming_spoofing
5,jamming_spoofing,low,20,UAV-008,140,159,jamming_spoofing
5,jamming_spoofing,low,20,UAV-008,145,164,jamming_spoofing
5,jamming_spoofing,low,20,UAV-008,150,169,jamming_spoofing
5,jamming_spoofing,low,20,UAV-008,155,174,jamming_spoofing
5,jamming_spoofing,low,20,UAV-008,160,179,normal
5,jamming_spoofing,low,20,UAV-008,165,184,normal
5,jamming_spoofing,low,20,UAV-008,170,189,normal
5,jamming_spoofing,low,20,UAV-008,175,194,normal
5,jamming_spoofing,low,20,UAV-008,180,199,normal
5,jamming_spoofing,low,20,UAV-008,185,204,normal
5,jamming_spoofing,low,20,UAV-008,190,209,normal
5,jamming_spoofing,low,20,UAV-008,195,214,normal
5,jamming_spoofing,low,20,UAV-008,200,219,normal
5,jamming_spoofing,low,20,UAV-008,205,224,normal
5,jamming_spoofing,low,20,UAV-008,210,229,normal
5,jamming_spoofing,low,20,UAV-008,215,234,normal
5,jamming_spoofing,low,20,UAV-008,220,239,normal
5,jamming_spoofing,low,20,UAV-010,0,19,normal
5,jamming_spoofing,low,20,UAV-010,5,24,normal
5,jamming_spoofing,low,20,UAV-010,10,29,normal
5,jamming_spoofing,low,20,UAV-010,15,34,normal
5,jamming_spoofing,low,20,UAV-010,20,39,normal
5,jamming_spoofing,low,20,UAV-010,25,44,normal
5,jamming_spoofing,low,20,UAV-010,30,49,normal
5,jamming_spoofing,low,20,UAV-010,35,54,normal
5,jamming_spoofing,low,20,UAV-010,40,59,normal
5,jamming_spoofing,low,20,UAV-010,45,64,normal
5,jamming_spoofing,low,20,UAV-010,50,69,normal
5,jamming_spoofing,low,20,UAV-010,55,74,normal
5,jamming_spoofing,low,20,UAV-010,60,79,normal
5,jamming_spoofing,low,20,UAV-010,65,84,normal
5,jamming_spoofing,low,20,UAV-010,70,89,normal
5,jamming_spoofing,low,20,UAV-010,75,94,normal
5,jamming_spoofing,low,20,UAV-010,80,99,jamming_spoofing
5,jamming_spoofing,low,20,UAV-010,85,104,jamming_spoofing
5,jamming_spoofing,low,20,UAV-010,90,109,normal
5,jamming_spoofing,low,20,UAV-010,95,114,jamming_spoofing
5,jamming_spoofing,low,20,UAV-010,100,119,normal
5,jamming_spoofing,low,20,UAV-010,105,124,normal
5,jamming_spoofing,low,20,UAV-010,110,129,normal
5,jamming_spoofing,low,20,UAV-010,115,134,normal
5,jamming_spoofing,low,20,UAV-010,120,139,normal
5,jamming_spoofing,low,20,UAV-010,125,144,normal
5,jamming_spoofing,low,20,UAV-010,130,149,jamming_spoofing
5,jamming_spoofing,low,20,UAV-010,135,154,jamming_spoofing
5,jamming_spoofing,low,20,UAV-010,140,159,jamming_spoofing
5,jamming_spoofing,low,20,UAV-010,145,164,jamming_spoofing
5,jamming_spoofing,low,20,UAV-010,150,169,jamming_spoofing
5,jamming_spoofing,low,20,UAV-010,155,174,jamming_spoofing
5,jamming_spoofing,low,20,UAV-010,160,179,jamming_spoofing
5,jamming_spoofing,low,20,UAV-010,165,184,jamming_spoofing
5,jamming_spoofing,low,20,UAV-010,170,189,normal
5,jamming_spoofing,low,20,UAV-010,175,194,normal
5,jamming_spoofing,low,20,UAV-010,180,199,normal
5,jamming_spoofing,low,20,UAV-010,185,204,normal
5,jamming_spoofing,low,20,UAV-010,190,209,normal
5,jamming_spoofing,low,20,UAV-010,195,214,normal
5,jamming_spoofing,low,20,UAV-010,200,219,normal
5,jamming_spoofing,low,20,UAV-010,205,224,normal
5,jamming_spoofing,low,20,UAV-010,210,229,normal
5,jamming_spoofing,low,20,UAV-010,215,234,normal
5,jamming_spoofing,low,20,UAV-010,220,239,normal
5,jamming_spoofing,low,20,UAV-011,0,19,normal
5,jamming_spoofing,low,20,UAV-011,5,24,normal
5,jamming_spoofing,low,20,UAV-011,10,29,normal
5,jamming_spoofing,low,20,UAV-011,15,34,normal
5,jamming_spoofing,low,20,UAV-011,20,39,normal
5,jamming_spoofing,low,20,UAV-011,25,44,normal
5,jamming_spoofing,low,20,UAV-011,30,49,normal
5,jamming_spoofing,low,20,UAV-011,35,54,normal
5,jamming_spoofing,low,20,UAV-011,40,59,normal
5,jamming_spoofing,low,20,UAV-011,45,64,normal
5,jamming_spoofing,low,20,UAV-011,50,69,normal
5,jamming_spoofing,low,20,UAV-011,55,74,normal
5,jamming_spoofing,low,20,UAV-011,60,79,normal
5,jamming_spoofing,low,20,UAV-011,65,84,normal
5,jamming_spoofing,low,20,UAV-011,70,89,normal
5,jamming_spoofing,low,20,UAV-011,75,94,normal
5,jamming_spoofing,low,20,UAV-011,80,99,normal
5,jamming_spoofing,low,20,UAV-011,85,104,normal
5,jamming_spoofing,low,20,UAV-011,90,109,jamming_spoofing
5,jamming_spoofing,low,20,UAV-011,95,114,jamming_spoofing
5,jamming_spoofing,low,20,UAV-011,100,119,jamming_spoofing
5,jamming_spoofing,low,20,UAV-011,105,124,jamming_spoofing
5,jamming_spoofing,low,20,UAV-011,110,129,jamming_spoofing
5,jamming_spoofing,low,20,UAV-011,115,134,jamming_spoofing
5,jamming_spoofing,low,20,UAV-011,120,139,jamming_spoofing
5,jamming_spoofing,low,20,UAV-011,125,144,jamming_spoofing
5,jamming_spoofing,low,20,UAV-011,130,149,jamming_spoofing
5,jamming_spoofing,low,20,UAV-011,135,154,jamming_spoofing
5,jamming_spoofing,low,20,UAV-011,140,159,jamming_spoofing
5,jamming_spoofing,low,20,UAV-011,145,164,jamming_spoofing
5,jamming_spoofing,low,20,UAV-011,150,169,normal
5,jamming_spoofing,low,20,UAV-011,155,174,jamming_spoofing
5,jamming_spoofing,low,20,UAV-011,160,179,jamming_spoofing
5,jamming_spoofing,low,20,UAV-011,165,184,jamming_spoofing
5,jamming_spoofing,low,20,UAV-011,170,189,jamming_spoofing
5,jamming_spoofing,low,20,UAV-011,175,194,normal
5,jamming_spoofing,low,20,UAV-011,180,199,normal
5,jamming_spoofing,low,20,UAV-011,185,204,normal
5,jamming_spoofing,low,20,UAV-011,190,209,normal
5,jamming_spoofing,low,20,UAV-011,195,214,normal
5,jamming_spoofing,low,20,UAV-011,200,219,normal
5,jamming_spoofing,low,20,UAV-011,205,224,normal
5,jamming_spoofing,low,20,UAV-011,210,229,normal
5,jamming_spoofing,low,20,UAV-011,215,234,normal
5,jamming_spoofing,low,20,UAV-011,220,239,normal
5,jamming_spoofing,low,20,UAV-013,0,19,normal
5,jamming_spoofing,low,20,UAV-013,5,24,normal
5,jamming_spoofing,low,20,UAV-013,10,29,normal
5,jamming_spoofing,low,20,UAV-013,15,34,normal
5,jamming_spoofing,low,20,UAV-013,20,39,normal
5,jamming_spoofing,low,20,UAV-013,25,44,normal
5,jamming_spoofing,low,20,UAV-013,30,49,normal
5,jamming_spoofing,low,20,UAV-013,35,54,normal
5,jamming_spoofing,low,20,UAV-013,40,59,normal
5,jamming_spoofing,low,20,UAV-013,45,64,normal
5,jamming_spoofing,low,20,UAV-013,50,69,normal
5,jamming_spoofing,low,20,UAV-013,55,74,normal
5,jamming_spoofing,low,20,UAV-013,60,79,normal
5,jamming_spoofing,low,20,UAV-013,65,84,normal
5,jamming_spoofing,low,20,UAV-013,70,89,normal
5,jamming_spoofing,low,20,UAV-013,75,94,normal
5,jamming_spoofing,low,20,UAV-013,80,99,jamming_spoofing
5,jamming_spoofing,low,20,UAV-013,85,104,jamming_spoofing
5,jamming_spoofing,low,20,UAV-013,90,109,jamming_spoofing
5,jamming_spoofing,low,20,UAV-013,95,114,jamming_spoofing
5,jamming_spoofing,low,20,UAV-013,100,119,normal
5,jamming_spoofing,low,20,UAV-013,105,124,normal
5,jamming_spoofing,low,20,UAV-013,110,129,normal
5,jamming_spoofing,low,20,UAV-013,115,134,jamming_spoofing
5,jamming_spoofing,low,20,UAV-013,120,139,jamming_spoofing
5,jamming_spoofing,low,20,UAV-013,125,144,jamming_spoofing
5,jamming_spoofing,low,20,UAV-013,130,149,jamming_spoofing
5,jamming_spoofing,low,20,UAV-013,135,154,jamming_spoofing
5,jamming_spoofing,low,20,UAV-013,140,159,jamming_spoofing
5,jamming_spoofing,low,20,UAV-013,145,164,jamming_spoofing
5,jamming_spoofing,low,20,UAV-013,150,169,jamming_spoofing
5,jamming_spoofing,low,20,UAV-013,155,174,jamming_spoofing
5,jamming_spoofing,low,20,UAV-013,160,179,jamming_spoofing
5,jamming_spoofing,low,20,UAV-013,165,184,jamming_spoofing
5,jamming_spoofing,low,20,UAV-013,170,189,normal
5,jamming_spoofing,low,20,UAV-013,175,194,normal
5,jamming_spoofing,low,20,UAV-013,180,199,normal
5,jamming_spoofing,low,20,UAV-013,185,204,normal
5,jamming_spoofing,low,20,UAV-013,190,209,normal
5,jamming_spoofing,low,20,UAV-013,195,214,normal
5,jamming_spoofing,low,20,UAV-013,200,219,normal
5,jamming_spoofing,low,20,UAV-013,205,224,normal
5,jamming_spoofing,low,20,UAV-013,210,229,normal
5,jamming_spoofing,low,20,UAV-013,215,234,normal
5,jamming_spoofing,low,20,UAV-013,220,239,normal
5,jamming_spoofing,low,20,UAV-017,0,19,normal
5,jamming_spoofing,low,20,UAV-017,5,24,normal
5,jamming_spoofing,low,20,UAV-017,10,29,normal
5,jamming_spoofing,low,20,UAV-017,15,34,normal
5,jamming_spoofing,low,20,UAV-017,20,39,normal
5,jamming_spoofing,low,20,UAV-017,25,44,normal
5,jamming_spoofing,low,20,UAV-017,30,49,normal
5,jamming_spoofing,low,20,UAV-017,35,54,normal
5,jamming_spoofing,low,20,UAV-017,40,59,normal
5,jamming_spoofing,low,20,UAV-017,45,64,normal
5,jamming_spoofing,low,20,UAV-017,50,69,normal
5,jamming_spoofing,low,20,UAV-017,55,74,jamming_spoofing
5,jamming_spoofing,low,20,UAV-017,60,79,jamming_spoofing
5,jamming_spoofing,low,20,UAV-017,65,84,normal
5,jamming_spoofing,low,20,UAV-017,70,89,normal
5,jamming_spoofing,low,20,UAV-017,75,94,normal
5,jamming_spoofing,low,20,UAV-017,80,99,normal
5,jamming_spoofing,low,20,UAV-017,85,104,normal
5,jamming_spoofing,low,20,UAV-017,90,109,jamming_spoofing
5,jamming_spoofing,low,20,UAV-017,95,114,jamming_spoofing
5,jamming_spoofing,low,20,UAV-017,100,119,jamming_spoofing
5,jamming_spoofing,low,20,UAV-017,105,124,jamming_spoofing
5,jamming_spoofing,low,20,UAV-017,110,129,jamming_spoofing
5,jamming_spoofing,low,20,UAV-017,115,134,jamming_spoofing
5,jamming_spoofing,low,20,UAV-017,120,139,jamming_spoofing
5,jamming_spoofing,low,20,UAV-017,125,144,jamming_spoofing
5,jamming_spoofing,low,20,UAV-017,130,149,jamming_spoofing
5,jamming_spoofing,low,20,UAV-017,135,154,jamming_spoofing
5,jamming_spoofing,low,20,UAV-017,140,159,jamming_spoofing
5,jamming_spoofing,low,20,UAV-017,145,164,jamming_spoofing
5,jamming_spoofing,low,20,UAV-017,150,169,jamming_spoofing
5,jamming_spoofing,low,20,UAV-017,155,174,jamming_spoofing
5,jamming_spoofing,low,20,UAV-017,160,179,jamming_spoofing
5,jamming_spoofing,low,20,UAV-017,165,184,normal
5,jamming_spoofing,low,20,UAV-017,170,189,normal
5,jamming_spoofing,low,20,UAV-017,175,194,normal
5,jamming_spoofing,low,20,UAV-017,180,199,normal
5,jamming_spoofing,low,20,UAV-017,185,204,normal
5,jamming_spoofing,low,20,UAV-017,190,209,normal
5,jamming_spoofing,low,20,UAV-017,195,214,normal
5,jamming_spoofing,low,20,UAV-017,200,219,normal
5,jamming_spoofing,low,20,UAV-017,205,224,normal
5,jamming_spoofing,low,20,UAV-017,210,229,normal
5,jamming_spoofing,low,20,UAV-017,215,234,normal
5,jamming_spoofing,low,20,UAV-017,220,239,normal
5,jamming_spoofing,low,30,UAV-019,0,19,normal
5,jamming_spoofing,low,30,UAV-019,5,24,normal
5,jamming_spoofing,low,30,UAV-019,10,29,normal
5,jamming_spoofing,low,30,UAV-019,15,34,normal
5,jamming_spoofing,low,30,UAV-019,20,39,normal
5,jamming_spoofing,low,30,UAV-019,25,44,normal
5,jamming_spoofing,low,30,UAV-019,30,49,normal
5,jamming_spoofing,low,30,UAV-019,35,54,normal
5,jamming_spoofing,low,30,UAV-019,40,59,normal
5,jamming_spoofing,low,30,UAV-019,45,64,normal
5,jamming_spoofing,low,30,UAV-019,50,69,normal
5,jamming_spoofing,low,30,UAV-019,55,74,normal
5,jamming_spoofing,low,30,UAV-019,60,79,normal
5,jamming_spoofing,low,30,UAV-019,65,84,normal
5,jamming_spoofing,low,30,UAV-019,70,89,normal
5,jamming_spoofing,low,30,UAV-019,75,94,normal
5,jamming_spoofing,low,30,UAV-019,80,99,normal
5,jamming_spoofing,low,30,UAV-019,85,104,normal
5,jamming_spoofing,low,30,UAV-019,90,109,jamming_spoofing
5,jamming_spoofing,low,30,UAV-019,95,114,jamming_spoofing
5,jamming_spoofing,low,30,UAV-019,100,119,jamming_spoofing
5,jamming_spoofing,low,30,UAV-019,105,124,jamming_spoofing
5,jamming_spoofing,low,30,UAV-019,110,129,jamming_spoofing
5,jamming_spoofing,low,30,UAV-019,115,134,jamming_spoofing
5,jamming_spoofing,low,30,UAV-019,120,139,jamming_spoofing
5,jamming_spoofing,low,30,UAV-019,125,144,jamming_spoofing
5,jamming_spoofing,low,30,UAV-019,130,149,jamming_spoofing
5,jamming_spoofing,low,30,UAV-019,135,154,jamming_spoofing
5,jamming_spoofing,low,30,UAV-019,140,159,normal
5,jamming_spoofing,low,30,UAV-019,145,164,jamming_spoofing
5,jamming_spoofing,low,30,UAV-019,150,169,jamming_spoofing
5,jamming_spoofing,low,30,UAV-019,155,174,jamming_spoofing
5,jamming_spoofing,low,30,UAV-019,160,179,jamming_spoofing
5,jamming_spoofing,low,30,UAV-019,165,184,jamming_spoofing
5,jamming_spoofing,low,30,UAV-019,170,189,normal
5,jamming_spoofing,low,30,UAV-019,175,194,normal
5,jamming_spoofing,low,30,UAV-019,180,199,normal
5,jamming_spoofing,low,30,UAV-019,185,204,normal
5,jamming_spoofing,low,30,UAV-019,190,209,normal
5,jamming_spoofing,low,30,UAV-019,195,214,normal
5,jamming_spoofing,low,30,UAV-019,200,219,normal
5,jamming_spoofing,low,30,UAV-019,205,224,normal
5,jamming_spoofing,low,30,UAV-019,210,229,normal
5,jamming_spoofing,low,30,UAV-019,215,234,normal
5,jamming_spoofing,low,30,UAV-019,220,239,normal
5,jamming_spoofing,medium,30,UAV-026,0,19,normal
5,jamming_spoofing,medium,30,UAV-026,5,24,normal
5,jamming_spoofing,medium,30,UAV-026,10,29,normal
5,jamming_spoofing,medium,30,UAV-026,15,34,normal
5,jamming_spoofing,medium,30,UAV-026,20,39,normal
5,jamming_spoofing,medium,30,UAV-026,25,44,normal
5,jamming_spoofing,medium,30,UAV-026,30,49,normal
5,jamming_spoofing,medium,30,UAV-026,35,54,normal
5,jamming_spoofing,medium,30,UAV-026,40,59,normal
5,jamming_spoofing,medium,30,UAV-026,45,64,normal
5,jamming_spoofing,medium,30,UAV-026,50,69,normal
5,jamming_spoofing,medium,30,UAV-026,55,74,jamming_spoofing
5,jamming_spoofing,medium,30,UAV-026,60,79,jamming_spoofing
5,jamming_spoofing,medium,30,UAV-026,65,84,jamming_spoofing
5,jamming_spoofing,medium,30,UAV-026,70,89,jamming_spoofing
5,jamming_spoofing,medium,30,UAV-026,75,94,jamming_spoofing
5,jamming_spoofing,medium,30,UAV-026,80,99,jamming_spoofing
5,jamming_spoofing,medium,30,UAV-026,85,104,jamming_spoofing
5,jamming_spoofing,medium,30,UAV-026,90,109,jamming_spoofing
5,jamming_spoofing,medium,30,UAV-026,95,114,jamming_spoofing
5,jamming_spoofing,medium,30,UAV-026,100,119,jamming_spoofing
5,jamming_spoofing,medium,30,UAV-026,105,124,jamming_spoofing
5,jamming_spoofing,medium,30,UAV-026,110,129,jamming_spoofing
5,jamming_spoofing,medium,30,UAV-026,115,134,jamming_spoofing
5,jamming_spoofing,medium,30,UAV-026,120,139,jamming_spoofing
5,jamming_spoofing,medium,30,UAV-026,125,144,jamming_spoofing
5,jamming_spoofing,medium,30,UAV-026,130,149,jamming_spoofing
5,jamming_spoofing,medium,30,UAV-026,135,154,jamming_spoofing
5,jamming_spoofing,medium,30,UAV-026,140,159,jamming_spoofing
5,jamming_spoofing,medium,30,UAV-026,145,164,jamming_spoofing
5,jamming_spoofing,medium,30,UAV-026,150,169,jamming_spoofing
5,jamming_spoofing,medium,30,UAV-026,155,174,jamming_spoofing
5,jamming_spoofing,medium,30,UAV-026,160,179,jamming_spoofing
5,jamming_spoofing,medium,30,UAV-026,165,184,jamming_spoofing
5,jamming_spoofing,medium,30,UAV-026,170,189,jamming_spoofing
5,jamming_spoofing,medium,30,UAV-026,175,194,normal
5,jamming_spoofing,medium,30,UAV-026,180,199,normal
5,jamming_spoofing,medium,30,UAV-026,185,204,normal
5,jamming_spoofing,medium,30,UAV-026,190,209,normal
5,jamming_spoofing,medium,30,UAV-026,195,214,normal
5,jamming_spoofing,medium,30,UAV-026,200,219,normal
5,jamming_spoofing,medium,30,UAV-026,205,224,normal
5,jamming_spoofing,medium,30,UAV-026,210,229,normal
5,jamming_spoofing,medium,30,UAV-026,215,234,normal
5,jamming_spoofing,medium,30,UAV-026,220,239,normal
5,jamming_tampering,high,30,UAV-015,0,19,normal
5,jamming_tampering,high,30,UAV-015,5,24,normal
5,jamming_tampering,high,30,UAV-015,10,29,normal
5,jamming_tampering,high,30,UAV-015,15,34,normal
5,jamming_tampering,high,30,UAV-015,20,39,normal
5,jamming_tampering,high,30,UAV-015,25,44,normal
5,jamming_tampering,high,30,UAV-015,30,48,normal
5,jamming_tampering,high,30,UAV-015,35,53,normal
5,jamming_tampering,high,30,UAV-015,40,58,normal
5,jamming_tampering,high,30,UAV-015,45,63,normal
5,jamming_tampering,high,30,UAV-015,49,68,normal
5,jamming_tampering,high,30,UAV-015,54,75,jamming_tampering
5,jamming_tampering,high,30,UAV-015,59,79,jamming_tampering
5,jamming_tampering,high,30,UAV-015,64,85,jamming_tampering
5,jamming_tampering,high,30,UAV-015,69,90,jamming_tampering
5,jamming_tampering,high,30,UAV-015,76,95,jamming_tampering
5,jamming_tampering,high,30,UAV-015,80,99,jamming_tampering
5,jamming_tampering,high,30,UAV-015,86,105,jamming_tampering
5,jamming_tampering,high,30,UAV-015,91,110,jamming_tampering
5,jamming_tampering,high,30,UAV-015,96,113,jamming_tampering
5,jamming_tampering,high,30,UAV-015,100,118,jamming_tampering
5,jamming_tampering,high,30,UAV-015,106,123,jamming_tampering
5,jamming_tampering,high,30,UAV-015,110,130,jamming_tampering
5,jamming_tampering,high,30,UAV-015,114,136,jamming_tampering
5,jamming_tampering,high,30,UAV-015,120,141,jamming_tampering
5,jamming_tampering,high,30,UAV-015,126,145,jamming_tampering
5,jamming_tampering,high,30,UAV-015,131,149,jamming_tampering
5,jamming_tampering,high,30,UAV-015,137,155,jamming_tampering
5,jamming_tampering,high,30,UAV-015,142,159,jamming_tampering
5,jamming_tampering,high,30,UAV-015,146,163,jamming_tampering
5,jamming_tampering,high,30,UAV-015,151,168,jamming_tampering
5,jamming_tampering,high,30,UAV-015,155,174,jamming_tampering
5,jamming_tampering,high,30,UAV-015,160,180,jamming_tampering
5,jamming_tampering,high,30,UAV-015,164,184,jamming_tampering
5,jamming_tampering,high,30,UAV-015,169,189,jamming_tampering
5,jamming_tampering,high,30,UAV-015,175,194,normal
5,jamming_tampering,high,30,UAV-015,181,199,normal
5,jamming_tampering,high,30,UAV-015,185,204,normal
5,jamming_tampering,high,30,UAV-015,190,209,normal
5,jamming_tampering,high,30,UAV-015,195,214,normal
5,jamming_tampering,high,30,UAV-015,200,219,normal
5,jamming_tampering,high,30,UAV-015,205,224,normal
5,jamming_tampering,high,30,UAV-015,210,229,normal
5,jamming_tampering,high,30,UAV-015,215,234,normal
5,jamming_tampering,high,30,UAV-015,220,239,normal
5,jamming_tampering,high,30,UAV-019,0,19,normal
5,jamming_tampering,high,30,UAV-019,5,24,normal
5,jamming_tampering,high,30,UAV-019,10,29,normal
5,jamming_tampering,high,30,UAV-019,15,34,normal
5,jamming_tampering,high,30,UAV-019,20,38,normal
5,jamming_tampering,high,30,UAV-019,25,43,normal
5,jamming_tampering,high,30,UAV-019,30,48,normal
5,jamming_tampering,high,30,UAV-019,34,53,normal
5,jamming_tampering,high,30,UAV-019,39,57,normal
5,jamming_tampering,high,30,UAV-019,44,63,normal
5,jamming_tampering,high,30,UAV-019,49,67,normal
5,jamming_tampering,high,30,UAV-019,54,74,jamming_tampering
5,jamming_tampering,high,30,UAV-019,58,78,jamming_tampering
5,jamming_tampering,high,30,UAV-019,63,84,jamming_tampering
5,jamming_tampering,high,30,UAV-019,69,89,jamming_tampering
5,jamming_tampering,high,30,UAV-019,75,94,jamming_tampering
5,jamming_tampering,high,30,UAV-019,79,98,jamming_tampering
5,jamming_tampering,high,30,UAV-019,85,103,jamming_tampering
5,jamming_tampering,high,30,UAV-019,90,107,jamming_tampering
5,jamming_tampering,high,30,UAV-019,95,112,jamming_tampering
5,jamming_tampering,high,30,UAV-019,99,117,jamming_tampering
5,jamming_tampering,high,30,UAV-019,104,124,jamming_tampering
5,jamming_tampering,high,30,UAV-019,108,128,jamming_tampering
5,jamming_tampering,high,30,UAV-019,113,134,jamming_tampering
5,jamming_tampering,high,30,UAV-019,119,140,jamming_tampering
5,jamming_tampering,high,30,UAV-019,125,145,jamming_tampering
5,jamming_tampering,high,30,UAV-019,130,151,jamming_tampering
5,jamming_tampering,high,30,UAV-019,136,157,jamming_tampering
5,jamming_tampering,high,30,UAV-019,141,163,jamming_tampering
5,jamming_tampering,high,30,UAV-019,145,167,jamming_tampering
5,jamming_tampering,high,30,UAV-019,153,170,jamming_tampering
5,jamming_tampering,high,30,UAV-019,158,175,jamming_tampering
5,jamming_tampering,high,30,UAV-019,164,179,jamming_tampering
5,jamming_tampering,high,30,UAV-019,168,184,jamming_tampering
5,jamming_tampering,high,30,UAV-019,171,189,jamming_tampering
5,jamming_tampering,high,30,UAV-019,175,194,jamming_tampering
5,jamming_tampering,high,30,UAV-019,180,199,normal
5,jamming_tampering,high,30,UAV-019,185,204,normal
5,jamming_tampering,high,30,UAV-019,190,209,normal
5,jamming_tampering,high,30,UAV-019,195,214,normal
5,jamming_tampering,high,30,UAV-019,200,219,normal
5,jamming_tampering,high,30,UAV-019,205,224,normal
5,jamming_tampering,high,30,UAV-019,210,229,normal
5,jamming_tampering,high,30,UAV-019,215,234,normal
5,jamming_tampering,high,30,UAV-019,220,239,normal
5,jamming_tampering,low,10,UAV-006,0,19,normal
5,jamming_tampering,low,10,UAV-006,5,24,normal
5,jamming_tampering,low,10,UAV-006,10,29,normal
5,jamming_tampering,low,10,UAV-006,15,34,normal
5,jamming_tampering,low,10,UAV-006,20,39,normal
5,jamming_tampering,low,10,UAV-006,25,44,normal
5,jamming_tampering,low,10,UAV-006,30,49,normal
5,jamming_tampering,low,10,UAV-006,35,54,normal
5,jamming_tampering,low,10,UAV-006,40,59,normal
5,jamming_tampering,low,10,UAV-006,45,64,normal
5,jamming_tampering,low,10,UAV-006,50,69,normal
5,jamming_tampering,low,10,UAV-006,55,75,normal
5,jamming_tampering,low,10,UAV-006,60,80,normal
5,jamming_tampering,low,10,UAV-006,65,84,jamming_tampering
5,jamming_tampering,low,10,UAV-006,70,89,jamming_tampering
5,jamming_tampering,low,10,UAV-006,76,95,jamming_tampering
5,jamming_tampering,low,10,UAV-006,81,100,jamming_tampering
5,jamming_tampering,low,10,UAV-006,85,104,normal
5,jamming_tampering,low,10,UAV-006,90,110,jamming_tampering
5,jamming_tampering,low,10,UAV-006,96,114,jamming_tampering
5,jamming_tampering,low,10,UAV-006,101,119,jamming_tampering
5,jamming_tampering,low,10,UAV-006,105,124,normal
5,jamming_tampering,low,10,UAV-006,111,131,normal
5,jamming_tampering,low,10,UAV-006,115,134,jamming_tampering
5,jamming_tampering,low,10,UAV-006,120,139,jamming_tampering
5,jamming_tampering,low,10,UAV-006,125,144,jamming_tampering
5,jamming_tampering,low,10,UAV-006,132,148,jamming_tampering
5,jamming_tampering,low,10,UAV-006,135,154,jamming_tampering
5,jamming_tampering,low,10,UAV-006,140,159,jamming_tampering
5,jamming_tampering,low,10,UAV-006,145,165,jamming_tampering
5,jamming_tampering,low,10,UAV-006,149,169,jamming_tampering
5,jamming_tampering,low,10,UAV-006,155,174,jamming_tampering
5,jamming_tampering,low,10,UAV-006,160,179,jamming_tampering
5,jamming_tampering,low,10,UAV-006,166,184,jamming_tampering
5,jamming_tampering,low,10,UAV-006,170,189,normal
5,jamming_tampering,low,10,UAV-006,175,194,normal
5,jamming_tampering,low,10,UAV-006,180,199,normal
5,jamming_tampering,low,10,UAV-006,185,204,normal
5,jamming_tampering,low,10,UAV-006,190,209,normal
5,jamming_tampering,low,10,UAV-006,195,214,normal
5,jamming_tampering,low,10,UAV-006,200,219,normal
5,jamming_tampering,low,10,UAV-006,205,224,normal
5,jamming_tampering,low,10,UAV-006,210,229,normal
5,jamming_tampering,low,10,UAV-006,215,234,normal
5,jamming_tampering,low,10,UAV-006,220,239,normal
5,jamming_tampering,low,20,UAV-017,0,19,normal
5,jamming_tampering,low,20,UAV-017,5,24,normal
5,jamming_tampering,low,20,UAV-017,10,29,normal
5,jamming_tampering,low,20,UAV-017,15,34,normal
5,jamming_tampering,low,20,UAV-017,20,39,normal
5,jamming_tampering,low,20,UAV-017,25,44,normal
5,jamming_tampering,low,20,UAV-017,30,49,normal
5,jamming_tampering,low,20,UAV-017,35,54,normal
5,jamming_tampering,low,20,UAV-017,40,59,normal
5,jamming_tampering,low,20,UAV-017,45,62,normal
5,jamming_tampering,low,20,UAV-017,50,68,normal
5,jamming_tampering,low,20,UAV-017,55,74,jamming_tampering
5,jamming_tampering,low,20,UAV-017,59,80,jamming_tampering
5,jamming_tampering,low,20,UAV-017,63,84,jamming_tampering
5,jamming_tampering,low,20,UAV-017,69,89,jamming_tampering
5,jamming_tampering,low,20,UAV-017,75,95,jamming_tampering
5,jamming_tampering,low,20,UAV-017,81,100,jamming_tampering
5,jamming_tampering,low,20,UAV-017,85,103,jamming_tampering
5,jamming_tampering,low,20,UAV-017,90,108,jamming_tampering
5,jamming_tampering,low,20,UAV-017,96,113,normal
5,jamming_tampering,low,20,UAV-017,101,119,jamming_tampering
5,jamming_tampering,low,20,UAV-017,104,124,jamming_tampering
5,jamming_tampering,low,20,UAV-017,109,128,normal
5,jamming_tampering,low,20,UAV-017,115,133,jamming_tampering
5,jamming_tampering,low,20,UAV-017,120,138,jamming_tampering
5,jamming_tampering,low,20,UAV-017,125,143,jamming_tampering
5,jamming_tampering,low,20,UAV-017,129,149,jamming_tampering
5,jamming_tampering,low,20,UAV-017,134,155,jamming_tampering
5,jamming_tampering,low,20,UAV-017,139,159,jamming_tampering
5,jamming_tampering,low,20,UAV-017,144,164,jamming_tampering
5,jamming_tampering,low,20,UAV-017,151,171,jamming_tampering
5,jamming_tampering,low,20,UAV-017,156,176,jamming_tampering
5,jamming_tampering,low,20,UAV-017,160,179,jamming_tampering
5,jamming_tampering,low,20,UAV-017,165,184,jamming_tampering
5,jamming_tampering,low,20,UAV-017,172,189,normal
5,jamming_tampering,low,20,UAV-017,176,194,normal
5,jamming_tampering,low,20,UAV-017,180,199,normal
5,jamming_tampering,low,20,UAV-017,185,204,normal
5,jamming_tampering,low,20,UAV-017,190,209,normal
5,jamming_tampering,low,20,UAV-017,195,214,normal
5,jamming_tampering,low,20,UAV-017,200,219,normal
5,jamming_tampering,low,20,UAV-017,205,224,normal
5,jamming_tampering,low,20,UAV-017,210,229,normal
5,jamming_tampering,low,20,UAV-017,215,234,normal
5,jamming_tampering,low,20,UAV-017,220,239,normal
5,jamming_tampering,low,30,UAV-027,0,19,normal
5,jamming_tampering,low,30,UAV-027,5,24,normal
5,jamming_tampering,low,30,UAV-027,10,29,normal
5,jamming_tampering,low,30,UAV-027,15,34,normal
5,jamming_tampering,low,30,UAV-027,20,39,normal
5,jamming_tampering,low,30,UAV-027,25,44,normal
5,jamming_tampering,low,30,UAV-027,30,49,normal
5,jamming_tampering,low,30,UAV-027,35,54,normal
5,jamming_tampering,low,30,UAV-027,40,59,normal
5,jamming_tampering,low,30,UAV-027,45,64,normal
5,jamming_tampering,low,30,UAV-027,50,69,normal
5,jamming_tampering,low,30,UAV-027,55,74,jamming_tampering
5,jamming_tampering,low,30,UAV-027,60,79,jamming_tampering
5,jamming_tampering,low,30,UAV-027,65,84,jamming_tampering
5,jamming_tampering,low,30,UAV-027,70,90,jamming_tampering
5,jamming_tampering,low,30,UAV-027,75,94,jamming_tampering
5,jamming_tampering,low,30,UAV-027,80,99,jamming_tampering
5,jamming_tampering,low,30,UAV-027,86,104,jamming_tampering
5,jamming_tampering,low,30,UAV-027,90,109,jamming_tampering
5,jamming_tampering,low,30,UAV-027,95,114,jamming_tampering
5,jamming_tampering,low,30,UAV-027,100,120,jamming_tampering
5,jamming_tampering,low,30,UAV-027,105,125,jamming_tampering
5,jamming_tampering,low,30,UAV-027,110,129,jamming_tampering
5,jamming_tampering,low,30,UAV-027,115,135,jamming_tampering
5,jamming_tampering,low,30,UAV-027,121,140,jamming_tampering
5,jamming_tampering,low,30,UAV-027,126,144,jamming_tampering
5,jamming_tampering,low,30,UAV-027,130,149,jamming_tampering
5,jamming_tampering,low,30,UAV-027,136,153,jamming_tampering
5,jamming_tampering,low,30,UAV-027,140,157,jamming_tampering
5,jamming_tampering,low,30,UAV-027,146,163,jamming_tampering
5,jamming_tampering,low,30,UAV-027,150,169,normal
5,jamming_tampering,low,30,UAV-027,154,173,normal
5,jamming_tampering,low,30,UAV-027,159,179,normal
5,jamming_tampering,low,30,UAV-027,165,184,normal
5,jamming_tampering,low,30,UAV-027,170,189,normal
5,jamming_tampering,low,30,UAV-027,174,194,normal
5,jamming_tampering,low,30,UAV-027,180,199,normal
5,jamming_tampering,low,30,UAV-027,185,204,normal
5,jamming_tampering,low,30,UAV-027,190,209,normal
5,jamming_tampering,low,30,UAV-027,195,214,normal
5,jamming_tampering,low,30,UAV-027,200,219,normal
5,jamming_tampering,low,30,UAV-027,205,224,normal
5,jamming_tampering,low,30,UAV-027,210,229,normal
5,jamming_tampering,low,30,UAV-027,215,234,normal
5,jamming_tampering,low,30,UAV-027,220,239,normal
5,jamming_tampering,medium,20,UAV-017,0,19,normal
5,jamming_tampering,medium,20,UAV-017,5,24,normal
5,jamming_tampering,medium,20,UAV-017,10,29,normal
5,jamming_tampering,medium,20,UAV-017,15,34,normal
5,jamming_tampering,medium,20,UAV-017,20,39,normal
5,jamming_tampering,medium,20,UAV-017,25,44,normal
5,jamming_tampering,medium,20,UAV-017,30,49,normal
5,jamming_tampering,medium,20,UAV-017,35,54,normal
5,jamming_tampering,medium,20,UAV-017,40,59,normal
5,jamming_tampering,medium,20,UAV-017,45,64,normal
5,jamming_tampering,medium,20,UAV-017,50,69,normal
5,jamming_tampering,medium,20,UAV-017,55,73,normal
5,jamming_tampering,medium,20,UAV-017,60,78,normal
5,jamming_tampering,medium,20,UAV-017,65,83,jamming_tampering
5,jamming_tampering,medium,20,UAV-017,69,90,jamming_tampering
5,jamming_tampering,medium,20,UAV-017,74,95,jamming_tampering
5,jamming_tampering,medium,20,UAV-017,79,100,jamming_tampering
5,jamming_tampering,medium,20,UAV-017,84,105,jamming_tampering
5,jamming_tampering,medium,20,UAV-017,91,109,jamming_tampering
5,jamming_tampering,medium,20,UAV-017,96,114,jamming_tampering
5,jamming_tampering,medium,20,UAV-017,101,117,jamming_tampering
5,jamming_tampering,medium,20,UAV-017,106,122,jamming_tampering
5,jamming_tampering,medium,20,UAV-017,110,128,jamming_tampering
5,jamming_tampering,medium,20,UAV-017,115,131,jamming_tampering
5,jamming_tampering,medium,20,UAV-017,118,136,jamming_tampering
5,jamming_tampering,medium,20,UAV-017,124,140,jamming_tampering
5,jamming_tampering,medium,20,UAV-017,128,147,jamming_tampering
5,jamming_tampering,medium,20,UAV-017,132,154,jamming_tampering
5,jamming_tampering,medium,20,UAV-017,137,159,jamming_tampering
5,jamming_tampering,medium,20,UAV-017,141,164,jamming_tampering
5,jamming_tampering,medium,20,UAV-017,148,170,jamming_tampering
5,jamming_tampering,medium,20,UAV-017,155,176,jamming_tampering
5,jamming_tampering,medium,20,UAV-017,160,181,jamming_tampering
5,jamming_tampering,medium,20,UAV-017,166,185,jamming_tampering
5,jamming_tampering,medium,20,UAV-017,172,190,jamming_tampering
5,jamming_tampering,medium,20,UAV-017,177,194,normal
5,jamming_tampering,medium,20,UAV-017,182,199,normal
5,jamming_tampering,medium,20,UAV-017,186,204,normal
5,jamming_tampering,medium,20,UAV-017,190,209,normal
5,jamming_tampering,medium,20,UAV-017,195,214,normal
5,jamming_tampering,medium,20,UAV-017,200,219,normal
5,jamming_tampering,medium,20,UAV-017,205,224,normal
5,jamming_tampering,medium,20,UAV-017,210,229,normal
5,jamming_tampering,medium,20,UAV-017,215,234,normal
5,jamming_tampering,medium,20,UAV-017,220,239,normal
5,jamming_tampering,medium,30,UAV-002,0,19,normal
5,jamming_tampering,medium,30,UAV-002,5,24,normal
5,jamming_tampering,medium,30,UAV-002,10,29,normal
5,jamming_tampering,medium,30,UAV-002,15,34,normal
5,jamming_tampering,medium,30,UAV-002,20,39,normal
5,jamming_tampering,medium,30,UAV-002,25,44,normal
5,jamming_tampering,medium,30,UAV-002,30,49,normal
5,jamming_tampering,medium,30,UAV-002,35,54,normal
5,jamming_tampering,medium,30,UAV-002,40,59,normal
5,jamming_tampering,medium,30,UAV-002,45,64,normal
5,jamming_tampering,medium,30,UAV-002,50,69,jamming_tampering
5,jamming_tampering,medium,30,UAV-002,55,74,jamming_tampering
5,jamming_tampering,medium,30,UAV-002,60,79,jamming_tampering
5,jamming_tampering,medium,30,UAV-002,65,83,jamming_tampering
5,jamming_tampering,medium,30,UAV-002,70,88,jamming_tampering
5,jamming_tampering,medium,30,UAV-002,75,94,jamming_tampering
5,jamming_tampering,medium,30,UAV-002,80,99,jamming_tampering
5,jamming_tampering,medium,30,UAV-002,84,104,jamming_tampering
5,jamming_tampering,medium,30,UAV-002,89,108,jamming_tampering
5,jamming_tampering,medium,30,UAV-002,95,115,jamming_tampering
5,jamming_tampering,medium,30,UAV-002,100,120,jamming_tampering
5,jamming_tampering,medium,30,UAV-002,105,125,jamming_tampering
5,jamming_tampering,medium,30,UAV-002,110,129,jamming_tampering
5,jamming_tampering,medium,30,UAV-002,116,135,jamming_tampering
5,jamming_tampering,medium,30,UAV-002,121,138,jamming_tampering
5,jamming_tampering,medium,30,UAV-002,126,144,jamming_tampering
5,jamming_tampering,medium,30,UAV-002,131,148,jamming_tampering
5,jamming_tampering,medium,30,UAV-002,136,152,jamming_tampering
5,jamming_tampering,medium,30,UAV-002,139,161,jamming_tampering
5,jamming_tampering,medium,30,UAV-002,145,165,jamming_tampering
5,jamming_tampering,medium,30,UAV-002,149,170,jamming_tampering
5,jamming_tampering,medium,30,UAV-002,153,174,jamming_tampering
5,jamming_tampering,medium,30,UAV-002,162,179,jamming_tampering
5,jamming_tampering,medium,30,UAV-002,167,184,jamming_tampering
5,jamming_tampering,medium,30,UAV-002,172,189,jamming_tampering
5,jamming_tampering,medium,30,UAV-002,176,194,normal
5,jamming_tampering,medium,30,UAV-002,181,199,normal
5,jamming_tampering,medium,30,UAV-002,185,204,normal
5,jamming_tampering,medium,30,UAV-002,190,209,normal
5,jamming_tampering,medium,30,UAV-002,195,214,normal
5,jamming_tampering,medium,30,UAV-002,200,219,normal
5,jamming_tampering,medium,30,UAV-002,205,224,normal
5,jamming_tampering,medium,30,UAV-002,210,229,normal
5,jamming_tampering,medium,30,UAV-002,215,234,normal
5,jamming_tampering,medium,30,UAV-002,220,239,normal
5,jamming_tampering,medium,30,UAV-007,0,19,normal
5,jamming_tampering,medium,30,UAV-007,5,24,normal
5,jamming_tampering,medium,30,UAV-007,10,29,normal
5,jamming_tampering,medium,30,UAV-007,15,34,normal
5,jamming_tampering,medium,30,UAV-007,20,39,normal
5,jamming_tampering,medium,30,UAV-007,25,44,normal
5,jamming_tampering,medium,30,UAV-007,30,49,normal
5,jamming_tampering,medium,30,UAV-007,35,54,normal
5,jamming_tampering,medium,30,UAV-007,40,59,normal
5,jamming_tampering,medium,30,UAV-007,45,65,normal
5,jamming_tampering,medium,30,UAV-007,50,70,jamming_tampering
5,jamming_tampering,medium,30,UAV-007,55,76,jamming_tampering
5,jamming_tampering,medium,30,UAV-007,60,79,jamming_tampering
5,jamming_tampering,medium,30,UAV-007,66,83,jamming_tampering
5,jamming_tampering,medium,30,UAV-007,71,89,jamming_tampering
5,jamming_tampering,medium,30,UAV-007,77,94,jamming_tampering
5,jamming_tampering,medium,30,UAV-007,79,100,jamming_tampering
5,jamming_tampering,medium,30,UAV-007,84,104,jamming_tampering
5,jamming_tampering,medium,30,UAV-007,91,108,jamming_tampering
5,jamming_tampering,medium,30,UAV-007,95,114,jamming_tampering
5,jamming_tampering,medium,30,UAV-007,101,118,jamming_tampering
5,jamming_tampering,medium,30,UAV-007,105,124,jamming_tampering
5,jamming_tampering,medium,30,UAV-007,109,129,jamming_tampering
5,jamming_tampering,medium,30,UAV-007,115,133,jamming_tampering
5,jamming_tampering,medium,30,UAV-007,119,138,jamming_tampering
5,jamming_tampering,medium,30,UAV-007,125,143,jamming_tampering
5,jamming_tampering,medium,30,UAV-007,130,148,jamming_tampering
5,jamming_tampering,medium,30,UAV-007,134,153,jamming_tampering
5,jamming_tampering,medium,30,UAV-007,140,156,jamming_tampering
5,jamming_tampering,medium,30,UAV-007,145,161,jamming_tampering
5,jamming_tampering,medium,30,UAV-007,149,167,jamming_tampering
5,jamming_tampering,medium,30,UAV-007,153,175,jamming_tampering
5,jamming_tampering,medium,30,UAV-007,156,179,jamming_tampering
5,jamming_tampering,medium,30,UAV-007,162,184,jamming_tampering
5,jamming_tampering,medium,30,UAV-007,169,189,jamming_tampering
5,jamming_tampering,medium,30,UAV-007,175,194,normal
5,jamming_tampering,medium,30,UAV-007,180,199,normal
5,jamming_tampering,medium,30,UAV-007,185,204,normal
5,jamming_tampering,medium,30,UAV-007,190,209,normal
5,jamming_tampering,medium,30,UAV-007,195,214,normal
5,jamming_tampering,medium,30,UAV-007,200,219,normal
5,jamming_tampering,medium,30,UAV-007,205,224,normal
5,jamming_tampering,medium,30,UAV-007,210,229,normal
5,jamming_tampering,medium,30,UAV-007,215,234,normal
5,jamming_tampering,medium,30,UAV-007,220,239,normal
5,jamming_tampering,medium,30,UAV-014,0,19,normal
5,jamming_tampering,medium,30,UAV-014,5,24,normal
5,jamming_tampering,medium,30,UAV-014,10,29,normal
5,jamming_tampering,medium,30,UAV-014,15,34,normal
5,jamming_tampering,medium,30,UAV-014,20,39,normal
5,jamming_tampering,medium,30,UAV-014,25,44,normal
5,jamming_tampering,medium,30,UAV-014,30,49,normal
5,jamming_tampering,medium,30,UAV-014,35,54,normal
5,jamming_tampering,medium,30,UAV-014,40,58,normal
5,jamming_tampering,medium,30,UAV-014,45,63,normal
5,jamming_tampering,medium,30,UAV-014,50,68,normal
5,jamming_tampering,medium,30,UAV-014,55,73,jamming_tampering
5,jamming_tampering,medium,30,UAV-014,59,79,jamming_tampering
5,jamming_tampering,medium,30,UAV-014,64,85,jamming_tampering
5,jamming_tampering,medium,30,UAV-014,69,90,jamming_tampering
5,jamming_tampering,medium,30,UAV-014,74,95,jamming_tampering
5,jamming_tampering,medium,30,UAV-014,80,100,jamming_tampering
5,jamming_tampering,medium,30,UAV-014,87,104,jamming_tampering
5,jamming_tampering,medium,30,UAV-014,91,109,jamming_tampering
5,jamming_tampering,medium,30,UAV-014,96,113,jamming_tampering
5,jamming_tampering,medium,30,UAV-014,101,118,jamming_tampering
5,jamming_tampering,medium,30,UAV-014,105,123,jamming_tampering
5,jamming_tampering,medium,30,UAV-014,110,130,jamming_tampering
5,jamming_tampering,medium,30,UAV-014,114,135,jamming_tampering
5,jamming_tampering,medium,30,UAV-014,119,139,jamming_tampering
5,jamming_tampering,medium,30,UAV-014,124,143,jamming_tampering
5,jamming_tampering,medium,30,UAV-014,131,151,jamming_tampering
5,jamming_tampering,medium,30,UAV-014,136,154,jamming_tampering
5,jamming_tampering,medium,30,UAV-014,140,158,jamming_tampering
5,jamming_tampering,medium,30,UAV-014,144,163,jamming_tampering
5,jamming_tampering,medium,30,UAV-014,152,168,jamming_tampering
5,jamming_tampering,medium,30,UAV-014,155,173,jamming_tampering
5,jamming_tampering,medium,30,UAV-014,158,179,jamming_tampering
5,jamming_tampering,medium,30,UAV-014,164,185,normal
5,jamming_tampering,medium,30,UAV-014,169,190,normal
5,jamming_tampering,medium,30,UAV-014,175,195,normal
5,jamming_tampering,medium,30,UAV-014,181,199,normal
5,jamming_tampering,medium,30,UAV-014,186,204,normal
5,jamming_tampering,medium,30,UAV-014,191,209,normal
5,jamming_tampering,medium,30,UAV-014,196,214,normal
5,jamming_tampering,medium,30,UAV-014,200,219,normal
5,jamming_tampering,medium,30,UAV-014,205,224,normal
5,jamming_tampering,medium,30,UAV-014,210,229,normal
5,jamming_tampering,medium,30,UAV-014,215,234,normal
5,jamming_tampering,medium,30,UAV-014,220,239,normal
5,jamming_tampering,medium,30,UAV-028,0,19,normal
5,jamming_tampering,medium,30,UAV-028,5,24,normal
5,jamming_tampering,medium,30,UAV-028,10,29,normal
5,jamming_tampering,medium,30,UAV-028,15,34,normal
5,jamming_tampering,medium,30,UAV-028,20,39,normal
5,jamming_tampering,medium,30,UAV-028,25,44,normal
5,jamming_tampering,medium,30,UAV-028,30,49,normal
5,jamming_tampering,medium,30,UAV-028,35,54,normal
5,jamming_tampering,medium,30,UAV-028,40,59,normal
5,jamming_tampering,medium,30,UAV-028,45,63,normal
5,jamming_tampering,medium,30,UAV-028,50,70,jamming_tampering
5,jamming_tampering,medium,30,UAV-028,55,75,jamming_tampering
5,jamming_tampering,medium,30,UAV-028,60,80,jamming_tampering
5,jamming_tampering,medium,30,UAV-028,64,86,jamming_tampering
5,jamming_tampering,medium,30,UAV-028,71,90,jamming_tampering
5,jamming_tampering,medium,30,UAV-028,76,95,jamming_tampering
5,jamming_tampering,medium,30,UAV-028,81,98,jamming_tampering
5,jamming_tampering,medium,30,UAV-028,87,101,jamming_tampering
5,jamming_tampering,medium,30,UAV-028,92,105,jamming_tampering
5,jamming_tampering,medium,30,UAV-028,96,112,jamming_tampering
5,jamming_tampering,medium,30,UAV-028,98,117,jamming_tampering
5,jamming_tampering,medium,30,UAV-028,102,122,jamming_tampering
5,jamming_tampering,medium,30,UAV-028,106,127,jamming_tampering
5,jamming_tampering,medium,30,UAV-028,114,133,jamming_tampering
5,jamming_tampering,medium,30,UAV-028,118,136,jamming_tampering
5,jamming_tampering,medium,30,UAV-028,123,144,jamming_tampering
5,jamming_tampering,medium,30,UAV-028,129,147,jamming_tampering
5,jamming_tampering,medium,30,UAV-028,134,152,jamming_tampering
5,jamming_tampering,medium,30,UAV-028,137,156,jamming_tampering
5,jamming_tampering,medium,30,UAV-028,145,162,jamming_tampering
5,jamming_tampering,medium,30,UAV-028,148,166,jamming_tampering
5,jamming_tampering,medium,30,UAV-028,153,173,jamming_tampering
5,jamming_tampering,medium,30,UAV-028,157,179,jamming_tampering
5,jamming_tampering,medium,30,UAV-028,163,184,normal
5,jamming_tampering,medium,30,UAV-028,167,189,normal
5,jamming_tampering,medium,30,UAV-028,174,194,normal
5,jamming_tampering,medium,30,UAV-028,180,199,normal
5,jamming_tampering,medium,30,UAV-028,185,204,normal
5,jamming_tampering,medium,30,UAV-028,190,209,normal
5,jamming_tampering,medium,30,UAV-028,195,214,normal
5,jamming_tampering,medium,30,UAV-028,200,219,normal
5,jamming_tampering,medium,30,UAV-028,205,224,normal
5,jamming_tampering,medium,30,UAV-028,210,229,normal
5,jamming_tampering,medium,30,UAV-028,215,234,normal
5,jamming_tampering,medium,30,UAV-028,220,239,normal
5,jamming_tampering,medium,30,UAV-029,0,19,normal
5,jamming_tampering,medium,30,UAV-029,5,24,normal
5,jamming_tampering,medium,30,UAV-029,10,29,normal
5,jamming_tampering,medium,30,UAV-029,15,34,normal
5,jamming_tampering,medium,30,UAV-029,20,39,normal
5,jamming_tampering,medium,30,UAV-029,25,44,normal
5,jamming_tampering,medium,30,UAV-029,30,49,normal
5,jamming_tampering,medium,30,UAV-029,35,54,normal
5,jamming_tampering,medium,30,UAV-029,40,59,normal
5,jamming_tampering,medium,30,UAV-029,45,64,normal
5,jamming_tampering,medium,30,UAV-029,50,70,normal
5,jamming_tampering,medium,30,UAV-029,55,75,normal
5,jamming_tampering,medium,30,UAV-029,60,79,jamming_tampering
5,jamming_tampering,medium,30,UAV-029,65,85,jamming_tampering
5,jamming_tampering,medium,30,UAV-029,71,89,jamming_tampering
5,jamming_tampering,medium,30,UAV-029,76,94,jamming_tampering
5,jamming_tampering,medium,30,UAV-029,80,98,jamming_tampering
5,jamming_tampering,medium,30,UAV-029,85,103,jamming_tampering
5,jamming_tampering,medium,30,UAV-029,90,107,jamming_tampering
5,jamming_tampering,medium,30,UAV-029,94,113,jamming_tampering
5,jamming_tampering,medium,30,UAV-029,99,118,jamming_tampering
5,jamming_tampering,medium,30,UAV-029,104,124,jamming_tampering
5,jamming_tampering,medium,30,UAV-029,108,129,jamming_tampering
5,jamming_tampering,medium,30,UAV-029,114,135,jamming_tampering
5,jamming_tampering,medium,30,UAV-029,119,140,jamming_tampering
5,jamming_tampering,medium,30,UAV-029,125,144,jamming_tampering
5,jamming_tampering,medium,30,UAV-029,130,148,jamming_tampering
5,jamming_tampering,medium,30,UAV-029,136,154,jamming_tampering
5,jamming_tampering,medium,30,UAV-029,140,159,jamming_tampering
5,jamming_tampering,medium,30,UAV-029,144,163,jamming_tampering
5,jamming_tampering,medium,30,UAV-029,148,168,jamming_tampering
5,jamming_tampering,medium,30,UAV-029,155,172,jamming_tampering
5,jamming_tampering,medium,30,UAV-029,159,177,jamming_tampering
5,jamming_tampering,medium,30,UAV-029,164,185,jamming_tampering
5,jamming_tampering,medium,30,UAV-029,168,190,normal
5,jamming_tampering,medium,30,UAV-029,173,194,normal
5,jamming_tampering,medium,30,UAV-029,181,199,normal
5,jamming_tampering,medium,30,UAV-029,186,204,normal
5,jamming_tampering,medium,30,UAV-029,191,209,normal
5,jamming_tampering,medium,30,UAV-029,195,214,normal
5,jamming_tampering,medium,30,UAV-029,200,219,normal
5,jamming_tampering,medium,30,UAV-029,205,224,normal
5,jamming_tampering,medium,30,UAV-029,210,229,normal
5,jamming_tampering,medium,30,UAV-029,215,234,normal
5,jamming_tampering,medium,30,UAV-029,220,239,normal
5,normal,none,20,UAV-007,0,19,normal
5,normal,none,20,UAV-007,5,24,normal
5,normal,none,20,UAV-007,10,29,normal
5,normal,none,20,UAV-007,15,34,normal
5,normal,none,20,UAV-007,20,39,normal
5,normal,none,20,UAV-007,25,44,normal
5,normal,none,20,UAV-007,30,49,normal
5,normal,none,20,UAV-007,35,54,normal
5,normal,none,20,UAV-007,40,59,normal
5,normal,none,20,UAV-007,45,64,normal
5,normal,none,20,UAV-007,50,69,normal
5,normal,none,20,UAV-007,55,74,normal
5,normal,none,20,UAV-007,60,79,normal
5,normal,none,20,UAV-007,65,84,normal
5,normal,none,20,UAV-007,70,89,normal
5,normal,none,20,UAV-007,75,94,normal
5,normal,none,20,UAV-007,80,99,normal
5,normal,none,20,UAV-007,85,104,normal
5,normal,none,20,UAV-007,90,109,normal
5,normal,none,20,UAV-007,95,114,normal
5,normal,none,20,UAV-007,100,119,normal
5,normal,none,20,UAV-007,105,124,normal
5,normal,none,20,UAV-007,110,129,normal
5,normal,none,20,UAV-007,115,134,normal
5,normal,none,20,UAV-007,120,139,normal
5,normal,none,20,UAV-007,125,144,normal
5,normal,none,20,UAV-007,130,149,normal
5,normal,none,20,UAV-007,135,154,normal
5,normal,none,20,UAV-007,140,159,normal
5,normal,none,20,UAV-007,145,164,normal
5,normal,none,20,UAV-007,150,169,normal
5,normal,none,20,UAV-007,155,174,normal
5,normal,none,20,UAV-007,160,179,normal
5,normal,none,20,UAV-007,165,184,normal
5,normal,none,20,UAV-007,170,189,normal
5,normal,none,20,UAV-007,175,194,normal
5,normal,none,20,UAV-007,180,199,normal
5,normal,none,20,UAV-007,185,204,normal
5,normal,none,20,UAV-007,190,209,normal
5,normal,none,20,UAV-007,195,214,normal
5,normal,none,20,UAV-007,200,219,normal
5,normal,none,20,UAV-007,205,224,normal
5,normal,none,20,UAV-007,210,229,normal
5,normal,none,20,UAV-007,215,234,normal
5,normal,none,20,UAV-007,220,239,normal
5,normal,none,30,UAV-018,0,19,normal
5,normal,none,30,UAV-018,5,24,normal
5,normal,none,30,UAV-018,10,29,normal
5,normal,none,30,UAV-018,15,34,normal
5,normal,none,30,UAV-018,20,39,normal
5,normal,none,30,UAV-018,25,44,normal
5,normal,none,30,UAV-018,30,49,normal
5,normal,none,30,UAV-018,35,54,normal
5,normal,none,30,UAV-018,40,59,normal
5,normal,none,30,UAV-018,45,64,normal
5,normal,none,30,UAV-018,50,69,normal
5,normal,none,30,UAV-018,55,74,normal
5,normal,none,30,UAV-018,60,79,normal
5,normal,none,30,UAV-018,65,84,normal
5,normal,none,30,UAV-018,70,89,normal
5,normal,none,30,UAV-018,75,94,normal
5,normal,none,30,UAV-018,80,99,normal
5,normal,none,30,UAV-018,85,104,normal
5,normal,none,30,UAV-018,90,109,normal
5,normal,none,30,UAV-018,95,114,normal
5,normal,none,30,UAV-018,100,119,normal
5,normal,none,30,UAV-018,105,124,normal
5,normal,none,30,UAV-018,110,129,normal
5,normal,none,30,UAV-018,115,134,normal
5,normal,none,30,UAV-018,120,139,normal
5,normal,none,30,UAV-018,125,144,normal
5,normal,none,30,UAV-018,130,149,normal
5,normal,none,30,UAV-018,135,154,normal
5,normal,none,30,UAV-018,140,159,normal
5,normal,none,30,UAV-018,145,164,normal
5,normal,none,30,UAV-018,150,169,normal
5,normal,none,30,UAV-018,155,174,normal
5,normal,none,30,UAV-018,160,179,normal
5,normal,none,30,UAV-018,165,184,normal
5,normal,none,30,UAV-018,170,189,normal
5,normal,none,30,UAV-018,175,194,normal
5,normal,none,30,UAV-018,180,199,normal
5,normal,none,30,UAV-018,185,204,normal
5,normal,none,30,UAV-018,190,209,normal
5,normal,none,30,UAV-018,195,214,normal
5,normal,none,30,UAV-018,200,219,normal
5,normal,none,30,UAV-018,205,224,normal
5,normal,none,30,UAV-018,210,229,normal
5,normal,none,30,UAV-018,215,234,normal
5,normal,none,30,UAV-018,220,239,normal
5,spoofing,high,20,UAV-018,0,19,normal
5,spoofing,high,20,UAV-018,5,24,normal
5,spoofing,high,20,UAV-018,10,29,normal
5,spoofing,high,20,UAV-018,15,34,normal
5,spoofing,high,20,UAV-018,20,39,normal
5,spoofing,high,20,UAV-018,25,44,normal
5,spoofing,high,20,UAV-018,30,49,normal
5,spoofing,high,20,UAV-018,35,54,normal
5,spoofing,high,20,UAV-018,40,59,normal
5,spoofing,high,20,UAV-018,45,64,normal
5,spoofing,high,20,UAV-018,50,69,spoofing
5,spoofing,high,20,UAV-018,55,74,spoofing
5,spoofing,high,20,UAV-018,60,79,spoofing
5,spoofing,high,20,UAV-018,65,84,spoofing
5,spoofing,high,20,UAV-018,70,89,spoofing
5,spoofing,high,20,UAV-018,75,94,spoofing
5,spoofing,high,20,UAV-018,80,99,spoofing
5,spoofing,high,20,UAV-018,85,104,spoofing
5,spoofing,high,20,UAV-018,90,109,spoofing
5,spoofing,high,20,UAV-018,95,114,spoofing
5,spoofing,high,20,UAV-018,100,119,spoofing
5,spoofing,high,20,UAV-018,105,124,spoofing
5,spoofing,high,20,UAV-018,110,129,spoofing
5,spoofing,high,20,UAV-018,115,134,spoofing
5,spoofing,high,20,UAV-018,120,139,spoofing
5,spoofing,high,20,UAV-018,125,144,spoofing
5,spoofing,high,20,UAV-018,130,149,spoofing
5,spoofing,high,20,UAV-018,135,154,spoofing
5,spoofing,high,20,UAV-018,140,159,spoofing
5,spoofing,high,20,UAV-018,145,164,spoofing
5,spoofing,high,20,UAV-018,150,169,spoofing
5,spoofing,high,20,UAV-018,155,174,spoofing
5,spoofing,high,20,UAV-018,160,179,spoofing
5,spoofing,high,20,UAV-018,165,184,spoofing
5,spoofing,high,20,UAV-018,170,189,spoofing
5,spoofing,high,20,UAV-018,175,194,normal
5,spoofing,high,20,UAV-018,180,199,normal
5,spoofing,high,20,UAV-018,185,204,normal
5,spoofing,high,20,UAV-018,190,209,normal
5,spoofing,high,20,UAV-018,195,214,normal
5,spoofing,high,20,UAV-018,200,219,normal
5,spoofing,high,20,UAV-018,205,224,normal
5,spoofing,high,20,UAV-018,210,229,normal
5,spoofing,high,20,UAV-018,215,234,normal
5,spoofing,high,20,UAV-018,220,239,normal
5,spoofing,high,30,UAV-014,0,19,normal
5,spoofing,high,30,UAV-014,5,24,normal
5,spoofing,high,30,UAV-014,10,29,normal
5,spoofing,high,30,UAV-014,15,34,normal
5,spoofing,high,30,UAV-014,20,39,normal
5,spoofing,high,30,UAV-014,25,44,normal
5,spoofing,high,30,UAV-014,30,49,normal
5,spoofing,high,30,UAV-014,35,54,normal
5,spoofing,high,30,UAV-014,40,59,normal
5,spoofing,high,30,UAV-014,45,64,normal
5,spoofing,high,30,UAV-014,50,69,spoofing
5,spoofing,high,30,UAV-014,55,74,spoofing
5,spoofing,high,30,UAV-014,60,79,spoofing
5,spoofing,high,30,UAV-014,65,84,spoofing
5,spoofing,high,30,UAV-014,70,89,spoofing
5,spoofing,high,30,UAV-014,75,94,spoofing
5,spoofing,high,30,UAV-014,80,99,spoofing
5,spoofing,high,30,UAV-014,85,104,spoofing
5,spoofing,high,30,UAV-014,90,109,spoofing
5,spoofing,high,30,UAV-014,95,114,spoofing
5,spoofing,high,30,UAV-014,100,119,spoofing
5,spoofing,high,30,UAV-014,105,124,spoofing
5,spoofing,high,30,UAV-014,110,129,spoofing
5,spoofing,high,30,UAV-014,115,134,spoofing
5,spoofing,high,30,UAV-014,120,139,spoofing
5,spoofing,high,30,UAV-014,125,144,spoofing
5,spoofing,high,30,UAV-014,130,149,spoofing
5,spoofing,high,30,UAV-014,135,154,spoofing
5,spoofing,high,30,UAV-014,140,159,spoofing
5,spoofing,high,30,UAV-014,145,164,spoofing
5,spoofing,high,30,UAV-014,150,169,spoofing
5,spoofing,high,30,UAV-014,155,174,spoofing
5,spoofing,high,30,UAV-014,160,179,spoofing
5,spoofing,high,30,UAV-014,165,184,spoofing
5,spoofing,high,30,UAV-014,170,189,spoofing
5,spoofing,high,30,UAV-014,175,194,normal
5,spoofing,high,30,UAV-014,180,199,normal
5,spoofing,high,30,UAV-014,185,204,normal
5,spoofing,high,30,UAV-014,190,209,normal
5,spoofing,high,30,UAV-014,195,214,normal
5,spoofing,high,30,UAV-014,200,219,normal
5,spoofing,high,30,UAV-014,205,224,normal
5,spoofing,high,30,UAV-014,210,229,normal
5,spoofing,high,30,UAV-014,215,234,normal
5,spoofing,high,30,UAV-014,220,239,normal
5,spoofing,high,30,UAV-022,0,19,normal
5,spoofing,high,30,UAV-022,5,24,normal
5,spoofing,high,30,UAV-022,10,29,normal
5,spoofing,high,30,UAV-022,15,34,normal
5,spoofing,high,30,UAV-022,20,39,normal
5,spoofing,high,30,UAV-022,25,44,normal
5,spoofing,high,30,UAV-022,30,49,normal
5,spoofing,high,30,UAV-022,35,54,normal
5,spoofing,high,30,UAV-022,40,59,normal
5,spoofing,high,30,UAV-022,45,64,normal
5,spoofing,high,30,UAV-022,50,69,spoofing
5,spoofing,high,30,UAV-022,55,74,spoofing
5,spoofing,high,30,UAV-022,60,79,spoofing
5,spoofing,high,30,UAV-022,65,84,spoofing
5,spoofing,high,30,UAV-022,70,89,spoofing
5,spoofing,high,30,UAV-022,75,94,spoofing
5,spoofing,high,30,UAV-022,80,99,spoofing
5,spoofing,high,30,UAV-022,85,104,spoofing
5,spoofing,high,30,UAV-022,90,109,spoofing
5,spoofing,high,30,UAV-022,95,114,spoofing
5,spoofing,high,30,UAV-022,100,119,spoofing
5,spoofing,high,30,UAV-022,105,124,spoofing
5,spoofing,high,30,UAV-022,110,129,spoofing
5,spoofing,high,30,UAV-022,115,134,spoofing
5,spoofing,high,30,UAV-022,120,139,spoofing
5,spoofing,high,30,UAV-022,125,144,spoofing
5,spoofing,high,30,UAV-022,130,149,spoofing
5,spoofing,high,30,UAV-022,135,154,spoofing
5,spoofing,high,30,UAV-022,140,159,spoofing
5,spoofing,high,30,UAV-022,145,164,spoofing
5,spoofing,high,30,UAV-022,150,169,spoofing
5,spoofing,high,30,UAV-022,155,174,spoofing
5,spoofing,high,30,UAV-022,160,179,spoofing
5,spoofing,high,30,UAV-022,165,184,spoofing
5,spoofing,high,30,UAV-022,170,189,normal
5,spoofing,high,30,UAV-022,175,194,normal
5,spoofing,high,30,UAV-022,180,199,normal
5,spoofing,high,30,UAV-022,185,204,normal
5,spoofing,high,30,UAV-022,190,209,normal
5,spoofing,high,30,UAV-022,195,214,normal
5,spoofing,high,30,UAV-022,200,219,normal
5,spoofing,high,30,UAV-022,205,224,normal
5,spoofing,high,30,UAV-022,210,229,normal
5,spoofing,high,30,UAV-022,215,234,normal
5,spoofing,high,30,UAV-022,220,239,normal
5,spoofing,high,30,UAV-028,0,19,normal
5,spoofing,high,30,UAV-028,5,24,normal
5,spoofing,high,30,UAV-028,10,29,normal
5,spoofing,high,30,UAV-028,15,34,normal
5,spoofing,high,30,UAV-028,20,39,normal
5,spoofing,high,30,UAV-028,25,44,normal
5,spoofing,high,30,UAV-028,30,49,normal
5,spoofing,high,30,UAV-028,35,54,normal
5,spoofing,high,30,UAV-028,40,59,normal
5,spoofing,high,30,UAV-028,45,64,normal
5,spoofing,high,30,UAV-028,50,69,spoofing
5,spoofing,high,30,UAV-028,55,74,spoofing
5,spoofing,high,30,UAV-028,60,79,spoofing
5,spoofing,high,30,UAV-028,65,84,spoofing
5,spoofing,high,30,UAV-028,70,89,spoofing
5,spoofing,high,30,UAV-028,75,94,spoofing
5,spoofing,high,30,UAV-028,80,99,spoofing
5,spoofing,high,30,UAV-028,85,104,spoofing
5,spoofing,high,30,UAV-028,90,109,spoofing
5,spoofing,high,30,UAV-028,95,114,spoofing
5,spoofing,high,30,UAV-028,100,119,spoofing
5,spoofing,high,30,UAV-028,105,124,spoofing
5,spoofing,high,30,UAV-028,110,129,spoofing
5,spoofing,high,30,UAV-028,115,134,spoofing
5,spoofing,high,30,UAV-028,120,139,spoofing
5,spoofing,high,30,UAV-028,125,144,spoofing
5,spoofing,high,30,UAV-028,130,149,spoofing
5,spoofing,high,30,UAV-028,135,154,spoofing
5,spoofing,high,30,UAV-028,140,159,spoofing
5,spoofing,high,30,UAV-028,145,164,spoofing
5,spoofing,high,30,UAV-028,150,169,spoofing
5,spoofing,high,30,UAV-028,155,174,spoofing
5,spoofing,high,30,UAV-028,160,179,spoofing
5,spoofing,high,30,UAV-028,165,184,spoofing
5,spoofing,high,30,UAV-028,170,189,spoofing
5,spoofing,high,30,UAV-028,175,194,normal
5,spoofing,high,30,UAV-028,180,199,normal
5,spoofing,high,30,UAV-028,185,204,normal
5,spoofing,high,30,UAV-028,190,209,normal
5,spoofing,high,30,UAV-028,195,214,normal
5,spoofing,high,30,UAV-028,200,219,normal
5,spoofing,high,30,UAV-028,205,224,normal
5,spoofing,high,30,UAV-028,210,229,normal
5,spoofing,high,30,UAV-028,215,234,normal
5,spoofing,high,30,UAV-028,220,239,normal
5,spoofing,low,20,UAV-004,0,19,normal
5,spoofing,low,20,UAV-004,5,24,normal
5,spoofing,low,20,UAV-004,10,29,normal
5,spoofing,low,20,UAV-004,15,34,normal
5,spoofing,low,20,UAV-004,20,39,normal
5,spoofing,low,20,UAV-004,25,44,normal
5,spoofing,low,20,UAV-004,30,49,normal
5,spoofing,low,20,UAV-004,35,54,normal
5,spoofing,low,20,UAV-004,40,59,normal
5,spoofing,low,20,UAV-004,45,64,normal
5,spoofing,low,20,UAV-004,50,69,normal
5,spoofing,low,20,UAV-004,55,74,spoofing
5,spoofing,low,20,UAV-004,60,79,spoofing
5,spoofing,low,20,UAV-004,65,84,spoofing
5,spoofing,low,20,UAV-004,70,89,spoofing
5,spoofing,low,20,UAV-004,75,94,spoofing
5,spoofing,low,20,UAV-004,80,99,spoofing
5,spoofing,low,20,UAV-004,85,104,spoofing
5,spoofing,low,20,UAV-004,90,109,spoofing
5,spoofing,low,20,UAV-004,95,114,spoofing
5,spoofing,low,20,UAV-004,100,119,spoofing
5,spoofing,low,20,UAV-004,105,124,spoofing
5,spoofing,low,20,UAV-004,110,129,normal
5,spoofing,low,20,UAV-004,115,134,spoofing
5,spoofing,low,20,UAV-004,120,139,spoofing
5,spoofing,low,20,UAV-004,125,144,normal
5,spoofing,low,20,UAV-004,130,149,spoofing
5,spoofing,low,20,UAV-004,135,154,spoofing
5,spoofing,low,20,UAV-004,140,159,spoofing
5,spoofing,low,20,UAV-004,145,164,spoofing
5,spoofing,low,20,UAV-004,150,169,spoofing
5,spoofing,low,20,UAV-004,155,174,spoofing
5,spoofing,low,20,UAV-004,160,179,spoofing
5,spoofing,low,20,UAV-004,165,184,spoofing
5,spoofing,low,20,UAV-004,170,189,normal
5,spoofing,low,20,UAV-004,175,194,normal
5,spoofing,low,20,UAV-004,180,199,normal
5,spoofing,low,20,UAV-004,185,204,normal
5,spoofing,low,20,UAV-004,190,209,normal
5,spoofing,low,20,UAV-004,195,214,normal
5,spoofing,low,20,UAV-004,200,219,normal
5,spoofing,low,20,UAV-004,205,224,normal
5,spoofing,low,20,UAV-004,210,229,normal
5,spoofing,low,20,UAV-004,215,234,normal
5,spoofing,low,20,UAV-004,220,239,normal
5,spoofing_tampering,high,20,UAV-009,0,19,normal
5,spoofing_tampering,high,20,UAV-009,5,24,normal
5,spoofing_tampering,high,20,UAV-009,10,29,normal
5,spoofing_tampering,high,20,UAV-009,15,34,normal
5,spoofing_tampering,high,20,UAV-009,20,39,normal
5,spoofing_tampering,high,20,UAV-009,25,43,normal
5,spoofing_tampering,high,20,UAV-009,30,48,normal
5,spoofing_tampering,high,20,UAV-009,35,52,normal
5,spoofing_tampering,high,20,UAV-009,40,57,normal
5,spoofing_tampering,high,20,UAV-009,44,62,normal
5,spoofing_tampering,high,20,UAV-009,49,68,spoofing_tampering
5,spoofing_tampering,high,20,UAV-009,53,73,spoofing_tampering
5,spoofing_tampering,high,20,UAV-009,58,77,spoofing_tampering
5,spoofing_tampering,high,20,UAV-009,63,83,spoofing_tampering
5,spoofing_tampering,high,20,UAV-009,69,88,spoofing_tampering
5,spoofing_tampering,high,20,UAV-009,74,94,spoofing_tampering
5,spoofing_tampering,high,20,UAV-009,78,99,spoofing_tampering
5,spoofing_tampering,high,20,UAV-009,84,105,spoofing_tampering
5,spoofing_tampering,high,20,UAV-009,90,109,spoofing_tampering
5,spoofing_tampering,high,20,UAV-009,95,112,spoofing_tampering
5,spoofing_tampering,high,20,UAV-009,100,116,spoofing_tampering
5,spoofing_tampering,high,20,UAV-009,106,121,spoofing_tampering
5,spoofing_tampering,high,20,UAV-009,110,128,spoofing_tampering
5,spoofing_tampering,high,20,UAV-009,113,137,spoofing_tampering
5,spoofing_tampering,high,20,UAV-009,117,140,spoofing_tampering
5,spoofing_tampering,high,20,UAV-009,123,144,spoofing_tampering
5,spoofing_tampering,high,20,UAV-009,130,148,spoofing_tampering
5,spoofing_tampering,high,20,UAV-009,137,154,spoofing_tampering
5,spoofing_tampering,high,20,UAV-009,141,159,spoofing_tampering
5,spoofing_tampering,high,20,UAV-009,145,164,spoofing_tampering
5,spoofing_tampering,high,20,UAV-009,149,168,spoofing_tampering
5,spoofing_tampering,high,20,UAV-009,155,174,spoofing_tampering
5,spoofing_tampering,high,20,UAV-009,160,179,spoofing_tampering
5,spoofing_tampering,high,20,UAV-009,164,184,spoofing_tampering
5,spoofing_tampering,high,20,UAV-009,170,189,normal
5,spoofing_tampering,high,20,UAV-009,175,194,normal
5,spoofing_tampering,high,20,UAV-009,180,199,normal
5,spoofing_tampering,high,20,UAV-009,185,204,normal
5,spoofing_tampering,high,20,UAV-009,190,209,normal
5,spoofing_tampering,high,20,UAV-009,195,214,normal
5,spoofing_tampering,high,20,UAV-009,200,219,normal
5,spoofing_tampering,high,20,UAV-009,205,224,normal
5,spoofing_tampering,high,20,UAV-009,210,229,normal
5,spoofing_tampering,high,20,UAV-009,215,234,normal
5,spoofing_tampering,high,20,UAV-009,220,239,normal
5,spoofing_tampering,high,20,UAV-013,0,19,normal
5,spoofing_tampering,high,20,UAV-013,5,24,normal
5,spoofing_tampering,high,20,UAV-013,10,29,normal
5,spoofing_tampering,high,20,UAV-013,15,34,normal
5,spoofing_tampering,high,20,UAV-013,20,39,normal
5,spoofing_tampering,high,20,UAV-013,25,44,normal
5,spoofing_tampering,high,20,UAV-013,30,48,normal
5,spoofing_tampering,high,20,UAV-013,35,53,normal
5,spoofing_tampering,high,20,UAV-013,40,58,normal
5,spoofing_tampering,high,20,UAV-013,45,63,normal
5,spoofing_tampering,high,20,UAV-013,49,67,spoofing_tampering
5,spoofing_tampering,high,20,UAV-013,54,73,spoofing_tampering
5,spoofing_tampering,high,20,UAV-013,59,79,spoofing_tampering
5,spoofing_tampering,high,20,UAV-013,64,84,spoofing_tampering
5,spoofing_tampering,high,20,UAV-013,69,88,spoofing_tampering
5,spoofing_tampering,high,20,UAV-013,74,92,spoofing_tampering
5,spoofing_tampering,high,20,UAV-013,80,99,spoofing_tampering
5,spoofing_tampering,high,20,UAV-013,85,104,spoofing_tampering
5,spoofing_tampering,high,20,UAV-013,89,110,spoofing_tampering
5,spoofing_tampering,high,20,UAV-013,93,113,spoofing_tampering
5,spoofing_tampering,high,20,UAV-013,100,118,spoofing_tampering
5,spoofing_tampering,high,20,UAV-013,106,125,spoofing_tampering
5,spoofing_tampering,high,20,UAV-013,110,128,spoofing_tampering
5,spoofing_tampering,high,20,UAV-013,114,133,spoofing_tampering
5,spoofing_tampering,high,20,UAV-013,120,138,spoofing_tampering
5,spoofing_tampering,high,20,UAV-013,125,144,spoofing_tampering
5,spoofing_tampering,high,20,UAV-013,129,148,spoofing_tampering
5,spoofing_tampering,high,20,UAV-013,134,152,spoofing_tampering
5,spoofing_tampering,high,20,UAV-013,139,155,spoofing_tampering
5,spoofing_tampering,high,20,UAV-013,145,161,spoofing_tampering
5,spoofing_tampering,high,20,UAV-013,149,166,spoofing_tampering
5,spoofing_tampering,high,20,UAV-013,153,172,spoofing_tampering
5,spoofing_tampering,high,20,UAV-013,156,180,spoofing_tampering
5,spoofing_tampering,high,20,UAV-013,162,184,spoofing_tampering
5,spoofing_tampering,high,20,UAV-013,167,189,spoofing_tampering
5,spoofing_tampering,high,20,UAV-013,173,194,normal
5,spoofing_tampering,high,20,UAV-013,181,199,normal
5,spoofing_tampering,high,20,UAV-013,185,204,normal
5,spoofing_tampering,high,20,UAV-013,190,209,normal
5,spoofing_tampering,high,20,UAV-013,195,214,normal
5,spoofing_tampering,high,20,UAV-013,200,219,normal
5,spoofing_tampering,high,20,UAV-013,205,224,normal
5,spoofing_tampering,high,20,UAV-013,210,229,normal
5,spoofing_tampering,high,20,UAV-013,215,234,normal
5,spoofing_tampering,high,20,UAV-013,220,239,normal
5,spoofing_tampering,high,30,UAV-028,0,19,normal
5,spoofing_tampering,high,30,UAV-028,5,24,normal
5,spoofing_tampering,high,30,UAV-028,10,29,normal
5,spoofing_tampering,high,30,UAV-028,15,34,normal
5,spoofing_tampering,high,30,UAV-028,20,39,normal
5,spoofing_tampering,high,30,UAV-028,25,44,normal
5,spoofing_tampering,high,30,UAV-028,30,49,normal
5,spoofing_tampering,high,30,UAV-028,35,54,normal
5,spoofing_tampering,high,30,UAV-028,40,59,normal
5,spoofing_tampering,high,30,UAV-028,45,63,normal
5,spoofing_tampering,high,30,UAV-028,50,69,spoofing_tampering
5,spoofing_tampering,high,30,UAV-028,55,75,spoofing_tampering
5,spoofing_tampering,high,30,UAV-028,59,80,spoofing_tampering
5,spoofing_tampering,high,30,UAV-028,65,84,spoofing_tampering
5,spoofing_tampering,high,30,UAV-028,70,89,spoofing_tampering
5,spoofing_tampering,high,30,UAV-028,76,94,spoofing_tampering
5,spoofing_tampering,high,30,UAV-028,81,98,spoofing_tampering
5,spoofing_tampering,high,30,UAV-028,85,106,spoofing_tampering
5,spoofing_tampering,high,30,UAV-028,90,113,spoofing_tampering
5,spoofing_tampering,high,30,UAV-028,95,116,spoofing_tampering
5,spoofing_tampering,high,30,UAV-028,100,121,spoofing_tampering
5,spoofing_tampering,high,30,UAV-028,107,125,spoofing_tampering
5,spoofing_tampering,high,30,UAV-028,113,129,spoofing_tampering
5,spoofing_tampering,high,30,UAV-028,117,133,spoofing_tampering
5,spoofing_tampering,high,30,UAV-028,122,139,spoofing_tampering
5,spoofing_tampering,high,30,UAV-028,126,144,spoofing_tampering
5,spoofing_tampering,high,30,UAV-028,130,150,spoofing_tampering
5,spoofing_tampering,high,30,UAV-028,134,154,spoofing_tampering
5,spoofing_tampering,high,30,UAV-028,140,159,spoofing_tampering
5,spoofing_tampering,high,30,UAV-028,145,163,spoofing_tampering
5,spoofing_tampering,high,30,UAV-028,151,169,spoofing_tampering
5,spoofing_tampering,high,30,UAV-028,155,175,spoofing_tampering
5,spoofing_tampering,high,30,UAV-028,160,179,spoofing_tampering
5,spoofing_tampering,high,30,UAV-028,164,184,spoofing_tampering
5,spoofing_tampering,high,30,UAV-028,171,189,spoofing_tampering
5,spoofing_tampering,high,30,UAV-028,176,194,spoofing_tampering
5,spoofing_tampering,high,30,UAV-028,180,199,normal
5,spoofing_tampering,high,30,UAV-028,185,204,normal
5,spoofing_tampering,high,30,UAV-028,190,209,normal
5,spoofing_tampering,high,30,UAV-028,195,214,normal
5,spoofing_tampering,high,30,UAV-028,200,219,normal
5,spoofing_tampering,high,30,UAV-028,205,224,normal
5,spoofing_tampering,high,30,UAV-028,210,229,normal
5,spoofing_tampering,high,30,UAV-028,215,234,normal
5,spoofing_tampering,high,30,UAV-028,220,239,normal
5,spoofing_tampering,low,10,UAV-004,0,19,normal
5,spoofing_tampering,low,10,UAV-004,5,24,normal
5,spoofing_tampering,low,10,UAV-004,10,29,normal
5,spoofing_tampering,low,10,UAV-004,15,34,normal
5,spoofing_tampering,low,10,UAV-004,20,39,normal
5,spoofing_tampering,low,10,UAV-004,25,44,normal
5,spoofing_tampering,low,10,UAV-004,30,49,normal
5,spoofing_tampering,low,10,UAV-004,35,54,normal
5,spoofing_tampering,low,10,UAV-004,40,59,normal
5,spoofing_tampering,low,10,UAV-004,45,64,normal
5,spoofing_tampering,low,10,UAV-004,50,68,normal
5,spoofing_tampering,low,10,UAV-004,55,74,normal
5,spoofing_tampering,low,10,UAV-004,60,79,normal
5,spoofing_tampering,low,10,UAV-004,65,84,normal
5,spoofing_tampering,low,10,UAV-004,69,89,normal
5,spoofing_tampering,low,10,UAV-004,75,93,spoofing_tampering
5,spoofing_tampering,low,10,UAV-004,80,98,spoofing_tampering
5,spoofing_tampering,low,10,UAV-004,85,103,spoofing_tampering
5,spoofing_tampering,low,10,UAV-004,90,109,spoofing_tampering
5,spoofing_tampering,low,10,UAV-004,93,115,spoofing_tampering
5,spoofing_tampering,low,10,UAV-004,99,120,spoofing_tampering
5,spoofing_tampering,low,10,UAV-004,104,123,spoofing_tampering
5,spoofing_tampering,low,10,UAV-004,110,128,spoofing_tampering
5,spoofing_tampering,low,10,UAV-004,115,133,spoofing_tampering
5,spoofing_tampering,low,10,UAV-004,121,139,spoofing_tampering
5,spoofing_tampering,low,10,UAV-004,125,144,spoofing_tampering
5,spoofing_tampering,low,10,UAV-004,129,150,spoofing_tampering
5,spoofing_tampering,low,10,UAV-004,134,154,spoofing_tampering
5,spoofing_tampering,low,10,UAV-004,140,159,spoofing_tampering
5,spoofing_tampering,low,10,UAV-004,145,164,normal
5,spoofing_tampering,low,10,UAV-004,151,168,normal
5,spoofing_tampering,low,10,UAV-004,155,174,spoofing_tampering
5,spoofing_tampering,low,10,UAV-004,160,179,spoofing_tampering
5,spoofing_tampering,low,10,UAV-004,165,184,spoofing_tampering
5,spoofing_tampering,low,10,UAV-004,169,189,normal
5,spoofing_tampering,low,10,UAV-004,175,194,normal
5,spoofing_tampering,low,10,UAV-004,180,199,normal
5,spoofing_tampering,low,10,UAV-004,185,204,normal
5,spoofing_tampering,low,10,UAV-004,190,209,normal
5,spoofing_tampering,low,10,UAV-004,195,214,normal
5,spoofing_tampering,low,10,UAV-004,200,219,normal
5,spoofing_tampering,low,10,UAV-004,205,224,normal
5,spoofing_tampering,low,10,UAV-004,210,229,normal
5,spoofing_tampering,low,10,UAV-004,215,234,normal
5,spoofing_tampering,low,10,UAV-004,220,239,normal
5,spoofing_tampering,low,20,UAV-003,0,19,normal
5,spoofing_tampering,low,20,UAV-003,5,24,normal
5,spoofing_tampering,low,20,UAV-003,10,29,normal
5,spoofing_tampering,low,20,UAV-003,15,34,normal
5,spoofing_tampering,low,20,UAV-003,20,39,normal
5,spoofing_tampering,low,20,UAV-003,25,44,normal
5,spoofing_tampering,low,20,UAV-003,30,49,normal
5,spoofing_tampering,low,20,UAV-003,35,53,normal
5,spoofing_tampering,low,20,UAV-003,40,57,normal
5,spoofing_tampering,low,20,UAV-003,45,62,normal
5,spoofing_tampering,low,20,UAV-003,50,68,normal
5,spoofing_tampering,low,20,UAV-003,54,72,normal
5,spoofing_tampering,low,20,UAV-003,58,80,spoofing_tampering
5,spoofing_tampering,low,20,UAV-003,65,85,spoofing_tampering
5,spoofing_tampering,low,20,UAV-003,69,89,spoofing_tampering
5,spoofing_tampering,low,20,UAV-003,73,94,spoofing_tampering
5,spoofing_tampering,low,20,UAV-003,81,99,spoofing_tampering
5,spoofing_tampering,low,20,UAV-003,86,105,spoofing_tampering
5,spoofing_tampering,low,20,UAV-003,90,109,normal
5,spoofing_tampering,low,20,UAV-003,95,114,normal
5,spoofing_tampering,low,20,UAV-003,100,119,normal
5,spoofing_tampering,low,20,UAV-003,106,123,normal
5,spoofing_tampering,low,20,UAV-003,110,129,normal
5,spoofing_tampering,low,20,UAV-003,115,135,normal
5,spoofing_tampering,low,20,UAV-003,120,139,normal
5,spoofing_tampering,low,20,UAV-003,125,144,normal
5,spoofing_tampering,low,20,UAV-003,130,149,normal
5,spoofing_tampering,low,20,UAV-003,136,154,spoofing_tampering
5,spoofing_tampering,low,20,UAV-003,140,159,spoofing_tampering
5,spoofing_tampering,low,20,UAV-003,145,163,spoofing_tampering
5,spoofing_tampering,low,20,UAV-003,149,169,spoofing_tampering
5,spoofing_tampering,low,20,UAV-003,155,173,spoofing_tampering
5,spoofing_tampering,low,20,UAV-003,160,179,normal
5,spoofing_tampering,low,20,UAV-003,165,184,normal
5,spoofing_tampering,low,20,UAV-003,169,189,normal
5,spoofing_tampering,low,20,UAV-003,174,194,normal
5,spoofing_tampering,low,20,UAV-003,180,199,normal
5,spoofing_tampering,low,20,UAV-003,185,204,normal
5,spoofing_tampering,low,20,UAV-003,190,209,normal
5,spoofing_tampering,low,20,UAV-003,195,214,normal
5,spoofing_tampering,low,20,UAV-003,200,219,normal
5,spoofing_tampering,low,20,UAV-003,205,224,normal
5,spoofing_tampering,low,20,UAV-003,210,229,normal
5,spoofing_tampering,low,20,UAV-003,215,234,normal
5,spoofing_tampering,low,20,UAV-003,220,239,normal
5,spoofing_tampering,low,30,UAV-025,0,19,normal
5,spoofing_tampering,low,30,UAV-025,5,24,normal
5,spoofing_tampering,low,30,UAV-025,10,29,normal
5,spoofing_tampering,low,30,UAV-025,15,34,normal
5,spoofing_tampering,low,30,UAV-025,20,39,normal
5,spoofing_tampering,low,30,UAV-025,25,44,normal
5,spoofing_tampering,low,30,UAV-025,30,49,normal
5,spoofing_tampering,low,30,UAV-025,35,54,normal
5,spoofing_tampering,low,30,UAV-025,40,58,normal
5,spoofing_tampering,low,30,UAV-025,45,63,normal
5,spoofing_tampering,low,30,UAV-025,50,67,normal
5,spoofing_tampering,low,30,UAV-025,55,73,spoofing_tampering
5,spoofing_tampering,low,30,UAV-025,59,77,spoofing_tampering
5,spoofing_tampering,low,30,UAV-025,64,83,spoofing_tampering
5,spoofing_tampering,low,30,UAV-025,69,88,spoofing_tampering
5,spoofing_tampering,low,30,UAV-025,73,92,spoofing_tampering
5,spoofing_tampering,low,30,UAV-025,78,98,spoofing_tampering
5,spoofing_tampering,low,30,UAV-025,84,104,spoofing_tampering
5,spoofing_tampering,low,30,UAV-025,89,110,spoofing_tampering
5,spoofing_tampering,low,30,UAV-025,93,115,spoofing_tampering
5,spoofing_tampering,low,30,UAV-025,100,120,normal
5,spoofing_tampering,low,30,UAV-025,105,124,spoofing_tampering
5,spoofing_tampering,low,30,UAV-025,111,129,normal
5,spoofing_tampering,low,30,UAV-025,116,134,normal
5,spoofing_tampering,low,30,UAV-025,121,139,normal
5,spoofing_tampering,low,30,UAV-025,125,144,normal
5,spoofing_tampering,low,30,UAV-025,130,148,spoofing_tampering
5,spoofing_tampering,low,30,UAV-025,135,154,spoofing_tampering
5,spoofing_tampering,low,30,UAV-025,140,159,spoofing_tampering
5,spoofing_tampering,low,30,UAV-025,144,164,spoofing_tampering
5,spoofing_tampering,low,30,UAV-025,149,168,normal
5,spoofing_tampering,low,30,UAV-025,155,174,normal
5,spoofing_tampering,low,30,UAV-025,160,179,spoofing_tampering
5,spoofing_tampering,low,30,UAV-025,165,184,spoofing_tampering
5,spoofing_tampering,low,30,UAV-025,169,189,spoofing_tampering
5,spoofing_tampering,low,30,UAV-025,175,194,normal
5,spoofing_tampering,low,30,UAV-025,180,199,normal
5,spoofing_tampering,low,30,UAV-025,185,204,normal
5,spoofing_tampering,low,30,UAV-025,190,209,normal
5,spoofing_tampering,low,30,UAV-025,195,214,normal
5,spoofing_tampering,low,30,UAV-025,200,219,normal
5,spoofing_tampering,low,30,UAV-025,205,224,normal
5,spoofing_tampering,low,30,UAV-025,210,229,normal
5,spoofing_tampering,low,30,UAV-025,215,234,normal
5,spoofing_tampering,low,30,UAV-025,220,239,normal
5,spoofing_tampering,medium,30,UAV-015,0,19,normal
5,spoofing_tampering,medium,30,UAV-015,5,24,normal
5,spoofing_tampering,medium,30,UAV-015,10,29,normal
5,spoofing_tampering,medium,30,UAV-015,15,34,normal
5,spoofing_tampering,medium,30,UAV-015,20,39,normal
5,spoofing_tampering,medium,30,UAV-015,25,44,normal
5,spoofing_tampering,medium,30,UAV-015,30,49,normal
5,spoofing_tampering,medium,30,UAV-015,35,54,normal
5,spoofing_tampering,medium,30,UAV-015,40,58,normal
5,spoofing_tampering,medium,30,UAV-015,45,62,normal
5,spoofing_tampering,medium,30,UAV-015,50,67,normal
5,spoofing_tampering,medium,30,UAV-015,55,75,spoofing_tampering
5,spoofing_tampering,medium,30,UAV-015,59,80,spoofing_tampering
5,spoofing_tampering,medium,30,UAV-015,63,84,spoofing_tampering
5,spoofing_tampering,medium,30,UAV-015,68,89,spoofing_tampering
5,spoofing_tampering,medium,30,UAV-015,76,95,spoofing_tampering
5,spoofing_tampering,medium,30,UAV-015,81,100,spoofing_tampering
5,spoofing_tampering,medium,30,UAV-015,84,105,spoofing_tampering
5,spoofing_tampering,medium,30,UAV-015,90,109,spoofing_tampering
5,spoofing_tampering,medium,30,UAV-015,96,113,spoofing_tampering
5,spoofing_tampering,medium,30,UAV-015,101,119,spoofing_tampering
5,spoofing_tampering,medium,30,UAV-015,105,124,spoofing_tampering
5,spoofing_tampering,medium,30,UAV-015,109,130,spoofing_tampering
5,spoofing_tampering,medium,30,UAV-015,114,136,spoofing_tampering
5,spoofing_tampering,medium,30,UAV-015,120,140,spoofing_tampering
5,spoofing_tampering,medium,30,UAV-015,125,144,spoofing_tampering
5,spoofing_tampering,medium,30,UAV-015,131,150,spoofing_tampering
5,spoofing_tampering,medium,30,UAV-015,137,154,spoofing_tampering
5,spoofing_tampering,medium,30,UAV-015,141,160,spoofing_tampering
5,spoofing_tampering,medium,30,UAV-015,145,164,spoofing_tampering
5,spoofing_tampering,medium,30,UAV-015,151,170,spoofing_tampering
5,spoofing_tampering,medium,30,UAV-015,155,175,spoofing_tampering
5,spoofing_tampering,medium,30,UAV-015,161,179,spoofing_tampering
5,spoofing_tampering,medium,30,UAV-015,166,184,spoofing_tampering
5,spoofing_tampering,medium,30,UAV-015,171,189,spoofing_tampering
5,spoofing_tampering,medium,30,UAV-015,176,194,normal
5,spoofing_tampering,medium,30,UAV-015,180,199,normal
5,spoofing_tampering,medium,30,UAV-015,185,204,normal
5,spoofing_tampering,medium,30,UAV-015,190,209,normal
5,spoofing_tampering,medium,30,UAV-015,195,214,normal
5,spoofing_tampering,medium,30,UAV-015,200,219,normal
5,spoofing_tampering,medium,30,UAV-015,205,224,normal
5,spoofing_tampering,medium,30,UAV-015,210,229,normal
5,spoofing_tampering,medium,30,UAV-015,215,234,normal
5,spoofing_tampering,medium,30,UAV-015,220,239,normal
5,tampering,high,10,UAV-004,0,19,normal
5,tampering,high,10,UAV-004,5,24,normal
5,tampering,high,10,UAV-004,10,29,normal
5,tampering,high,10,UAV-004,15,34,normal
5,tampering,high,10,UAV-004,20,39,normal
5,tampering,high,10,UAV-004,25,44,normal
5,tampering,high,10,UAV-004,30,49,normal
5,tampering,high,10,UAV-004,35,53,normal
5,tampering,high,10,UAV-004,40,57,normal
5,tampering,high,10,UAV-004,45,61,normal
5,tampering,high,10,UAV-004,50,66,tampering
5,tampering,high,10,UAV-004,54,71,tampering
5,tampering,high,10,UAV-004,58,78,tampering
5,tampering,high,10,UAV-004,63,84,tampering
5,tampering,high,10,UAV-004,66,90,tampering
5,tampering,high,10,UAV-004,72,95,tampering
5,tampering,high,10,UAV-004,79,100,tampering
5,tampering,high,10,UAV-004,85,105,tampering
5,tampering,high,10,UAV-004,91,110,tampering
5,tampering,high,10,UAV-004,96,116,tampering
5,tampering,high,10,UAV-004,101,120,tampering
5,tampering,high,10,UAV-004,106,125,tampering
5,tampering,high,10,UAV-004,112,130,tampering
5,tampering,high,10,UAV-004,117,134,tampering
5,tampering,high,10,UAV-004,121,138,tampering
5,tampering,high,10,UAV-004,126,142,tampering
5,tampering,high,10,UAV-004,131,147,tampering
5,tampering,high,10,UAV-004,135,153,tampering
5,tampering,high,10,UAV-004,139,161,tampering
5,tampering,high,10,UAV-004,143,166,tampering
5,tampering,high,10,UAV-004,148,171,tampering
5,tampering,high,10,UAV-004,155,175,tampering
5,tampering,high,10,UAV-004,162,180,tampering
5,tampering,high,10,UAV-004,167,185,tampering
5,tampering,high,10,UAV-004,172,190,tampering
5,tampering,high,10,UAV-004,176,194,tampering
5,tampering,high,10,UAV-004,181,199,normal
5,tampering,high,10,UAV-004,186,204,normal
5,tampering,high,10,UAV-004,190,209,normal
5,tampering,high,10,UAV-004,195,214,normal
5,tampering,high,10,UAV-004,200,219,normal
5,tampering,high,10,UAV-004,205,224,normal
5,tampering,high,10,UAV-004,210,229,normal
5,tampering,high,10,UAV-004,215,234,normal
5,tampering,high,10,UAV-004,220,239,normal
5,tampering,high,10,UAV-008,0,19,normal
5,tampering,high,10,UAV-008,5,24,normal
5,tampering,high,10,UAV-008,10,29,normal
5,tampering,high,10,UAV-008,15,34,normal
5,tampering,high,10,UAV-008,20,39,normal
5,tampering,high,10,UAV-008,25,44,normal
5,tampering,high,10,UAV-008,30,49,normal
5,tampering,high,10,UAV-008,35,54,normal
5,tampering,high,10,UAV-008,40,58,normal
5,tampering,high,10,UAV-008,45,65,normal
5,tampering,high,10,UAV-008,50,69,tampering
5,tampering,high,10,UAV-008,55,74,tampering
5,tampering,high,10,UAV-008,59,82,tampering
5,tampering,high,10,UAV-008,66,87,tampering
5,tampering,high,10,UAV-008,69,90,tampering
5,tampering,high,10,UAV-008,76,95,tampering
5,tampering,high,10,UAV-008,84,99,tampering
5,tampering,high,10,UAV-008,87,103,tampering
5,tampering,high,10,UAV-008,91,108,tampering
5,tampering,high,10,UAV-008,95,113,tampering
5,tampering,high,10,UAV-008,99,118,tampering
5,tampering,high,10,UAV-008,104,122,tampering
5,tampering,high,10,UAV-008,108,128,tampering
5,tampering,high,10,UAV-008,114,135,tampering
5,tampering,high,10,UAV-008,118,139,tampering
5,tampering,high,10,UAV-008,123,143,tampering
5,tampering,high,10,UAV-008,130,150,tampering
5,tampering,high,10,UAV-008,136,155,tampering
5,tampering,high,10,UAV-008,140,160,tampering
5,tampering,high,10,UAV-008,144,165,tampering
5,tampering,high,10,UAV-008,151,170,tampering
5,tampering,high,10,UAV-008,156,174,tampering
5,tampering,high,10,UAV-008,162,180,tampering
5,tampering,high,10,UAV-008,167,184,tampering
5,tampering,high,10,UAV-008,171,189,tampering
5,tampering,high,10,UAV-008,175,194,normal
5,tampering,high,10,UAV-008,181,199,normal
5,tampering,high,10,UAV-008,185,204,normal
5,tampering,high,10,UAV-008,190,209,normal
5,tampering,high,10,UAV-008,195,214,normal
5,tampering,high,10,UAV-008,200,219,normal
5,tampering,high,10,UAV-008,205,224,normal
5,tampering,high,10,UAV-008,210,229,normal
5,tampering,high,10,UAV-008,215,234,normal
5,tampering,high,10,UAV-008,220,239,normal
5,tampering,high,20,UAV-006,0,19,normal
5,tampering,high,20,UAV-006,5,24,normal
5,tampering,high,20,UAV-006,10,29,normal
5,tampering,high,20,UAV-006,15,34,normal
5,tampering,high,20,UAV-006,20,39,normal
5,tampering,high,20,UAV-006,25,44,normal
5,tampering,high,20,UAV-006,30,48,normal
5,tampering,high,20,UAV-006,35,53,normal
5,tampering,high,20,UAV-006,40,58,normal
5,tampering,high,20,UAV-006,45,63,normal
5,tampering,high,20,UAV-006,49,68,tampering
5,tampering,high,20,UAV-006,54,75,tampering
5,tampering,high,20,UAV-006,59,85,tampering
5,tampering,high,20,UAV-006,64,89,tampering
5,tampering,high,20,UAV-006,69,92,tampering
5,tampering,high,20,UAV-006,78,96,tampering
5,tampering,high,20,UAV-006,86,100,tampering
5,tampering,high,20,UAV-006,89,104,tampering
5,tampering,high,20,UAV-006,93,110,tampering
5,tampering,high,20,UAV-006,97,115,tampering
5,tampering,high,20,UAV-006,101,120,tampering
5,tampering,high,20,UAV-006,105,124,tampering
5,tampering,high,20,UAV-006,112,129,tampering
5,tampering,high,20,UAV-006,116,134,tampering
5,tampering,high,20,UAV-006,121,138,tampering
5,tampering,high,20,UAV-006,125,143,tampering
5,tampering,high,20,UAV-006,130,148,tampering
5,tampering,high,20,UAV-006,134,152,tampering
5,tampering,high,20,UAV-006,140,161,tampering
5,tampering,high,20,UAV-006,144,166,tampering
5,tampering,high,20,UAV-006,149,170,tampering
5,tampering,high,20,UAV-006,154,176,tampering
5,tampering,high,20,UAV-006,162,181,tampering
5,tampering,high,20,UAV-006,166,186,tampering
5,tampering,high,20,UAV-006,171,190,tampering
5,tampering,high,20,UAV-006,177,195,normal
5,tampering,high,20,UAV-006,182,199,normal
5,tampering,high,20,UAV-006,187,204,normal
5,tampering,high,20,UAV-006,191,209,normal
5,tampering,high,20,UAV-006,196,214,normal
5,tampering,high,20,UAV-006,200,219,normal
5,tampering,high,20,UAV-006,205,224,normal
5,tampering,high,20,UAV-006,210,229,normal
5,tampering,high,20,UAV-006,215,234,normal
5,tampering,high,20,UAV-006,220,239,normal
5,tampering,low,20,UAV-011,0,19,normal
5,tampering,low,20,UAV-011,5,24,normal
5,tampering,low,20,UAV-011,10,29,normal
5,tampering,low,20,UAV-011,15,34,normal
5,tampering,low,20,UAV-011,20,39,normal
5,tampering,low,20,UAV-011,25,44,normal
5,tampering,low,20,UAV-011,30,49,normal
5,tampering,low,20,UAV-011,35,54,normal
5,tampering,low,20,UAV-011,40,59,normal
5,tampering,low,20,UAV-011,45,63,normal
5,tampering,low,20,UAV-011,50,68,normal
5,tampering,low,20,UAV-011,55,74,normal
5,tampering,low,20,UAV-011,60,79,tampering
5,tampering,low,20,UAV-011,64,83,normal
5,tampering,low,20,UAV-011,69,88,tampering
5,tampering,low,20,UAV-011,75,94,normal
5,tampering,low,20,UAV-011,80,99,normal
5,tampering,low,20,UAV-011,84,104,tampering
5,tampering,low,20,UAV-011,89,108,tampering
5,tampering,low,20,UAV-011,96,115,tampering
5,tampering,low,20,UAV-011,100,119,tampering
5,tampering,low,20,UAV-011,105,122,tampering
5,tampering,low,20,UAV-011,109,128,tampering
5,tampering,low,20,UAV-011,116,133,tampering
5,tampering,low,20,UAV-011,119,139,tampering
5,tampering,low,20,UAV-011,123,144,tampering
5,tampering,low,20,UAV-011,129,148,tampering
5,tampering,low,20,UAV-011,134,153,tampering
5,tampering,low,20,UAV-011,140,158,tampering
5,tampering,low,20,UAV-011,145,164,tampering
5,tampering,low,20,UAV-011,149,168,tampering
5,tampering,low,20,UAV-011,154,174,tampering
5,tampering,low,20,UAV-011,160,179,tampering
5,tampering,low,20,UAV-011,165,184,tampering
5,tampering,low,20,UAV-011,169,189,normal
5,tampering,low,20,UAV-011,175,194,normal
5,tampering,low,20,UAV-011,180,199,normal
5,tampering,low,20,UAV-011,185,204,normal
5,tampering,low,20,UAV-011,190,209,normal
5,tampering,low,20,UAV-011,195,214,normal
5,tampering,low,20,UAV-011,200,219,normal
5,tampering,low,20,UAV-011,205,224,normal
5,tampering,low,20,UAV-011,210,229,normal
5,tampering,low,20,UAV-011,215,234,normal
5,tampering,low,20,UAV-011,220,239,normal
5,tampering,low,30,UAV-024,0,19,normal
5,tampering,low,30,UAV-024,5,24,normal
5,tampering,low,30,UAV-024,10,29,normal
5,tampering,low,30,UAV-024,15,34,normal
5,tampering,low,30,UAV-024,20,39,normal
5,tampering,low,30,UAV-024,25,44,normal
5,tampering,low,30,UAV-024,30,49,normal
5,tampering,low,30,UAV-024,35,54,normal
5,tampering,low,30,UAV-024,40,59,normal
5,tampering,low,30,UAV-024,45,64,normal
5,tampering,low,30,UAV-024,50,69,normal
5,tampering,low,30,UAV-024,55,75,normal
5,tampering,low,30,UAV-024,60,79,tampering
5,tampering,low,30,UAV-024,65,84,tampering
5,tampering,low,30,UAV-024,70,88,tampering
5,tampering,low,30,UAV-024,76,92,tampering
5,tampering,low,30,UAV-024,80,99,tampering
5,tampering,low,30,UAV-024,85,105,tampering
5,tampering,low,30,UAV-024,89,109,tampering
5,tampering,low,30,UAV-024,93,114,tampering
5,tampering,low,30,UAV-024,100,119,tampering
5,tampering,low,30,UAV-024,106,124,tampering
5,tampering,low,30,UAV-024,110,128,tampering
5,tampering,low,30,UAV-024,115,133,tampering
5,tampering,low,30,UAV-024,120,140,tampering
5,tampering,low,30,UAV-024,125,143,tampering
5,tampering,low,30,UAV-024,129,148,tampering
5,tampering,low,30,UAV-024,135,154,tampering
5,tampering,low,30,UAV-024,141,158,tampering
5,tampering,low,30,UAV-024,144,163,tampering
5,tampering,low,30,UAV-024,149,167,normal
5,tampering,low,30,UAV-024,155,175,tampering
5,tampering,low,30,UAV-024,159,179,tampering
5,tampering,low,30,UAV-024,164,184,tampering
5,tampering,low,30,UAV-024,170,189,normal
5,tampering,low,30,UAV-024,175,194,normal
5,tampering,low,30,UAV-024,180,199,normal
5,tampering,low,30,UAV-024,185,204,normal
5,tampering,low,30,UAV-024,190,209,normal
5,tampering,low,30,UAV-024,195,214,normal
5,tampering,low,30,UAV-024,200,219,normal
5,tampering,low,30,UAV-024,205,224,normal
5,tampering,low,30,UAV-024,210,229,normal
5,tampering,low,30,UAV-024,215,234,normal
5,tampering,low,30,UAV-024,220,239,normal
5,tampering,medium,10,UAV-001,0,19,normal
5,tampering,medium,10,UAV-001,5,24,normal
5,tampering,medium,10,UAV-001,10,29,normal
5,tampering,medium,10,UAV-001,15,34,normal
5,tampering,medium,10,UAV-001,20,39,normal
5,tampering,medium,10,UAV-001,25,44,normal
5,tampering,medium,10,UAV-001,30,49,normal
5,tampering,medium,10,UAV-001,35,54,normal
5,tampering,medium,10,UAV-001,40,58,normal
5,tampering,medium,10,UAV-001,45,62,normal
5,tampering,medium,10,UAV-001,50,70,tampering
5,tampering,medium,10,UAV-001,55,74,tampering
5,tampering,medium,10,UAV-001,58,79,tampering
5,tampering,medium,10,UAV-001,65,85,tampering
5,tampering,medium,10,UAV-001,71,90,tampering
5,tampering,medium,10,UAV-001,75,94,tampering
5,tampering,medium,10,UAV-001,80,98,tampering
5,tampering,medium,10,UAV-001,86,103,tampering
5,tampering,medium,10,UAV-001,91,108,tampering
5,tampering,medium,10,UAV-001,95,112,tampering
5,tampering,medium,10,UAV-001,99,119,tampering
5,tampering,medium,10,UAV-001,104,125,tampering
5,tampering,medium,10,UAV-001,109,131,tampering
5,tampering,medium,10,UAV-001,113,135,tampering
5,tampering,medium,10,UAV-001,120,140,tampering
5,tampering,medium,10,UAV-001,126,146,tampering
5,tampering,medium,10,UAV-001,132,149,tampering
5,tampering,medium,10,UAV-001,135,154,tampering
5,tampering,medium,10,UAV-001,142,158,tampering
5,tampering,medium,10,UAV-001,146,162,tampering
5,tampering,medium,10,UAV-001,150,168,tampering
5,tampering,medium,10,UAV-001,155,174,tampering
5,tampering,medium,10,UAV-001,159,179,tampering
5,tampering,medium,10,UAV-001,164,184,tampering
5,tampering,medium,10,UAV-001,170,189,tampering
5,tampering,medium,10,UAV-001,175,194,normal
5,tampering,medium,10,UAV-001,180,199,normal
5,tampering,medium,10,UAV-001,185,204,normal
5,tampering,medium,10,UAV-001,190,209,normal
5,tampering,medium,10,UAV-001,195,214,normal
5,tampering,medium,10,UAV-001,200,219,normal
5,tampering,medium,10,UAV-001,205,224,normal
5,tampering,medium,10,UAV-001,210,229,normal
5,tampering,medium,10,UAV-001,215,234,normal
5,tampering,medium,10,UAV-001,220,239,normal
5,tampering,medium,10,UAV-005,0,19,normal
5,tampering,medium,10,UAV-005,5,24,normal
5,tampering,medium,10,UAV-005,10,29,normal
5,tampering,medium,10,UAV-005,15,34,normal
5,tampering,medium,10,UAV-005,20,39,normal
5,tampering,medium,10,UAV-005,25,44,normal
5,tampering,medium,10,UAV-005,30,49,normal
5,tampering,medium,10,UAV-005,35,54,normal
5,tampering,medium,10,UAV-005,40,58,normal
5,tampering,medium,10,UAV-005,45,63,normal
5,tampering,medium,10,UAV-005,50,68,normal
5,tampering,medium,10,UAV-005,55,73,tampering
5,tampering,medium,10,UAV-005,59,79,tampering
5,tampering,medium,10,UAV-005,64,86,tampering
5,tampering,medium,10,UAV-005,69,91,tampering
5,tampering,medium,10,UAV-005,74,96,tampering
5,tampering,medium,10,UAV-005,80,100,tampering
5,tampering,medium,10,UAV-005,87,103,tampering
5,tampering,medium,10,UAV-005,93,109,tampering
5,tampering,medium,10,UAV-005,97,114,tampering
5,tampering,medium,10,UAV-005,100,119,tampering
5,tampering,medium,10,UAV-005,104,125,tampering
5,tampering,medium,10,UAV-005,110,130,tampering
5,tampering,medium,10,UAV-005,115,134,tampering
5,tampering,medium,10,UAV-005,120,139,tampering
5,tampering,medium,10,UAV-005,126,143,tampering
5,tampering,medium,10,UAV-005,130,148,tampering
5,tampering,medium,10,UAV-005,135,154,tampering
5,tampering,medium,10,UAV-005,140,159,tampering
5,tampering,medium,10,UAV-005,144,164,tampering
5,tampering,medium,10,UAV-005,149,169,tampering
5,tampering,medium,10,UAV-005,155,174,tampering
5,tampering,medium,10,UAV-005,160,179,tampering
5,tampering,medium,10,UAV-005,165,184,tampering
5,tampering,medium,10,UAV-005,170,189,tampering
5,tampering,medium,10,UAV-005,175,194,normal
5,tampering,medium,10,UAV-005,180,199,normal
5,tampering,medium,10,UAV-005,185,204,normal
5,tampering,medium,10,UAV-005,190,209,normal
5,tampering,medium,10,UAV-005,195,214,normal
5,tampering,medium,10,UAV-005,200,219,normal
5,tampering,medium,10,UAV-005,205,224,normal
5,tampering,medium,10,UAV-005,210,229,normal
5,tampering,medium,10,UAV-005,215,234,normal
5,tampering,medium,10,UAV-005,220,239,normal
5,tampering,medium,20,UAV-003,0,19,normal
5,tampering,medium,20,UAV-003,5,24,normal
5,tampering,medium,20,UAV-003,10,29,normal
5,tampering,medium,20,UAV-003,15,34,normal
5,tampering,medium,20,UAV-003,20,39,normal
5,tampering,medium,20,UAV-003,25,44,normal
5,tampering,medium,20,UAV-003,30,49,normal
5,tampering,medium,20,UAV-003,35,54,normal
5,tampering,medium,20,UAV-003,40,59,normal
5,tampering,medium,20,UAV-003,45,64,normal
5,tampering,medium,20,UAV-003,50,69,normal
5,tampering,medium,20,UAV-003,55,74,tampering
5,tampering,medium,20,UAV-003,60,79,tampering
5,tampering,medium,20,UAV-003,65,85,tampering
5,tampering,medium,20,UAV-003,70,89,tampering
5,tampering,medium,20,UAV-003,75,95,tampering
5,tampering,medium,20,UAV-003,79,100,tampering
5,tampering,medium,20,UAV-003,86,106,tampering
5,tampering,medium,20,UAV-003,90,108,tampering
5,tampering,medium,20,UAV-003,96,113,tampering
5,tampering,medium,20,UAV-003,102,117,tampering
5,tampering,medium,20,UAV-003,106,122,tampering
5,tampering,medium,20,UAV-003,109,128,tampering
5,tampering,medium,20,UAV-003,114,133,tampering
5,tampering,medium,20,UAV-003,118,138,tampering
5,tampering,medium,20,UAV-003,123,143,tampering
5,tampering,medium,20,UAV-003,129,148,tampering
5,tampering,medium,20,UAV-003,134,155,tampering
5,tampering,medium,20,UAV-003,139,159,tampering
5,tampering,medium,20,UAV-003,144,164,tampering
5,tampering,medium,20,UAV-003,150,170,tampering
5,tampering,medium,20,UAV-003,155,176,tampering
5,tampering,medium,20,UAV-003,160,181,tampering
5,tampering,medium,20,UAV-003,165,186,tampering
5,tampering,medium,20,UAV-003,172,190,normal
5,tampering,medium,20,UAV-003,177,194,normal
5,tampering,medium,20,UAV-003,182,199,normal
5,tampering,medium,20,UAV-003,187,204,normal
5,tampering,medium,20,UAV-003,191,209,normal
5,tampering,medium,20,UAV-003,195,214,normal
5,tampering,medium,20,UAV-003,200,219,normal
5,tampering,medium,20,UAV-003,205,224,normal
5,tampering,medium,20,UAV-003,210,229,normal
5,tampering,medium,20,UAV-003,215,234,normal
5,tampering,medium,20,UAV-003,220,239,normal
5,tampering,medium,20,UAV-015,0,19,normal
5,tampering,medium,20,UAV-015,5,24,normal
5,tampering,medium,20,UAV-015,10,29,normal
5,tampering,medium,20,UAV-015,15,34,normal
5,tampering,medium,20,UAV-015,20,39,normal
5,tampering,medium,20,UAV-015,25,44,normal
5,tampering,medium,20,UAV-015,30,49,normal
5,tampering,medium,20,UAV-015,35,54,normal
5,tampering,medium,20,UAV-015,40,59,normal
5,tampering,medium,20,UAV-015,45,64,normal
5,tampering,medium,20,UAV-015,50,68,normal
5,tampering,medium,20,UAV-015,55,74,tampering
5,tampering,medium,20,UAV-015,60,79,tampering
5,tampering,medium,20,UAV-015,65,85,tampering
5,tampering,medium,20,UAV-015,69,89,tampering
5,tampering,medium,20,UAV-015,75,95,tampering
5,tampering,medium,20,UAV-015,81,99,tampering
5,tampering,medium,20,UAV-015,86,103,tampering
5,tampering,medium,20,UAV-015,90,109,tampering
5,tampering,medium,20,UAV-015,96,113,tampering
5,tampering,medium,20,UAV-015,100,118,tampering
5,tampering,medium,20,UAV-015,104,123,tampering
5,tampering,medium,20,UAV-015,110,127,tampering
5,tampering,medium,20,UAV-015,114,134,tampering
5,tampering,medium,20,UAV-015,119,139,tampering
5,tampering,medium,20,UAV-015,124,144,tampering
5,tampering,medium,20,UAV-015,129,150,tampering
5,tampering,medium,20,UAV-015,135,154,tampering
5,tampering,medium,20,UAV-015,140,159,tampering
5,tampering,medium,20,UAV-015,145,164,tampering
5,tampering,medium,20,UAV-015,151,167,tampering
5,tampering,medium,20,UAV-015,155,174,tampering
5,tampering,medium,20,UAV-015,160,179,tampering
5,tampering,medium,20,UAV-015,164,184,tampering
5,tampering,medium,20,UAV-015,169,189,tampering
5,tampering,medium,20,UAV-015,175,194,normal
5,tampering,medium,20,UAV-015,180,199,normal
5,tampering,medium,20,UAV-015,185,204,normal
5,tampering,medium,20,UAV-015,190,209,normal
5,tampering,medium,20,UAV-015,195,214,normal
5,tampering,medium,20,UAV-015,200,219,normal
5,tampering,medium,20,UAV-015,205,224,normal
5,tampering,medium,20,UAV-015,210,229,normal
5,tampering,medium,20,UAV-015,215,234,normal
5,tampering,medium,20,UAV-015,220,239,normal
5,tampering,medium,30,UAV-026,0,19,normal
5,tampering,medium,30,UAV-026,5,24,normal
5,tampering,medium,30,UAV-026,10,29,normal
5,tampering,medium,30,UAV-026,15,34,normal
5,tampering,medium,30,UAV-026,20,39,normal
5,tampering,medium,30,UAV-026,25,44,normal
5,tampering,medium,30,UAV-026,30,48,normal
5,tampering,medium,30,UAV-026,35,53,normal
5,tampering,medium,30,UAV-026,40,58,normal
5,tampering,medium,30,UAV-026,45,64,normal
5,tampering,medium,30,UAV-026,49,71,normal
5,tampering,medium,30,UAV-026,54,76,tampering
5,tampering,medium,30,UAV-026,59,80,tampering
5,tampering,medium,30,UAV-026,66,84,tampering
5,tampering,medium,30,UAV-026,72,89,tampering
5,tampering,medium,30,UAV-026,77,93,tampering
5,tampering,medium,30,UAV-026,81,98,tampering
5,tampering,medium,30,UAV-026,85,102,tampering
5,tampering,medium,30,UAV-026,90,109,tampering
5,tampering,medium,30,UAV-026,93,114,tampering
5,tampering,medium,30,UAV-026,99,119,tampering
5,tampering,medium,30,UAV-026,105,124,tampering
5,tampering,medium,30,UAV-026,110,130,tampering
5,tampering,medium,30,UAV-026,115,135,tampering
5,tampering,medium,30,UAV-026,120,139,tampering
5,tampering,medium,30,UAV-026,125,144,tampering
5,tampering,medium,30,UAV-026,132,149,tampering
5,tampering,medium,30,UAV-026,136,155,tampering
5,tampering,medium,30,UAV-026,140,160,tampering
5,tampering,medium,30,UAV-026,145,163,tampering
5,tampering,medium,30,UAV-026,150,168,tampering
5,tampering,medium,30,UAV-026,155,176,tampering
5,tampering,medium,30,UAV-026,161,181,tampering
5,tampering,medium,30,UAV-026,164,185,tampering
5,tampering,medium,30,UAV-026,169,190,tampering
5,tampering,medium,30,UAV-026,177,195,normal
5,tampering,medium,30,UAV-026,182,199,normal
5,tampering,medium,30,UAV-026,186,204,normal
5,tampering,medium,30,UAV-026,191,209,normal
5,tampering,medium,30,UAV-026,196,214,normal
5,tampering,medium,30,UAV-026,200,219,normal
5,tampering,medium,30,UAV-026,205,224,normal
5,tampering,medium,30,UAV-026,210,229,normal
5,tampering,medium,30,UAV-026,215,234,normal
5,tampering,medium,30,UAV-026,220,239,normal
6,combined,high,20,UAV-019,0,19,normal
6,combined,high,20,UAV-019,5,24,normal
6,combined,high,20,UAV-019,10,29,normal
6,combined,high,20,UAV-019,15,34,normal
6,combined,high,20,UAV-019,20,39,normal
6,combined,high,20,UAV-019,25,44,normal
6,combined,high,20,UAV-019,30,49,normal
6,combined,high,20,UAV-019,35,53,normal
6,combined,high,20,UAV-019,40,57,normal
6,combined,high,20,UAV-019,45,63,normal
6,combined,high,20,UAV-019,50,68,combined
6,combined,high,20,UAV-019,53,76,combined
6,combined,high,20,UAV-019,58,80,combined
6,combined,high,20,UAV-019,65,83,combined
6,combined,high,20,UAV-019,70,89,combined
6,combined,high,20,UAV-019,77,93,combined
6,combined,high,20,UAV-019,81,98,combined
6,combined,high,20,UAV-019,86,103,combined
6,combined,high,20,UAV-019,89,110,combined
6,combined,high,20,UAV-019,94,117,combined
6,combined,high,20,UAV-019,100,121,combined
6,combined,high,20,UAV-019,104,126,combined
6,combined,high,20,UAV-019,111,131,combined
6,combined,high,20,UAV-019,117,136,combined
6,combined,high,20,UAV-019,122,140,combined
6,combined,high,20,UAV-019,127,146,combined
6,combined,high,20,UAV-019,132,149,combined
6,combined,high,20,UAV-019,136,155,combined
6,combined,high,20,UAV-019,141,159,combined
6,combined,high,20,UAV-019,147,166,combined
6,combined,high,20,UAV-019,150,171,combined
6,combined,high,20,UAV-019,156,176,combined
6,combined,high,20,UAV-019,161,181,combined
6,combined,high,20,UAV-019,167,186,combined
6,combined,high,20,UAV-019,172,191,combined
6,combined,high,20,UAV-019,177,195,normal
6,combined,high,20,UAV-019,182,199,normal
6,combined,high,20,UAV-019,187,204,normal
6,combined,high,20,UAV-019,192,209,normal
6,combined,high,20,UAV-019,196,214,normal
6,combined,high,20,UAV-019,200,219,normal
6,combined,high,20,UAV-019,205,224,normal
6,combined,high,20,UAV-019,210,229,normal
6,combined,high,20,UAV-019,215,234,normal
6,combined,high,20,UAV-019,220,239,normal
6,combined,high,30,UAV-022,0,19,normal
6,combined,high,30,UAV-022,5,24,normal
6,combined,high,30,UAV-022,10,29,normal
6,combined,high,30,UAV-022,15,34,normal
6,combined,high,30,UAV-022,20,39,normal
6,combined,high,30,UAV-022,25,43,normal
6,combined,high,30,UAV-022,30,46,normal
6,combined,high,30,UAV-022,35,51,normal
6,combined,high,30,UAV-022,40,56,normal
6,combined,high,30,UAV-022,43,60,normal
6,combined,high,30,UAV-022,47,69,normal
6,combined,high,30,UAV-022,52,74,combined
6,combined,high,30,UAV-022,56,78,combined
6,combined,high,30,UAV-022,61,85,combined
6,combined,high,30,UAV-022,70,89,combined
6,combined,high,30,UAV-022,76,93,combined
6,combined,high,30,UAV-022,80,97,combined
6,combined,high,30,UAV-022,86,102,combined
6,combined,high,30,UAV-022,90,108,combined
6,combined,high,30,UAV-022,94,113,combined
6,combined,high,30,UAV-022,98,119,combined
6,combined,high,30,UAV-022,103,125,combined
6,combined,high,30,UAV-022,109,130,combined
6,combined,high,30,UAV-022,114,135,combined
6,combined,high,30,UAV-022,120,139,combined
6,combined,high,30,UAV-022,126,143,combined
6,combined,high,30,UAV-022,131,148,combined
6,combined,high,30,UAV-022,135,155,combined
6,combined,high,30,UAV-022,139,160,combined
6,combined,high,30,UAV-022,144,164,combined
6,combined,high,30,UAV-022,151,167,combined
6,combined,high,30,UAV-022,156,174,combined
6,combined,high,30,UAV-022,161,179,combined
6,combined,high,30,UAV-022,165,185,combined
6,combined,high,30,UAV-022,168,189,combined
6,combined,high,30,UAV-022,174,194,normal
6,combined,high,30,UAV-022,181,199,normal
6,combined,high,30,UAV-022,186,204,normal
6,combined,high,30,UAV-022,190,209,normal
6,combined,high,30,UAV-022,195,214,normal
6,combined,high,30,UAV-022,200,219,normal
6,combined,high,30,UAV-022,205,224,normal
6,combined,high,30,UAV-022,210,229,normal
6,combined,high,30,UAV-022,215,234,normal
6,combined,high,30,UAV-022,220,239,normal
6,combined,low,30,UAV-024,0,19,normal
6,combined,low,30,UAV-024,5,24,normal
6,combined,low,30,UAV-024,10,29,normal
6,combined,low,30,UAV-024,15,34,normal
6,combined,low,30,UAV-024,20,39,normal
6,combined,low,30,UAV-024,25,44,normal
6,combined,low,30,UAV-024,30,49,normal
6,combined,low,30,UAV-024,35,54,normal
6,combined,low,30,UAV-024,40,59,normal
6,combined,low,30,UAV-024,45,65,normal
6,combined,low,30,UAV-024,50,68,combined
6,combined,low,30,UAV-024,55,73,combined
6,combined,low,30,UAV-024,61,78,combined
6,combined,low,30,UAV-024,66,85,combined
6,combined,low,30,UAV-024,69,90,combined
6,combined,low,30,UAV-024,73,94,combined
6,combined,low,30,UAV-024,79,99,combined
6,combined,low,30,UAV-024,86,105,normal
6,combined,low,30,UAV-024,91,109,combined
6,combined,low,30,UAV-024,95,113,combined
6,combined,low,30,UAV-024,100,119,combined
6,combined,low,30,UAV-024,106,124,combined
6,combined,low,30,UAV-024,109,129,combined
6,combined,low,30,UAV-024,114,134,combined
6,combined,low,30,UAV-024,120,139,combined
6,combined,low,30,UAV-024,125,143,combined
6,combined,low,30,UAV-024,130,149,combined
6,combined,low,30,UAV-024,135,153,combined
6,combined,low,30,UAV-024,140,159,combined
6,combined,low,30,UAV-024,144,164,combined
6,combined,low,30,UAV-024,150,169,combined
6,combined,low,30,UAV-024,154,174,combined
6,combined,low,30,UAV-024,160,180,normal
6,combined,low,30,UAV-024,165,184,normal
6,combined,low,30,UAV-024,170,189,normal
6,combined,low,30,UAV-024,175,194,normal
6,combined,low,30,UAV-024,181,199,normal
6,combined,low,30,UAV-024,185,204,normal
6,combined,low,30,UAV-024,190,209,normal
6,combined,low,30,UAV-024,195,214,normal
6,combined,low,30,UAV-024,200,219,normal
6,combined,low,30,UAV-024,205,224,normal
6,combined,low,30,UAV-024,210,229,normal
6,combined,low,30,UAV-024,215,234,normal
6,combined,low,30,UAV-024,220,239,normal
6,combined,medium,10,UAV-009,0,19,normal
6,combined,medium,10,UAV-009,5,24,normal
6,combined,medium,10,UAV-009,10,29,normal
6,combined,medium,10,UAV-009,15,34,normal
6,combined,medium,10,UAV-009,20,39,normal
6,combined,medium,10,UAV-009,25,44,normal
6,combined,medium,10,UAV-009,30,49,normal
6,combined,medium,10,UAV-009,35,54,normal
6,combined,medium,10,UAV-009,40,59,normal
6,combined,medium,10,UAV-009,45,64,normal
6,combined,medium,10,UAV-009,50,69,combined
6,combined,medium,10,UAV-009,55,75,combined
6,combined,medium,10,UAV-009,60,79,combined
6,combined,medium,10,UAV-009,65,85,combined
6,combined,medium,10,UAV-009,70,89,combined
6,combined,medium,10,UAV-009,75,94,combined
6,combined,medium,10,UAV-009,80,99,combined
6,combined,medium,10,UAV-009,85,103,combined
6,combined,medium,10,UAV-009,89,108,combined
6,combined,medium,10,UAV-009,94,113,combined
6,combined,medium,10,UAV-009,100,119,combined
6,combined,medium,10,UAV-009,105,124,combined
6,combined,medium,10,UAV-009,109,128,combined
6,combined,medium,10,UAV-009,115,133,combined
6,combined,medium,10,UAV-009,120,140,combined
6,combined,medium,10,UAV-009,125,145,combined
6,combined,medium,10,UAV-009,128,149,combined
6,combined,medium,10,UAV-009,134,154,combined
6,combined,medium,10,UAV-009,140,159,combined
6,combined,medium,10,UAV-009,146,164,combined
6,combined,medium,10,UAV-009,150,169,combined
6,combined,medium,10,UAV-009,155,174,combined
6,combined,medium,10,UAV-009,160,179,combined
6,combined,medium,10,UAV-009,165,184,combined
6,combined,medium,10,UAV-009,170,189,normal
6,combined,medium,10,UAV-009,175,194,normal
6,combined,medium,10,UAV-009,180,199,normal
6,combined,medium,10,UAV-009,185,204,normal
6,combined,medium,10,UAV-009,190,209,normal
6,combined,medium,10,UAV-009,195,214,normal
6,combined,medium,10,UAV-009,200,219,normal
6,combined,medium,10,UAV-009,205,224,normal
6,combined,medium,10,UAV-009,210,229,normal
6,combined,medium,10,UAV-009,215,234,normal
6,combined,medium,10,UAV-009,220,239,normal
6,combined,medium,20,UAV-014,0,19,normal
6,combined,medium,20,UAV-014,5,24,normal
6,combined,medium,20,UAV-014,10,29,normal
6,combined,medium,20,UAV-014,15,34,normal
6,combined,medium,20,UAV-014,20,39,normal
6,combined,medium,20,UAV-014,25,44,normal
6,combined,medium,20,UAV-014,30,49,normal
6,combined,medium,20,UAV-014,35,54,normal
6,combined,medium,20,UAV-014,40,59,normal
6,combined,medium,20,UAV-014,45,63,normal
6,combined,medium,20,UAV-014,50,68,combined
6,combined,medium,20,UAV-014,55,73,combined
6,combined,medium,20,UAV-014,59,79,combined
6,combined,medium,20,UAV-014,64,83,combined
6,combined,medium,20,UAV-014,69,88,combined
6,combined,medium,20,UAV-014,74,92,combined
6,combined,medium,20,UAV-014,80,99,combined
6,combined,medium,20,UAV-014,85,104,combined
6,combined,medium,20,UAV-014,89,109,combined
6,combined,medium,20,UAV-014,93,114,combined
6,combined,medium,20,UAV-014,100,118,combined
6,combined,medium,20,UAV-014,105,122,combined
6,combined,medium,20,UAV-014,110,128,combined
6,combined,medium,20,UAV-014,114,133,combined
6,combined,medium,20,UAV-014,119,138,combined
6,combined,medium,20,UAV-014,123,142,combined
6,combined,medium,20,UAV-014,130,146,combined
6,combined,medium,20,UAV-014,134,153,combined
6,combined,medium,20,UAV-014,138,158,combined
6,combined,medium,20,UAV-014,143,164,combined
6,combined,medium,20,UAV-014,147,169,combined
6,combined,medium,20,UAV-014,154,174,combined
6,combined,medium,20,UAV-014,159,180,combined
6,combined,medium,20,UAV-014,165,184,combined
6,combined,medium,20,UAV-014,171,189,combined
6,combined,medium,20,UAV-014,175,194,normal
6,combined,medium,20,UAV-014,181,199,normal
6,combined,medium,20,UAV-014,185,204,normal
6,combined,medium,20,UAV-014,190,209,normal
6,combined,medium,20,UAV-014,195,214,normal
6,combined,medium,20,UAV-014,200,219,normal
6,combined,medium,20,UAV-014,205,224,normal
6,combined,medium,20,UAV-014,210,229,normal
6,combined,medium,20,UAV-014,215,234,normal
6,combined,medium,20,UAV-014,220,239,normal
6,combined,medium,30,UAV-023,0,19,normal
6,combined,medium,30,UAV-023,5,24,normal
6,combined,medium,30,UAV-023,10,29,normal
6,combined,medium,30,UAV-023,15,34,normal
6,combined,medium,30,UAV-023,20,39,normal
6,combined,medium,30,UAV-023,25,44,normal
6,combined,medium,30,UAV-023,30,49,normal
6,combined,medium,30,UAV-023,35,51,normal
6,combined,medium,30,UAV-023,40,56,normal
6,combined,medium,30,UAV-023,45,61,normal
6,combined,medium,30,UAV-023,49,65,normal
6,combined,medium,30,UAV-023,52,73,normal
6,combined,medium,30,UAV-023,57,79,combined
6,combined,medium,30,UAV-023,63,84,combined
6,combined,medium,30,UAV-023,67,89,combined
6,combined,medium,30,UAV-023,74,94,combined
6,combined,medium,30,UAV-023,80,99,combined
6,combined,medium,30,UAV-023,85,104,combined
6,combined,medium,30,UAV-023,90,109,combined
6,combined,medium,30,UAV-023,95,113,combined
6,combined,medium,30,UAV-023,100,118,combined
6,combined,medium,30,UAV-023,105,124,combined
6,combined,medium,30,UAV-023,110,129,combined
6,combined,medium,30,UAV-023,114,132,combined
6,combined,medium,30,UAV-023,120,138,combined
6,combined,medium,30,UAV-023,125,144,combined
6,combined,medium,30,UAV-023,130,149,combined
6,combined,medium,30,UAV-023,133,154,combined
6,combined,medium,30,UAV-023,139,159,combined
6,combined,medium,30,UAV-023,145,162,combined
6,combined,medium,30,UAV-023,150,168,combined
6,combined,medium,30,UAV-023,155,173,combined
6,combined,medium,30,UAV-023,159,179,combined
6,combined,medium,30,UAV-023,163,184,combined
6,combined,medium,30,UAV-023,169,189,combined
6,combined,medium,30,UAV-023,174,194,normal
6,combined,medium,30,UAV-023,180,199,normal
6,combined,medium,30,UAV-023,185,204,normal
6,combined,medium,30,UAV-023,190,209,normal
6,combined,medium,30,UAV-023,195,214,normal
6,combined,medium,30,UAV-023,200,219,normal
6,combined,medium,30,UAV-023,205,224,normal
6,combined,medium,30,UAV-023,210,229,normal
6,combined,medium,30,UAV-023,215,234,normal
6,combined,medium,30,UAV-023,220,239,normal
6,jamming,high,30,UAV-018,0,19,normal
6,jamming,high,30,UAV-018,5,24,normal
6,jamming,high,30,UAV-018,10,29,normal
6,jamming,high,30,UAV-018,15,34,normal
6,jamming,high,30,UAV-018,20,39,normal
6,jamming,high,30,UAV-018,25,44,normal
6,jamming,high,30,UAV-018,30,49,normal
6,jamming,high,30,UAV-018,35,54,normal
6,jamming,high,30,UAV-018,40,59,normal
6,jamming,high,30,UAV-018,45,64,normal
6,jamming,high,30,UAV-018,50,69,jamming
6,jamming,high,30,UAV-018,55,74,jamming
6,jamming,high,30,UAV-018,60,79,jamming
6,jamming,high,30,UAV-018,65,84,jamming
6,jamming,high,30,UAV-018,70,89,jamming
6,jamming,high,30,UAV-018,75,94,jamming
6,jamming,high,30,UAV-018,80,99,jamming
6,jamming,high,30,UAV-018,85,104,jamming
6,jamming,high,30,UAV-018,90,109,jamming
6,jamming,high,30,UAV-018,95,114,jamming
6,jamming,high,30,UAV-018,100,119,jamming
6,jamming,high,30,UAV-018,105,124,jamming
6,jamming,high,30,UAV-018,110,129,jamming
6,jamming,high,30,UAV-018,115,134,jamming
6,jamming,high,30,UAV-018,120,139,jamming
6,jamming,high,30,UAV-018,125,144,jamming
6,jamming,high,30,UAV-018,130,149,jamming
6,jamming,high,30,UAV-018,135,154,jamming
6,jamming,high,30,UAV-018,140,159,jamming
6,jamming,high,30,UAV-018,145,164,jamming
6,jamming,high,30,UAV-018,150,169,jamming
6,jamming,high,30,UAV-018,155,174,jamming
6,jamming,high,30,UAV-018,160,179,jamming
6,jamming,high,30,UAV-018,165,184,jamming
6,jamming,high,30,UAV-018,170,189,jamming
6,jamming,high,30,UAV-018,175,194,normal
6,jamming,high,30,UAV-018,180,199,normal
6,jamming,high,30,UAV-018,185,204,normal
6,jamming,high,30,UAV-018,190,209,normal
6,jamming,high,30,UAV-018,195,214,normal
6,jamming,high,30,UAV-018,200,219,normal
6,jamming,high,30,UAV-018,205,224,normal
6,jamming,high,30,UAV-018,210,229,normal
6,jamming,high,30,UAV-018,215,234,normal
6,jamming,high,30,UAV-018,220,239,normal
6,jamming,low,20,UAV-002,0,19,normal
6,jamming,low,20,UAV-002,5,24,normal
6,jamming,low,20,UAV-002,10,29,normal
6,jamming,low,20,UAV-002,15,34,normal
6,jamming,low,20,UAV-002,20,39,normal
6,jamming,low,20,UAV-002,25,44,normal
6,jamming,low,20,UAV-002,30,49,normal
6,jamming,low,20,UAV-002,35,54,normal
6,jamming,low,20,UAV-002,40,59,normal
6,jamming,low,20,UAV-002,45,64,normal
6,jamming,low,20,UAV-002,50,69,normal
6,jamming,low,20,UAV-002,55,74,jamming
6,jamming,low,20,UAV-002,60,79,jamming
6,jamming,low,20,UAV-002,65,84,jamming
6,jamming,low,20,UAV-002,70,89,jamming
6,jamming,low,20,UAV-002,75,94,jamming
6,jamming,low,20,UAV-002,80,99,jamming
6,jamming,low,20,UAV-002,85,104,jamming
6,jamming,low,20,UAV-002,90,109,normal
6,jamming,low,20,UAV-002,95,114,normal
6,jamming,low,20,UAV-002,100,119,normal
6,jamming,low,20,UAV-002,105,124,normal
6,jamming,low,20,UAV-002,110,129,normal
6,jamming,low,20,UAV-002,115,134,normal
6,jamming,low,20,UAV-002,120,139,jamming
6,jamming,low,20,UAV-002,125,144,normal
6,jamming,low,20,UAV-002,130,149,normal
6,jamming,low,20,UAV-002,135,154,jamming
6,jamming,low,20,UAV-002,140,159,jamming
6,jamming,low,20,UAV-002,145,164,jamming
6,jamming,low,20,UAV-002,150,169,jamming
6,jamming,low,20,UAV-002,155,174,jamming
6,jamming,low,20,UAV-002,160,179,normal
6,jamming,low,20,UAV-002,165,184,normal
6,jamming,low,20,UAV-002,170,189,normal
6,jamming,low,20,UAV-002,175,194,normal
6,jamming,low,20,UAV-002,180,199,normal
6,jamming,low,20,UAV-002,185,204,normal
6,jamming,low,20,UAV-002,190,209,normal
6,jamming,low,20,UAV-002,195,214,normal
6,jamming,low,20,UAV-002,200,219,normal
6,jamming,low,20,UAV-002,205,224,normal
6,jamming,low,20,UAV-002,210,229,normal
6,jamming,low,20,UAV-002,215,234,normal
6,jamming,low,20,UAV-002,220,239,normal
6,jamming,low,20,UAV-008,0,19,normal
6,jamming,low,20,UAV-008,5,24,normal
6,jamming,low,20,UAV-008,10,29,normal
6,jamming,low,20,UAV-008,15,34,normal
6,jamming,low,20,UAV-008,20,39,normal
6,jamming,low,20,UAV-008,25,44,normal
6,jamming,low,20,UAV-008,30,49,normal
6,jamming,low,20,UAV-008,35,54,normal
6,jamming,low,20,UAV-008,40,59,normal
6,jamming,low,20,UAV-008,45,64,normal
6,jamming,low,20,UAV-008,50,69,normal
6,jamming,low,20,UAV-008,55,74,jamming
6,jamming,low,20,UAV-008,60,79,jamming
6,jamming,low,20,UAV-008,65,84,jamming
6,jamming,low,20,UAV-008,70,89,normal
6,jamming,low,20,UAV-008,75,94,normal
6,jamming,low,20,UAV-008,80,99,jamming
6,jamming,low,20,UAV-008,85,104,jamming
6,jamming,low,20,UAV-008,90,109,jamming
6,jamming,low,20,UAV-008,95,114,jamming
6,jamming,low,20,UAV-008,100,119,jamming
6,jamming,low,20,UAV-008,105,124,jamming
6,jamming,low,20,UAV-008,110,129,jamming
6,jamming,low,20,UAV-008,115,134,jamming
6,jamming,low,20,UAV-008,120,139,jamming
6,jamming,low,20,UAV-008,125,144,jamming
6,jamming,low,20,UAV-008,130,149,jamming
6,jamming,low,20,UAV-008,135,154,jamming
6,jamming,low,20,UAV-008,140,159,jamming
6,jamming,low,20,UAV-008,145,164,jamming
6,jamming,low,20,UAV-008,150,169,normal
6,jamming,low,20,UAV-008,155,174,jamming
6,jamming,low,20,UAV-008,160,179,jamming
6,jamming,low,20,UAV-008,165,184,jamming
6,jamming,low,20,UAV-008,170,189,jamming
6,jamming,low,20,UAV-008,175,194,normal
6,jamming,low,20,UAV-008,180,199,normal
6,jamming,low,20,UAV-008,185,204,normal
6,jamming,low,20,UAV-008,190,209,normal
6,jamming,low,20,UAV-008,195,214,normal
6,jamming,low,20,UAV-008,200,219,normal
6,jamming,low,20,UAV-008,205,224,normal
6,jamming,low,20,UAV-008,210,229,normal
6,jamming,low,20,UAV-008,215,234,normal
6,jamming,low,20,UAV-008,220,239,normal
6,jamming,low,20,UAV-011,0,19,normal
6,jamming,low,20,UAV-011,5,24,normal
6,jamming,low,20,UAV-011,10,29,normal
6,jamming,low,20,UAV-011,15,34,normal
6,jamming,low,20,UAV-011,20,39,normal
6,jamming,low,20,UAV-011,25,44,normal
6,jamming,low,20,UAV-011,30,49,normal
6,jamming,low,20,UAV-011,35,54,normal
6,jamming,low,20,UAV-011,40,59,normal
6,jamming,low,20,UAV-011,45,64,normal
6,jamming,low,20,UAV-011,50,69,normal
6,jamming,low,20,UAV-011,55,74,normal
6,jamming,low,20,UAV-011,60,79,normal
6,jamming,low,20,UAV-011,65,84,normal
6,jamming,low,20,UAV-011,70,89,jamming
6,jamming,low,20,UAV-011,75,94,jamming
6,jamming,low,20,UAV-011,80,99,jamming
6,jamming,low,20,UAV-011,85,104,jamming
6,jamming,low,20,UAV-011,90,109,normal
6,jamming,low,20,UAV-011,95,114,normal
6,jamming,low,20,UAV-011,100,119,normal
6,jamming,low,20,UAV-011,105,124,jamming
6,jamming,low,20,UAV-011,110,129,jamming
6,jamming,low,20,UAV-011,115,134,jamming
6,jamming,low,20,UAV-011,120,139,jamming
6,jamming,low,20,UAV-011,125,144,jamming
6,jamming,low,20,UAV-011,130,149,jamming
6,jamming,low,20,UAV-011,135,154,jamming
6,jamming,low,20,UAV-011,140,159,jamming
6,jamming,low,20,UAV-011,145,164,jamming
6,jamming,low,20,UAV-011,150,169,jamming
6,jamming,low,20,UAV-011,155,174,jamming
6,jamming,low,20,UAV-011,160,179,jamming
6,jamming,low,20,UAV-011,165,184,jamming
6,jamming,low,20,UAV-011,170,189,normal
6,jamming,low,20,UAV-011,175,194,normal
6,jamming,low,20,UAV-011,180,199,normal
6,jamming,low,20,UAV-011,185,204,normal
6,jamming,low,20,UAV-011,190,209,normal
6,jamming,low,20,UAV-011,195,214,normal
6,jamming,low,20,UAV-011,200,219,normal
6,jamming,low,20,UAV-011,205,224,normal
6,jamming,low,20,UAV-011,210,229,normal
6,jamming,low,20,UAV-011,215,234,normal
6,jamming,low,20,UAV-011,220,239,normal
6,jamming,low,30,UAV-005,0,19,normal
6,jamming,low,30,UAV-005,5,24,normal
6,jamming,low,30,UAV-005,10,29,normal
6,jamming,low,30,UAV-005,15,34,normal
6,jamming,low,30,UAV-005,20,39,normal
6,jamming,low,30,UAV-005,25,44,normal
6,jamming,low,30,UAV-005,30,49,normal
6,jamming,low,30,UAV-005,35,54,normal
6,jamming,low,30,UAV-005,40,59,normal
6,jamming,low,30,UAV-005,45,64,normal
6,jamming,low,30,UAV-005,50,69,jamming
6,jamming,low,30,UAV-005,55,74,jamming
6,jamming,low,30,UAV-005,60,79,jamming
6,jamming,low,30,UAV-005,65,84,jamming
6,jamming,low,30,UAV-005,70,89,jamming
6,jamming,low,30,UAV-005,75,94,jamming
6,jamming,low,30,UAV-005,80,99,jamming
6,jamming,low,30,UAV-005,85,104,jamming
6,jamming,low,30,UAV-005,90,109,normal
6,jamming,low,30,UAV-005,95,114,jamming
6,jamming,low,30,UAV-005,100,119,jamming
6,jamming,low,30,UAV-005,105,124,jamming
6,jamming,low,30,UAV-005,110,129,jamming
6,jamming,low,30,UAV-005,115,134,jamming
6,jamming,low,30,UAV-005,120,139,jamming
6,jamming,low,30,UAV-005,125,144,jamming
6,jamming,low,30,UAV-005,130,149,jamming
6,jamming,low,30,UAV-005,135,154,jamming
6,jamming,low,30,UAV-005,140,159,jamming
6,jamming,low,30,UAV-005,145,164,normal
6,jamming,low,30,UAV-005,150,169,normal
6,jamming,low,30,UAV-005,155,174,jamming
6,jamming,low,30,UAV-005,160,179,normal
6,jamming,low,30,UAV-005,165,184,normal
6,jamming,low,30,UAV-005,170,189,normal
6,jamming,low,30,UAV-005,175,194,normal
6,jamming,low,30,UAV-005,180,199,normal
6,jamming,low,30,UAV-005,185,204,normal
6,jamming,low,30,UAV-005,190,209,normal
6,jamming,low,30,UAV-005,195,214,normal
6,jamming,low,30,UAV-005,200,219,normal
6,jamming,low,30,UAV-005,205,224,normal
6,jamming,low,30,UAV-005,210,229,normal
6,jamming,low,30,UAV-005,215,234,normal
6,jamming,low,30,UAV-005,220,239,normal
6,jamming,low,30,UAV-021,0,19,normal
6,jamming,low,30,UAV-021,5,24,normal
6,jamming,low,30,UAV-021,10,29,normal
6,jamming,low,30,UAV-021,15,34,normal
6,jamming,low,30,UAV-021,20,39,normal
6,jamming,low,30,UAV-021,25,44,normal
6,jamming,low,30,UAV-021,30,49,normal
6,jamming,low,30,UAV-021,35,54,normal
6,jamming,low,30,UAV-021,40,59,normal
6,jamming,low,30,UAV-021,45,64,normal
6,jamming,low,30,UAV-021,50,69,normal
6,jamming,low,30,UAV-021,55,74,normal
6,jamming,low,30,UAV-021,60,79,normal
6,jamming,low,30,UAV-021,65,84,normal
6,jamming,low,30,UAV-021,70,89,normal
6,jamming,low,30,UAV-021,75,94,normal
6,jamming,low,30,UAV-021,80,99,normal
6,jamming,low,30,UAV-021,85,104,jamming
6,jamming,low,30,UAV-021,90,109,jamming
6,jamming,low,30,UAV-021,95,114,jamming
6,jamming,low,30,UAV-021,100,119,jamming
6,jamming,low,30,UAV-021,105,124,jamming
6,jamming,low,30,UAV-021,110,129,jamming
6,jamming,low,30,UAV-021,115,134,jamming
6,jamming,low,30,UAV-021,120,139,jamming
6,jamming,low,30,UAV-021,125,144,jamming
6,jamming,low,30,UAV-021,130,149,jamming
6,jamming,low,30,UAV-021,135,154,jamming
6,jamming,low,30,UAV-021,140,159,jamming
6,jamming,low,30,UAV-021,145,164,jamming
6,jamming,low,30,UAV-021,150,169,jamming
6,jamming,low,30,UAV-021,155,174,jamming
6,jamming,low,30,UAV-021,160,179,jamming
6,jamming,low,30,UAV-021,165,184,jamming
6,jamming,low,30,UAV-021,170,189,jamming
6,jamming,low,30,UAV-021,175,194,normal
6,jamming,low,30,UAV-021,180,199,normal
6,jamming,low,30,UAV-021,185,204,normal
6,jamming,low,30,UAV-021,190,209,normal
6,jamming,low,30,UAV-021,195,214,normal
6,jamming,low,30,UAV-021,200,219,normal
6,jamming,low,30,UAV-021,205,224,normal
6,jamming,low,30,UAV-021,210,229,normal
6,jamming,low,30,UAV-021,215,234,normal
6,jamming,low,30,UAV-021,220,239,normal
6,jamming,medium,20,UAV-006,0,19,normal
6,jamming,medium,20,UAV-006,5,24,normal
6,jamming,medium,20,UAV-006,10,29,normal
6,jamming,medium,20,UAV-006,15,34,normal
6,jamming,medium,20,UAV-006,20,39,normal
6,jamming,medium,20,UAV-006,25,44,normal
6,jamming,medium,20,UAV-006,30,49,normal
6,jamming,medium,20,UAV-006,35,54,normal
6,jamming,medium,20,UAV-006,40,59,normal
6,jamming,medium,20,UAV-006,45,64,normal
6,jamming,medium,20,UAV-006,50,69,jamming
6,jamming,medium,20,UAV-006,55,74,jamming
6,jamming,medium,20,UAV-006,60,79,jamming
6,jamming,medium,20,UAV-006,65,84,jamming
6,jamming,medium,20,UAV-006,70,89,jamming
6,jamming,medium,20,UAV-006,75,94,jamming
6,jamming,medium,20,UAV-006,80,99,jamming
6,jamming,medium,20,UAV-006,85,104,jamming
6,jamming,medium,20,UAV-006,90,109,jamming
6,jamming,medium,20,UAV-006,95,114,jamming
6,jamming,medium,20,UAV-006,100,119,jamming
6,jamming,medium,20,UAV-006,105,124,jamming
6,jamming,medium,20,UAV-006,110,129,jamming
6,jamming,medium,20,UAV-006,115,134,jamming
6,jamming,medium,20,UAV-006,120,139,jamming
6,jamming,medium,20,UAV-006,125,144,jamming
6,jamming,medium,20,UAV-006,130,149,jamming
6,jamming,medium,20,UAV-006,135,154,jamming
6,jamming,medium,20,UAV-006,140,159,jamming
6,jamming,medium,20,UAV-006,145,164,jamming
6,jamming,medium,20,UAV-006,150,169,jamming
6,jamming,medium,20,UAV-006,155,174,jamming
6,jamming,medium,20,UAV-006,160,179,jamming
6,jamming,medium,20,UAV-006,165,184,jamming
6,jamming,medium,20,UAV-006,170,189,jamming
6,jamming,medium,20,UAV-006,175,194,normal
6,jamming,medium,20,UAV-006,180,199,normal
6,jamming,medium,20,UAV-006,185,204,normal
6,jamming,medium,20,UAV-006,190,209,normal
6,jamming,medium,20,UAV-006,195,214,normal
6,jamming,medium,20,UAV-006,200,219,normal
6,jamming,medium,20,UAV-006,205,224,normal
6,jamming,medium,20,UAV-006,210,229,normal
6,jamming,medium,20,UAV-006,215,234,normal
6,jamming,medium,20,UAV-006,220,239,normal
6,jamming,medium,20,UAV-012,0,19,normal
6,jamming,medium,20,UAV-012,5,24,normal
6,jamming,medium,20,UAV-012,10,29,normal
6,jamming,medium,20,UAV-012,15,34,normal
6,jamming,medium,20,UAV-012,20,39,normal
6,jamming,medium,20,UAV-012,25,44,normal
6,jamming,medium,20,UAV-012,30,49,normal
6,jamming,medium,20,UAV-012,35,54,normal
6,jamming,medium,20,UAV-012,40,59,normal
6,jamming,medium,20,UAV-012,45,64,normal
6,jamming,medium,20,UAV-012,50,69,normal
6,jamming,medium,20,UAV-012,55,74,jamming
6,jamming,medium,20,UAV-012,60,79,jamming
6,jamming,medium,20,UAV-012,65,84,jamming
6,jamming,medium,20,UAV-012,70,89,jamming
6,jamming,medium,20,UAV-012,75,94,jamming
6,jamming,medium,20,UAV-012,80,99,jamming
6,jamming,medium,20,UAV-012,85,104,jamming
6,jamming,medium,20,UAV-012,90,109,jamming
6,jamming,medium,20,UAV-012,95,114,jamming
6,jamming,medium,20,UAV-012,100,119,jamming
6,jamming,medium,20,UAV-012,105,124,jamming
6,jamming,medium,20,UAV-012,110,129,jamming
6,jamming,medium,20,UAV-012,115,134,jamming
6,jamming,medium,20,UAV-012,120,139,jamming
6,jamming,medium,20,UAV-012,125,144,jamming
6,jamming,medium,20,UAV-012,130,149,jamming
6,jamming,medium,20,UAV-012,135,154,jamming
6,jamming,medium,20,UAV-012,140,159,jamming
6,jamming,medium,20,UAV-012,145,164,jamming
6,jamming,medium,20,UAV-012,150,169,jamming
6,jamming,medium,20,UAV-012,155,174,jamming
6,jamming,medium,20,UAV-012,160,179,jamming
6,jamming,medium,20,UAV-012,165,184,jamming
6,jamming,medium,20,UAV-012,170,189,jamming
6,jamming,medium,20,UAV-012,175,194,normal
6,jamming,medium,20,UAV-012,180,199,normal
6,jamming,medium,20,UAV-012,185,204,normal
6,jamming,medium,20,UAV-012,190,209,normal
6,jamming,medium,20,UAV-012,195,214,normal
6,jamming,medium,20,UAV-012,200,219,normal
6,jamming,medium,20,UAV-012,205,224,normal
6,jamming,medium,20,UAV-012,210,229,normal
6,jamming,medium,20,UAV-012,215,234,normal
6,jamming,medium,20,UAV-012,220,239,normal
6,jamming,medium,20,UAV-019,0,19,normal
6,jamming,medium,20,UAV-019,5,24,normal
6,jamming,medium,20,UAV-019,10,29,normal
6,jamming,medium,20,UAV-019,15,34,normal
6,jamming,medium,20,UAV-019,20,39,normal
6,jamming,medium,20,UAV-019,25,44,normal
6,jamming,medium,20,UAV-019,30,49,normal
6,jamming,medium,20,UAV-019,35,54,normal
6,jamming,medium,20,UAV-019,40,59,normal
6,jamming,medium,20,UAV-019,45,64,normal
6,jamming,medium,20,UAV-019,50,69,jamming
6,jamming,medium,20,UAV-019,55,74,jamming
6,jamming,medium,20,UAV-019,60,79,jamming
6,jamming,medium,20,UAV-019,65,84,jamming
6,jamming,medium,20,UAV-019,70,89,jamming
6,jamming,medium,20,UAV-019,75,94,jamming
6,jamming,medium,20,UAV-019,80,99,jamming
6,jamming,medium,20,UAV-019,85,104,jamming
6,jamming,medium,20,UAV-019,90,109,jamming
6,jamming,medium,20,UAV-019,95,114,jamming
6,jamming,medium,20,UAV-019,100,119,jamming
6,jamming,medium,20,UAV-019,105,124,jamming
6,jamming,medium,20,UAV-019,110,129,jamming
6,jamming,medium,20,UAV-019,115,134,jamming
6,jamming,medium,20,UAV-019,120,139,jamming
6,jamming,medium,20,UAV-019,125,144,jamming
6,jamming,medium,20,UAV-019,130,149,jamming
6,jamming,medium,20,UAV-019,135,154,jamming
6,jamming,medium,20,UAV-019,140,159,jamming
6,jamming,medium,20,UAV-019,145,164,jamming
6,jamming,medium,20,UAV-019,150,169,jamming
6,jamming,medium,20,UAV-019,155,174,jamming
6,jamming,medium,20,UAV-019,160,179,jamming
6,jamming,medium,20,UAV-019,165,184,jamming
6,jamming,medium,20,UAV-019,170,189,jamming
6,jamming,medium,20,UAV-019,175,194,normal
6,jamming,medium,20,UAV-019,180,199,normal
6,jamming,medium,20,UAV-019,185,204,normal
6,jamming,medium,20,UAV-019,190,209,normal
6,jamming,medium,20,UAV-019,195,214,normal
6,jamming,medium,20,UAV-019,200,219,normal
6,jamming,medium,20,UAV-019,205,224,normal
6,jamming,medium,20,UAV-019,210,229,normal
6,jamming,medium,20,UAV-019,215,234,normal
6,jamming,medium,20,UAV-019,220,239,normal
6,jamming_spoofing,high,20,UAV-001,0,19,normal
6,jamming_spoofing,high,20,UAV-001,5,24,normal
6,jamming_spoofing,high,20,UAV-001,10,29,normal
6,jamming_spoofing,high,20,UAV-001,15,34,normal
6,jamming_spoofing,high,20,UAV-001,20,39,normal
6,jamming_spoofing,high,20,UAV-001,25,44,normal
6,jamming_spoofing,high,20,UAV-001,30,49,normal
6,jamming_spoofing,high,20,UAV-001,35,54,normal
6,jamming_spoofing,high,20,UAV-001,40,59,normal
6,jamming_spoofing,high,20,UAV-001,45,64,normal
6,jamming_spoofing,high,20,UAV-001,50,69,jamming_spoofing
6,jamming_spoofing,high,20,UAV-001,55,74,jamming_spoofing
6,jamming_spoofing,high,20,UAV-001,60,79,jamming_spoofing
6,jamming_spoofing,high,20,UAV-001,65,84,jamming_spoofing
6,jamming_spoofing,high,20,UAV-001,70,89,jamming_spoofing
6,jamming_spoofing,high,20,UAV-001,75,94,jamming_spoofing
6,jamming_spoofing,high,20,UAV-001,80,99,jamming_spoofing
6,jamming_spoofing,high,20,UAV-001,85,104,jamming_spoofing
6,jamming_spoofing,high,20,UAV-001,90,109,jamming_spoofing
6,jamming_spoofing,high,20,UAV-001,95,114,jamming_spoofing
6,jamming_spoofing,high,20,UAV-001,100,119,jamming_spoofing
6,jamming_spoofing,high,20,UAV-001,105,124,jamming_spoofing
6,jamming_spoofing,high,20,UAV-001,110,129,jamming_spoofing
6,jamming_spoofing,high,20,UAV-001,115,134,jamming_spoofing
6,jamming_spoofing,high,20,UAV-001,120,139,jamming_spoofing
6,jamming_spoofing,high,20,UAV-001,125,144,jamming_spoofing
6,jamming_spoofing,high,20,UAV-001,130,149,jamming_spoofing
6,jamming_spoofing,high,20,UAV-001,135,154,jamming_spoofing
6,jamming_spoofing,high,20,UAV-001,140,159,jamming_spoofing
6,jamming_spoofing,high,20,UAV-001,145,164,jamming_spoofing
6,jamming_spoofing,high,20,UAV-001,150,169,jamming_spoofing
6,jamming_spoofing,high,20,UAV-001,155,174,jamming_spoofing
6,jamming_spoofing,high,20,UAV-001,160,179,jamming_spoofing
6,jamming_spoofing,high,20,UAV-001,165,184,jamming_spoofing
6,jamming_spoofing,high,20,UAV-001,170,189,jamming_spoofing
6,jamming_spoofing,high,20,UAV-001,175,194,normal
6,jamming_spoofing,high,20,UAV-001,180,199,normal
6,jamming_spoofing,high,20,UAV-001,185,204,normal
6,jamming_spoofing,high,20,UAV-001,190,209,normal
6,jamming_spoofing,high,20,UAV-001,195,214,normal
6,jamming_spoofing,high,20,UAV-001,200,219,normal
6,jamming_spoofing,high,20,UAV-001,205,224,normal
6,jamming_spoofing,high,20,UAV-001,210,229,normal
6,jamming_spoofing,high,20,UAV-001,215,234,normal
6,jamming_spoofing,high,20,UAV-001,220,239,normal
6,jamming_spoofing,high,30,UAV-009,0,19,normal
6,jamming_spoofing,high,30,UAV-009,5,24,normal
6,jamming_spoofing,high,30,UAV-009,10,29,normal
6,jamming_spoofing,high,30,UAV-009,15,34,normal
6,jamming_spoofing,high,30,UAV-009,20,39,normal
6,jamming_spoofing,high,30,UAV-009,25,44,normal
6,jamming_spoofing,high,30,UAV-009,30,49,normal
6,jamming_spoofing,high,30,UAV-009,35,54,normal
6,jamming_spoofing,high,30,UAV-009,40,59,normal
6,jamming_spoofing,high,30,UAV-009,45,64,normal
6,jamming_spoofing,high,30,UAV-009,50,69,jamming_spoofing
6,jamming_spoofing,high,30,UAV-009,55,74,jamming_spoofing
6,jamming_spoofing,high,30,UAV-009,60,79,jamming_spoofing
6,jamming_spoofing,high,30,UAV-009,65,84,jamming_spoofing
6,jamming_spoofing,high,30,UAV-009,70,89,jamming_spoofing
6,jamming_spoofing,high,30,UAV-009,75,94,jamming_spoofing
6,jamming_spoofing,high,30,UAV-009,80,99,jamming_spoofing
6,jamming_spoofing,high,30,UAV-009,85,104,jamming_spoofing
6,jamming_spoofing,high,30,UAV-009,90,109,jamming_spoofing
6,jamming_spoofing,high,30,UAV-009,95,114,jamming_spoofing
6,jamming_spoofing,high,30,UAV-009,100,119,jamming_spoofing
6,jamming_spoofing,high,30,UAV-009,105,124,jamming_spoofing
6,jamming_spoofing,high,30,UAV-009,110,129,jamming_spoofing
6,jamming_spoofing,high,30,UAV-009,115,134,jamming_spoofing
6,jamming_spoofing,high,30,UAV-009,120,139,jamming_spoofing
6,jamming_spoofing,high,30,UAV-009,125,144,jamming_spoofing
6,jamming_spoofing,high,30,UAV-009,130,149,jamming_spoofing
6,jamming_spoofing,high,30,UAV-009,135,154,jamming_spoofing
6,jamming_spoofing,high,30,UAV-009,140,159,jamming_spoofing
6,jamming_spoofing,high,30,UAV-009,145,164,jamming_spoofing
6,jamming_spoofing,high,30,UAV-009,150,169,jamming_spoofing
6,jamming_spoofing,high,30,UAV-009,155,174,jamming_spoofing
6,jamming_spoofing,high,30,UAV-009,160,179,jamming_spoofing
6,jamming_spoofing,high,30,UAV-009,165,184,jamming_spoofing
6,jamming_spoofing,high,30,UAV-009,170,189,jamming_spoofing
6,jamming_spoofing,high,30,UAV-009,175,194,normal
6,jamming_spoofing,high,30,UAV-009,180,199,normal
6,jamming_spoofing,high,30,UAV-009,185,204,normal
6,jamming_spoofing,high,30,UAV-009,190,209,normal
6,jamming_spoofing,high,30,UAV-009,195,214,normal
6,jamming_spoofing,high,30,UAV-009,200,219,normal
6,jamming_spoofing,high,30,UAV-009,205,224,normal
6,jamming_spoofing,high,30,UAV-009,210,229,normal
6,jamming_spoofing,high,30,UAV-009,215,234,normal
6,jamming_spoofing,high,30,UAV-009,220,239,normal
6,jamming_spoofing,high,30,UAV-020,0,19,normal
6,jamming_spoofing,high,30,UAV-020,5,24,normal
6,jamming_spoofing,high,30,UAV-020,10,29,normal
6,jamming_spoofing,high,30,UAV-020,15,34,normal
6,jamming_spoofing,high,30,UAV-020,20,39,normal
6,jamming_spoofing,high,30,UAV-020,25,44,normal
6,jamming_spoofing,high,30,UAV-020,30,49,normal
6,jamming_spoofing,high,30,UAV-020,35,54,normal
6,jamming_spoofing,high,30,UAV-020,40,59,normal
6,jamming_spoofing,high,30,UAV-020,45,64,normal
6,jamming_spoofing,high,30,UAV-020,50,69,normal
6,jamming_spoofing,high,30,UAV-020,55,74,jamming_spoofing
6,jamming_spoofing,high,30,UAV-020,60,79,jamming_spoofing
6,jamming_spoofing,high,30,UAV-020,65,84,jamming_spoofing
6,jamming_spoofing,high,30,UAV-020,70,89,jamming_spoofing
6,jamming_spoofing,high,30,UAV-020,75,94,jamming_spoofing
6,jamming_spoofing,high,30,UAV-020,80,99,jamming_spoofing
6,jamming_spoofing,high,30,UAV-020,85,104,jamming_spoofing
6,jamming_spoofing,high,30,UAV-020,90,109,jamming_spoofing
6,jamming_spoofing,high,30,UAV-020,95,114,jamming_spoofing
6,jamming_spoofing,high,30,UAV-020,100,119,jamming_spoofing
6,jamming_spoofing,high,30,UAV-020,105,124,jamming_spoofing
6,jamming_spoofing,high,30,UAV-020,110,129,jamming_spoofing
6,jamming_spoofing,high,30,UAV-020,115,134,jamming_spoofing
6,jamming_spoofing,high,30,UAV-020,120,139,jamming_spoofing
6,jamming_spoofing,high,30,UAV-020,125,144,jamming_spoofing
6,jamming_spoofing,high,30,UAV-020,130,149,jamming_spoofing
6,jamming_spoofing,high,30,UAV-020,135,154,jamming_spoofing
6,jamming_spoofing,high,30,UAV-020,140,159,jamming_spoofing
6,jamming_spoofing,high,30,UAV-020,145,164,jamming_spoofing
6,jamming_spoofing,high,30,UAV-020,150,169,jamming_spoofing
6,jamming_spoofing,high,30,UAV-020,155,174,jamming_spoofing
6,jamming_spoofing,high,30,UAV-020,160,179,jamming_spoofing
6,jamming_spoofing,high,30,UAV-020,165,184,jamming_spoofing
6,jamming_spoofing,high,30,UAV-020,170,189,jamming_spoofing
6,jamming_spoofing,high,30,UAV-020,175,194,jamming_spoofing
6,jamming_spoofing,high,30,UAV-020,180,199,normal
6,jamming_spoofing,high,30,UAV-020,185,204,normal
6,jamming_spoofing,high,30,UAV-020,190,209,normal
6,jamming_spoofing,high,30,UAV-020,195,214,normal
6,jamming_spoofing,high,30,UAV-020,200,219,normal
6,jamming_spoofing,high,30,UAV-020,205,224,normal
6,jamming_spoofing,high,30,UAV-020,210,229,normal
6,jamming_spoofing,high,30,UAV-020,215,234,normal
6,jamming_spoofing,high,30,UAV-020,220,239,normal
6,jamming_spoofing,low,30,UAV-022,0,19,normal
6,jamming_spoofing,low,30,UAV-022,5,24,normal
6,jamming_spoofing,low,30,UAV-022,10,29,normal
6,jamming_spoofing,low,30,UAV-022,15,34,normal
6,jamming_spoofing,low,30,UAV-022,20,39,normal
6,jamming_spoofing,low,30,UAV-022,25,44,normal
6,jamming_spoofing,low,30,UAV-022,30,49,normal
6,jamming_spoofing,low,30,UAV-022,35,54,normal
6,jamming_spoofing,low,30,UAV-022,40,59,normal
6,jamming_spoofing,low,30,UAV-022,45,64,normal
6,jamming_spoofing,low,30,UAV-022,50,69,normal
6,jamming_spoofing,low,30,UAV-022,55,74,normal
6,jamming_spoofing,low,30,UAV-022,60,79,jamming_spoofing
6,jamming_spoofing,low,30,UAV-022,65,84,jamming_spoofing
6,jamming_spoofing,low,30,UAV-022,70,89,jamming_spoofing
6,jamming_spoofing,low,30,UAV-022,75,94,jamming_spoofing
6,jamming_spoofing,low,30,UAV-022,80,99,jamming_spoofing
6,jamming_spoofing,low,30,UAV-022,85,104,jamming_spoofing
6,jamming_spoofing,low,30,UAV-022,90,109,jamming_spoofing
6,jamming_spoofing,low,30,UAV-022,95,114,jamming_spoofing
6,jamming_spoofing,low,30,UAV-022,100,119,jamming_spoofing
6,jamming_spoofing,low,30,UAV-022,105,124,jamming_spoofing
6,jamming_spoofing,low,30,UAV-022,110,129,jamming_spoofing
6,jamming_spoofing,low,30,UAV-022,115,134,jamming_spoofing
6,jamming_spoofing,low,30,UAV-022,120,139,jamming_spoofing
6,jamming_spoofing,low,30,UAV-022,125,144,jamming_spoofing
6,jamming_spoofing,low,30,UAV-022,130,149,jamming_spoofing
6,jamming_spoofing,low,30,UAV-022,135,154,jamming_spoofing
6,jamming_spoofing,low,30,UAV-022,140,159,jamming_spoofing
6,jamming_spoofing,low,30,UAV-022,145,164,jamming_spoofing
6,jamming_spoofing,low,30,UAV-022,150,169,normal
6,jamming_spoofing,low,30,UAV-022,155,174,jamming_spoofing
6,jamming_spoofing,low,30,UAV-022,160,179,jamming_spoofing
6,jamming_spoofing,low,30,UAV-022,165,184,normal
6,jamming_spoofing,low,30,UAV-022,170,189,normal
6,jamming_spoofing,low,30,UAV-022,175,194,normal
6,jamming_spoofing,low,30,UAV-022,180,199,normal
6,jamming_spoofing,low,30,UAV-022,185,204,normal
6,jamming_spoofing,low,30,UAV-022,190,209,normal
6,jamming_spoofing,low,30,UAV-022,195,214,normal
6,jamming_spoofing,low,30,UAV-022,200,219,normal
6,jamming_spoofing,low,30,UAV-022,205,224,normal
6,jamming_spoofing,low,30,UAV-022,210,229,normal
6,jamming_spoofing,low,30,UAV-022,215,234,normal
6,jamming_spoofing,low,30,UAV-022,220,239,normal
6,jamming_spoofing,low,30,UAV-025,0,19,normal
6,jamming_spoofing,low,30,UAV-025,5,24,normal
6,jamming_spoofing,low,30,UAV-025,10,29,normal
6,jamming_spoofing,low,30,UAV-025,15,34,normal
6,jamming_spoofing,low,30,UAV-025,20,39,normal
6,jamming_spoofing,low,30,UAV-025,25,44,normal
6,jamming_spoofing,low,30,UAV-025,30,49,normal
6,jamming_spoofing,low,30,UAV-025,35,54,normal
6,jamming_spoofing,low,30,UAV-025,40,59,normal
6,jamming_spoofing,low,30,UAV-025,45,64,normal
6,jamming_spoofing,low,30,UAV-025,50,69,normal
6,jamming_spoofing,low,30,UAV-025,55,74,jamming_spoofing
6,jamming_spoofing,low,30,UAV-025,60,79,jamming_spoofing
6,jamming_spoofing,low,30,UAV-025,65,84,jamming_spoofing
6,jamming_spoofing,low,30,UAV-025,70,89,jamming_spoofing
6,jamming_spoofing,low,30,UAV-025,75,94,normal
6,jamming_spoofing,low,30,UAV-025,80,99,jamming_spoofing
6,jamming_spoofing,low,30,UAV-025,85,104,normal
6,jamming_spoofing,low,30,UAV-025,90,109,jamming_spoofing
6,jamming_spoofing,low,30,UAV-025,95,114,jamming_spoofing
6,jamming_spoofing,low,30,UAV-025,100,119,jamming_spoofing
6,jamming_spoofing,low,30,UAV-025,105,124,jamming_spoofing
6,jamming_spoofing,low,30,UAV-025,110,129,jamming_spoofing
6,jamming_spoofing,low,30,UAV-025,115,134,jamming_spoofing
6,jamming_spoofing,low,30,UAV-025,120,139,jamming_spoofing
6,jamming_spoofing,low,30,UAV-025,125,144,jamming_spoofing
6,jamming_spoofing,low,30,UAV-025,130,149,jamming_spoofing
6,jamming_spoofing,low,30,UAV-025,135,154,jamming_spoofing
6,jamming_spoofing,low,30,UAV-025,140,159,jamming_spoofing
6,jamming_spoofing,low,30,UAV-025,145,164,jamming_spoofing
6,jamming_spoofing,low,30,UAV-025,150,169,jamming_spoofing
6,jamming_spoofing,low,30,UAV-025,155,174,jamming_spoofing
6,jamming_spoofing,low,30,UAV-025,160,179,jamming_spoofing
6,jamming_spoofing,low,30,UAV-025,165,184,normal
6,jamming_spoofing,low,30,UAV-025,170,189,normal
6,jamming_spoofing,low,30,UAV-025,175,194,normal
6,jamming_spoofing,low,30,UAV-025,180,199,normal
6,jamming_spoofing,low,30,UAV-025,185,204,normal
6,jamming_spoofing,low,30,UAV-025,190,209,normal
6,jamming_spoofing,low,30,UAV-025,195,214,normal
6,jamming_spoofing,low,30,UAV-025,200,219,normal
6,jamming_spoofing,low,30,UAV-025,205,224,normal
6,jamming_spoofing,low,30,UAV-025,210,229,normal
6,jamming_spoofing,low,30,UAV-025,215,234,normal
6,jamming_spoofing,low,30,UAV-025,220,239,normal
6,jamming_spoofing,medium,20,UAV-006,0,19,normal
6,jamming_spoofing,medium,20,UAV-006,5,24,normal
6,jamming_spoofing,medium,20,UAV-006,10,29,normal
6,jamming_spoofing,medium,20,UAV-006,15,34,normal
6,jamming_spoofing,medium,20,UAV-006,20,39,normal
6,jamming_spoofing,medium,20,UAV-006,25,44,normal
6,jamming_spoofing,medium,20,UAV-006,30,49,normal
6,jamming_spoofing,medium,20,UAV-006,35,54,normal
6,jamming_spoofing,medium,20,UAV-006,40,59,normal
6,jamming_spoofing,medium,20,UAV-006,45,64,normal
6,jamming_spoofing,medium,20,UAV-006,50,69,normal
6,jamming_spoofing,medium,20,UAV-006,55,74,jamming_spoofing
6,jamming_spoofing,medium,20,UAV-006,60,79,jamming_spoofing
6,jamming_spoofing,medium,20,UAV-006,65,84,jamming_spoofing
6,jamming_spoofing,medium,20,UAV-006,70,89,jamming_spoofing
6,jamming_spoofing,medium,20,UAV-006,75,94,jamming_spoofing
6,jamming_spoofing,medium,20,UAV-006,80,99,jamming_spoofing
6,jamming_spoofing,medium,20,UAV-006,85,104,jamming_spoofing
6,jamming_spoofing,medium,20,UAV-006,90,109,jamming_spoofing
6,jamming_spoofing,medium,20,UAV-006,95,114,jamming_spoofing
6,jamming_spoofing,medium,20,UAV-006,100,119,jamming_spoofing
6,jamming_spoofing,medium,20,UAV-006,105,124,jamming_spoofing
6,jamming_spoofing,medium,20,UAV-006,110,129,jamming_spoofing
6,jamming_spoofing,medium,20,UAV-006,115,134,jamming_spoofing
6,jamming_spoofing,medium,20,UAV-006,120,139,jamming_spoofing
6,jamming_spoofing,medium,20,UAV-006,125,144,jamming_spoofing
6,jamming_spoofing,medium,20,UAV-006,130,149,jamming_spoofing
6,jamming_spoofing,medium,20,UAV-006,135,154,jamming_spoofing
6,jamming_spoofing,medium,20,UAV-006,140,159,jamming_spoofing
6,jamming_spoofing,medium,20,UAV-006,145,164,jamming_spoofing
6,jamming_spoofing,medium,20,UAV-006,150,169,jamming_spoofing
6,jamming_spoofing,medium,20,UAV-006,155,174,jamming_spoofing
6,jamming_spoofing,medium,20,UAV-006,160,179,jamming_spoofing
6,jamming_spoofing,medium,20,UAV-006,165,184,jamming_spoofing
6,jamming_spoofing,medium,20,UAV-006,170,189,jamming_spoofing
6,jamming_spoofing,medium,20,UAV-006,175,194,normal
6,jamming_spoofing,medium,20,UAV-006,180,199,normal
6,jamming_spoofing,medium,20,UAV-006,185,204,normal
6,jamming_spoofing,medium,20,UAV-006,190,209,normal
6,jamming_spoofing,medium,20,UAV-006,195,214,normal
6,jamming_spoofing,medium,20,UAV-006,200,219,normal
6,jamming_spoofing,medium,20,UAV-006,205,224,normal
6,jamming_spoofing,medium,20,UAV-006,210,229,normal
6,jamming_spoofing,medium,20,UAV-006,215,234,normal
6,jamming_spoofing,medium,20,UAV-006,220,239,normal
6,jamming_spoofing,medium,20,UAV-010,0,19,normal
6,jamming_spoofing,medium,20,UAV-010,5,24,normal
6,jamming_spoofing,medium,20,UAV-010,10,29,normal
6,jamming_spoofing,medium,20,UAV-010,15,34,normal
6,jamming_spoofing,medium,20,UAV-010,20,39,normal
6,jamming_spoofing,medium,20,UAV-010,25,44,normal
6,jamming_spoofing,medium,20,UAV-010,30,49,normal
6,jamming_spoofing,medium,20,UAV-010,35,54,normal
6,jamming_spoofing,medium,20,UAV-010,40,59,normal
6,jamming_spoofing,medium,20,UAV-010,45,64,normal
6,jamming_spoofing,medium,20,UAV-010,50,69,jamming_spoofing
6,jamming_spoofing,medium,20,UAV-010,55,74,jamming_spoofing
6,jamming_spoofing,medium,20,UAV-010,60,79,jamming_spoofing
6,jamming_spoofing,medium,20,UAV-010,65,84,jamming_spoofing
6,jamming_spoofing,medium,20,UAV-010,70,89,jamming_spoofing
6,jamming_spoofing,medium,20,UAV-010,75,94,jamming_spoofing
6,jamming_spoofing,medium,20,UAV-010,80,99,normal
6,jamming_spoofing,medium,20,UAV-010,85,104,jamming_spoofing
6,jamming_spoofing,medium,20,UAV-010,90,109,jamming_spoofing
6,jamming_spoofing,medium,20,UAV-010,95,114,jamming_spoofing
6,jamming_spoofing,medium,20,UAV-010,100,119,jamming_spoofing
6,jamming_spoofing,medium,20,UAV-010,105,124,jamming_spoofing
6,jamming_spoofing,medium,20,UAV-010,110,129,jamming_spoofing
6,jamming_spoofing,medium,20,UAV-010,115,134,jamming_spoofing
6,jamming_spoofing,medium,20,UAV-010,120,139,jamming_spoofing
6,jamming_spoofing,medium,20,UAV-010,125,144,jamming_spoofing
6,jamming_spoofing,medium,20,UAV-010,130,149,jamming_spoofing
6,jamming_spoofing,medium,20,UAV-010,135,154,jamming_spoofing
6,jamming_spoofing,medium,20,UAV-010,140,159,jamming_spoofing
6,jamming_spoofing,medium,20,UAV-010,145,164,jamming_spoofing
6,jamming_spoofing,medium,20,UAV-010,150,169,jamming_spoofing
6,jamming_spoofing,medium,20,UAV-010,155,174,jamming_spoofing
6,jamming_spoofing,medium,20,UAV-010,160,179,jamming_spoofing
6,jamming_spoofing,medium,20,UAV-010,165,184,jamming_spoofing
6,jamming_spoofing,medium,20,UAV-010,170,189,jamming_spoofing
6,jamming_spoofing,medium,20,UAV-010,175,194,normal
6,jamming_spoofing,medium,20,UAV-010,180,199,normal
6,jamming_spoofing,medium,20,UAV-010,185,204,normal
6,jamming_spoofing,medium,20,UAV-010,190,209,normal
6,jamming_spoofing,medium,20,UAV-010,195,214,normal
6,jamming_spoofing,medium,20,UAV-010,200,219,normal
6,jamming_spoofing,medium,20,UAV-010,205,224,normal
6,jamming_spoofing,medium,20,UAV-010,210,229,normal
6,jamming_spoofing,medium,20,UAV-010,215,234,normal
6,jamming_spoofing,medium,20,UAV-010,220,239,normal
6,jamming_spoofing,medium,30,UAV-006,0,19,normal
6,jamming_spoofing,medium,30,UAV-006,5,24,normal
6,jamming_spoofing,medium,30,UAV-006,10,29,normal
6,jamming_spoofing,medium,30,UAV-006,15,34,normal
6,jamming_spoofing,medium,30,UAV-006,20,39,normal
6,jamming_spoofing,medium,30,UAV-006,25,44,normal
6,jamming_spoofing,medium,30,UAV-006,30,49,normal
6,jamming_spoofing,medium,30,UAV-006,35,54,normal
6,jamming_spoofing,medium,30,UAV-006,40,59,normal
6,jamming_spoofing,medium,30,UAV-006,45,64,normal
6,jamming_spoofing,medium,30,UAV-006,50,69,normal
6,jamming_spoofing,medium,30,UAV-006,55,74,jamming_spoofing
6,jamming_spoofing,medium,30,UAV-006,60,79,jamming_spoofing
6,jamming_spoofing,medium,30,UAV-006,65,84,jamming_spoofing
6,jamming_spoofing,medium,30,UAV-006,70,89,jamming_spoofing
6,jamming_spoofing,medium,30,UAV-006,75,94,jamming_spoofing
6,jamming_spoofing,medium,30,UAV-006,80,99,jamming_spoofing
6,jamming_spoofing,medium,30,UAV-006,85,104,jamming_spoofing
6,jamming_spoofing,medium,30,UAV-006,90,109,jamming_spoofing
6,jamming_spoofing,medium,30,UAV-006,95,114,jamming_spoofing
6,jamming_spoofing,medium,30,UAV-006,100,119,jamming_spoofing
6,jamming_spoofing,medium,30,UAV-006,105,124,jamming_spoofing
6,jamming_spoofing,medium,30,UAV-006,110,129,jamming_spoofing
6,jamming_spoofing,medium,30,UAV-006,115,134,jamming_spoofing
6,jamming_spoofing,medium,30,UAV-006,120,139,jamming_spoofing
6,jamming_spoofing,medium,30,UAV-006,125,144,jamming_spoofing
6,jamming_spoofing,medium,30,UAV-006,130,149,jamming_spoofing
6,jamming_spoofing,medium,30,UAV-006,135,154,jamming_spoofing
6,jamming_spoofing,medium,30,UAV-006,140,159,jamming_spoofing
6,jamming_spoofing,medium,30,UAV-006,145,164,jamming_spoofing
6,jamming_spoofing,medium,30,UAV-006,150,169,jamming_spoofing
6,jamming_spoofing,medium,30,UAV-006,155,174,normal
6,jamming_spoofing,medium,30,UAV-006,160,179,jamming_spoofing
6,jamming_spoofing,medium,30,UAV-006,165,184,normal
6,jamming_spoofing,medium,30,UAV-006,170,189,normal
6,jamming_spoofing,medium,30,UAV-006,175,194,normal
6,jamming_spoofing,medium,30,UAV-006,180,199,normal
6,jamming_spoofing,medium,30,UAV-006,185,204,normal
6,jamming_spoofing,medium,30,UAV-006,190,209,normal
6,jamming_spoofing,medium,30,UAV-006,195,214,normal
6,jamming_spoofing,medium,30,UAV-006,200,219,normal
6,jamming_spoofing,medium,30,UAV-006,205,224,normal
6,jamming_spoofing,medium,30,UAV-006,210,229,normal
6,jamming_spoofing,medium,30,UAV-006,215,234,normal
6,jamming_spoofing,medium,30,UAV-006,220,239,normal
6,jamming_spoofing,medium,30,UAV-012,0,19,normal
6,jamming_spoofing,medium,30,UAV-012,5,24,normal
6,jamming_spoofing,medium,30,UAV-012,10,29,normal
6,jamming_spoofing,medium,30,UAV-012,15,34,normal
6,jamming_spoofing,medium,30,UAV-012,20,39,normal
6,jamming_spoofing,medium,30,UAV-012,25,44,normal
6,jamming_spoofing,medium,30,UAV-012,30,49,normal
6,jamming_spoofing,medium,30,UAV-012,35,54,normal
6,jamming_spoofing,medium,30,UAV-012,40,59,normal
6,jamming_spoofing,medium,30,UAV-012,45,64,normal
6,jamming_spoofing,medium,30,UAV-012,50,69,jamming_spoofing
6,jamming_spoofing,medium,30,UAV-012,55,74,jamming_spoofing
6,jamming_spoofing,medium,30,UAV-012,60,79,jamming_spoofing
6,jamming_spoofing,medium,30,UAV-012,65,84,jamming_spoofing
6,jamming_spoofing,medium,30,UAV-012,70,89,jamming_spoofing
6,jamming_spoofing,medium,30,UAV-012,75,94,jamming_spoofing
6,jamming_spoofing,medium,30,UAV-012,80,99,jamming_spoofing
6,jamming_spoofing,medium,30,UAV-012,85,104,jamming_spoofing
6,jamming_spoofing,medium,30,UAV-012,90,109,jamming_spoofing
6,jamming_spoofing,medium,30,UAV-012,95,114,jamming_spoofing
6,jamming_spoofing,medium,30,UAV-012,100,119,jamming_spoofing
6,jamming_spoofing,medium,30,UAV-012,105,124,jamming_spoofing
6,jamming_spoofing,medium,30,UAV-012,110,129,jamming_spoofing
6,jamming_spoofing,medium,30,UAV-012,115,134,jamming_spoofing
6,jamming_spoofing,medium,30,UAV-012,120,139,jamming_spoofing
6,jamming_spoofing,medium,30,UAV-012,125,144,jamming_spoofing
6,jamming_spoofing,medium,30,UAV-012,130,149,jamming_spoofing
6,jamming_spoofing,medium,30,UAV-012,135,154,jamming_spoofing
6,jamming_spoofing,medium,30,UAV-012,140,159,jamming_spoofing
6,jamming_spoofing,medium,30,UAV-012,145,164,jamming_spoofing
6,jamming_spoofing,medium,30,UAV-012,150,169,jamming_spoofing
6,jamming_spoofing,medium,30,UAV-012,155,174,jamming_spoofing
6,jamming_spoofing,medium,30,UAV-012,160,179,jamming_spoofing
6,jamming_spoofing,medium,30,UAV-012,165,184,jamming_spoofing
6,jamming_spoofing,medium,30,UAV-012,170,189,normal
6,jamming_spoofing,medium,30,UAV-012,175,194,normal
6,jamming_spoofing,medium,30,UAV-012,180,199,normal
6,jamming_spoofing,medium,30,UAV-012,185,204,normal
6,jamming_spoofing,medium,30,UAV-012,190,209,normal
6,jamming_spoofing,medium,30,UAV-012,195,214,normal
6,jamming_spoofing,medium,30,UAV-012,200,219,normal
6,jamming_spoofing,medium,30,UAV-012,205,224,normal
6,jamming_spoofing,medium,30,UAV-012,210,229,normal
6,jamming_spoofing,medium,30,UAV-012,215,234,normal
6,jamming_spoofing,medium,30,UAV-012,220,239,normal
6,jamming_tampering,low,30,UAV-011,0,19,normal
6,jamming_tampering,low,30,UAV-011,5,24,normal
6,jamming_tampering,low,30,UAV-011,10,29,normal
6,jamming_tampering,low,30,UAV-011,15,34,normal
6,jamming_tampering,low,30,UAV-011,20,39,normal
6,jamming_tampering,low,30,UAV-011,25,44,normal
6,jamming_tampering,low,30,UAV-011,30,49,normal
6,jamming_tampering,low,30,UAV-011,35,54,normal
6,jamming_tampering,low,30,UAV-011,40,59,normal
6,jamming_tampering,low,30,UAV-011,45,64,normal
6,jamming_tampering,low,30,UAV-011,50,69,normal
6,jamming_tampering,low,30,UAV-011,55,74,normal
6,jamming_tampering,low,30,UAV-011,60,79,jamming_tampering
6,jamming_tampering,low,30,UAV-011,65,84,jamming_tampering
6,jamming_tampering,low,30,UAV-011,70,89,jamming_tampering
6,jamming_tampering,low,30,UAV-011,75,93,jamming_tampering
6,jamming_tampering,low,30,UAV-011,80,99,jamming_tampering
6,jamming_tampering,low,30,UAV-011,85,104,jamming_tampering
6,jamming_tampering,low,30,UAV-011,90,109,jamming_tampering
6,jamming_tampering,low,30,UAV-011,94,114,jamming_tampering
6,jamming_tampering,low,30,UAV-011,100,118,jamming_tampering
6,jamming_tampering,low,30,UAV-011,105,124,jamming_tampering
6,jamming_tampering,low,30,UAV-011,110,129,jamming_tampering
6,jamming_tampering,low,30,UAV-011,115,134,jamming_tampering
6,jamming_tampering,low,30,UAV-011,119,138,jamming_tampering
6,jamming_tampering,low,30,UAV-011,125,142,jamming_tampering
6,jamming_tampering,low,30,UAV-011,130,148,jamming_tampering
6,jamming_tampering,low,30,UAV-011,135,154,jamming_tampering
6,jamming_tampering,low,30,UAV-011,139,159,jamming_tampering
6,jamming_tampering,low,30,UAV-011,143,163,jamming_tampering
6,jamming_tampering,low,30,UAV-011,150,166,jamming_tampering
6,jamming_tampering,low,30,UAV-011,155,174,jamming_tampering
6,jamming_tampering,low,30,UAV-011,159,178,jamming_tampering
6,jamming_tampering,low,30,UAV-011,164,184,jamming_tampering
6,jamming_tampering,low,30,UAV-011,167,189,jamming_tampering
6,jamming_tampering,low,30,UAV-011,175,194,normal
6,jamming_tampering,low,30,UAV-011,179,199,normal
6,jamming_tampering,low,30,UAV-011,185,204,normal
6,jamming_tampering,low,30,UAV-011,190,209,normal
6,jamming_tampering,low,30,UAV-011,195,214,normal
6,jamming_tampering,low,30,UAV-011,200,219,normal
6,jamming_tampering,low,30,UAV-011,205,224,normal
6,jamming_tampering,low,30,UAV-011,210,229,normal
6,jamming_tampering,low,30,UAV-011,215,234,normal
6,jamming_tampering,low,30,UAV-011,220,239,normal
6,jamming_tampering,medium,20,UAV-002,0,19,normal
6,jamming_tampering,medium,20,UAV-002,5,24,normal
6,jamming_tampering,medium,20,UAV-002,10,29,normal
6,jamming_tampering,medium,20,UAV-002,15,34,normal
6,jamming_tampering,medium,20,UAV-002,20,39,normal
6,jamming_tampering,medium,20,UAV-002,25,44,normal
6,jamming_tampering,medium,20,UAV-002,30,49,normal
6,jamming_tampering,medium,20,UAV-002,35,53,normal
6,jamming_tampering,medium,20,UAV-002,40,58,normal
6,jamming_tampering,medium,20,UAV-002,45,64,normal
6,jamming_tampering,medium,20,UAV-002,49,69,normal
6,jamming_tampering,medium,20,UAV-002,54,75,jamming_tampering
6,jamming_tampering,medium,20,UAV-002,59,79,jamming_tampering
6,jamming_tampering,medium,20,UAV-002,65,84,jamming_tampering
6,jamming_tampering,medium,20,UAV-002,70,88,jamming_tampering
6,jamming_tampering,medium,20,UAV-002,76,93,jamming_tampering
6,jamming_tampering,medium,20,UAV-002,80,98,jamming_tampering
6,jamming_tampering,medium,20,UAV-002,85,103,jamming_tampering
6,jamming_tampering,medium,20,UAV-002,89,108,jamming_tampering
6,jamming_tampering,medium,20,UAV-002,94,114,jamming_tampering
6,jamming_tampering,medium,20,UAV-002,99,119,jamming_tampering
6,jamming_tampering,medium,20,UAV-002,104,124,jamming_tampering
6,jamming_tampering,medium,20,UAV-002,109,128,jamming_tampering
6,jamming_tampering,medium,20,UAV-002,115,133,jamming_tampering
6,jamming_tampering,medium,20,UAV-002,120,139,jamming_tampering
6,jamming_tampering,medium,20,UAV-002,125,144,jamming_tampering
6,jamming_tampering,medium,20,UAV-002,129,149,jamming_tampering
6,jamming_tampering,medium,20,UAV-002,135,156,jamming_tampering
6,jamming_tampering,medium,20,UAV-002,139,159,jamming_tampering
6,jamming_tampering,medium,20,UAV-002,145,164,jamming_tampering
6,jamming_tampering,medium,20,UAV-002,150,169,jamming_tampering
6,jamming_tampering,medium,20,UAV-002,156,175,jamming_tampering
6,jamming_tampering,medium,20,UAV-002,160,181,jamming_tampering
6,jamming_tampering,medium,20,UAV-002,165,185,jamming_tampering
6,jamming_tampering,medium,20,UAV-002,170,189,jamming_tampering
6,jamming_tampering,medium,20,UAV-002,176,194,normal
6,jamming_tampering,medium,20,UAV-002,181,199,normal
6,jamming_tampering,medium,20,UAV-002,186,204,normal
6,jamming_tampering,medium,20,UAV-002,190,209,normal
6,jamming_tampering,medium,20,UAV-002,195,214,normal
6,jamming_tampering,medium,20,UAV-002,200,219,normal
6,jamming_tampering,medium,20,UAV-002,205,224,normal
6,jamming_tampering,medium,20,UAV-002,210,229,normal
6,jamming_tampering,medium,20,UAV-002,215,234,normal
6,jamming_tampering,medium,20,UAV-002,220,239,normal
6,jamming_tampering,medium,30,UAV-001,0,19,normal
6,jamming_tampering,medium,30,UAV-001,5,24,normal
6,jamming_tampering,medium,30,UAV-001,10,29,normal
6,jamming_tampering,medium,30,UAV-001,15,34,normal
6,jamming_tampering,medium,30,UAV-001,20,39,normal
6,jamming_tampering,medium,30,UAV-001,25,44,normal
6,jamming_tampering,medium,30,UAV-001,30,49,normal
6,jamming_tampering,medium,30,UAV-001,35,53,normal
6,jamming_tampering,medium,30,UAV-001,40,58,normal
6,jamming_tampering,medium,30,UAV-001,45,62,normal
6,jamming_tampering,medium,30,UAV-001,50,68,normal
6,jamming_tampering,medium,30,UAV-001,54,72,jamming_tampering
6,jamming_tampering,medium,30,UAV-001,59,79,jamming_tampering
6,jamming_tampering,medium,30,UAV-001,63,83,jamming_tampering
6,jamming_tampering,medium,30,UAV-001,69,89,jamming_tampering
6,jamming_tampering,medium,30,UAV-001,73,92,jamming_tampering
6,jamming_tampering,medium,30,UAV-001,80,98,jamming_tampering
6,jamming_tampering,medium,30,UAV-001,85,103,jamming_tampering
6,jamming_tampering,medium,30,UAV-001,90,108,jamming_tampering
6,jamming_tampering,medium,30,UAV-001,93,113,jamming_tampering
6,jamming_tampering,medium,30,UAV-001,99,118,jamming_tampering
6,jamming_tampering,medium,30,UAV-001,104,124,jamming_tampering
6,jamming_tampering,medium,30,UAV-001,110,129,jamming_tampering
6,jamming_tampering,medium,30,UAV-001,114,134,jamming_tampering
6,jamming_tampering,medium,30,UAV-001,120,139,jamming_tampering
6,jamming_tampering,medium,30,UAV-001,125,145,jamming_tampering
6,jamming_tampering,medium,30,UAV-001,130,149,jamming_tampering
6,jamming_tampering,medium,30,UAV-001,135,155,jamming_tampering
6,jamming_tampering,medium,30,UAV-001,141,159,jamming_tampering
6,jamming_tampering,medium,30,UAV-001,145,163,jamming_tampering
6,jamming_tampering,medium,30,UAV-001,151,169,jamming_tampering
6,jamming_tampering,medium,30,UAV-001,155,174,jamming_tampering
6,jamming_tampering,medium,30,UAV-001,160,181,jamming_tampering
6,jamming_tampering,medium,30,UAV-001,164,185,jamming_tampering
6,jamming_tampering,medium,30,UAV-001,170,190,normal
6,jamming_tampering,medium,30,UAV-001,175,194,normal
6,jamming_tampering,medium,30,UAV-001,182,199,normal
6,jamming_tampering,medium,30,UAV-001,186,204,normal
6,jamming_tampering,medium,30,UAV-001,191,209,normal
6,jamming_tampering,medium,30,UAV-001,195,214,normal
6,jamming_tampering,medium,30,UAV-001,200,219,normal
6,jamming_tampering,medium,30,UAV-001,205,224,normal
6,jamming_tampering,medium,30,UAV-001,210,229,normal
6,jamming_tampering,medium,30,UAV-001,215,234,normal
6,jamming_tampering,medium,30,UAV-001,220,239,normal
6,jamming_tampering,medium,30,UAV-014,0,19,normal
6,jamming_tampering,medium,30,UAV-014,5,24,normal
6,jamming_tampering,medium,30,UAV-014,10,29,normal
6,jamming_tampering,medium,30,UAV-014,15,34,normal
6,jamming_tampering,medium,30,UAV-014,20,39,normal
6,jamming_tampering,medium,30,UAV-014,25,44,normal
6,jamming_tampering,medium,30,UAV-014,30,49,normal
6,jamming_tampering,medium,30,UAV-014,35,53,normal
6,jamming_tampering,medium,30,UAV-014,40,58,normal
6,jamming_tampering,medium,30,UAV-014,45,64,normal
6,jamming_tampering,medium,30,UAV-014,50,69,jamming_tampering
6,jamming_tampering,medium,30,UAV-014,54,73,jamming_tampering
6,jamming_tampering,medium,30,UAV-014,59,79,jamming_tampering
6,jamming_tampering,medium,30,UAV-014,65,84,jamming_tampering
6,jamming_tampering,medium,30,UAV-014,70,89,jamming_tampering
6,jamming_tampering,medium,30,UAV-014,75,94,jamming_tampering
6,jamming_tampering,medium,30,UAV-014,80,97,jamming_tampering
6,jamming_tampering,medium,30,UAV-014,85,102,jamming_tampering
6,jamming_tampering,medium,30,UAV-014,90,110,jamming_tampering
6,jamming_tampering,medium,30,UAV-014,95,116,jamming_tampering
6,jamming_tampering,medium,30,UAV-014,98,120,jamming_tampering
6,jamming_tampering,medium,30,UAV-014,106,124,jamming_tampering
6,jamming_tampering,medium,30,UAV-014,112,129,jamming_tampering
6,jamming_tampering,medium,30,UAV-014,116,134,jamming_tampering
6,jamming_tampering,medium,30,UAV-014,121,139,jamming_tampering
6,jamming_tampering,medium,30,UAV-014,125,143,jamming_tampering
6,jamming_tampering,medium,30,UAV-014,130,148,jamming_tampering
6,jamming_tampering,medium,30,UAV-014,135,153,jamming_tampering
6,jamming_tampering,medium,30,UAV-014,140,162,jamming_tampering
6,jamming_tampering,medium,30,UAV-014,145,166,jamming_tampering
6,jamming_tampering,medium,30,UAV-014,149,169,jamming_tampering
6,jamming_tampering,medium,30,UAV-014,154,174,jamming_tampering
6,jamming_tampering,medium,30,UAV-014,163,180,jamming_tampering
6,jamming_tampering,medium,30,UAV-014,167,185,jamming_tampering
6,jamming_tampering,medium,30,UAV-014,170,190,normal
6,jamming_tampering,medium,30,UAV-014,175,195,normal
6,jamming_tampering,medium,30,UAV-014,181,199,normal
6,jamming_tampering,medium,30,UAV-014,186,204,normal
6,jamming_tampering,medium,30,UAV-014,191,209,normal
6,jamming_tampering,medium,30,UAV-014,195,214,normal
6,jamming_tampering,medium,30,UAV-014,200,219,normal
6,jamming_tampering,medium,30,UAV-014,205,224,normal
6,jamming_tampering,medium,30,UAV-014,210,229,normal
6,jamming_tampering,medium,30,UAV-014,215,234,normal
6,jamming_tampering,medium,30,UAV-014,220,239,normal
6,normal,none,20,UAV-008,0,19,normal
6,normal,none,20,UAV-008,5,24,normal
6,normal,none,20,UAV-008,10,29,normal
6,normal,none,20,UAV-008,15,34,normal
6,normal,none,20,UAV-008,20,39,normal
6,normal,none,20,UAV-008,25,44,normal
6,normal,none,20,UAV-008,30,49,normal
6,normal,none,20,UAV-008,35,54,normal
6,normal,none,20,UAV-008,40,59,normal
6,normal,none,20,UAV-008,45,64,normal
6,normal,none,20,UAV-008,50,69,normal
6,normal,none,20,UAV-008,55,74,normal
6,normal,none,20,UAV-008,60,79,normal
6,normal,none,20,UAV-008,65,84,normal
6,normal,none,20,UAV-008,70,89,normal
6,normal,none,20,UAV-008,75,94,normal
6,normal,none,20,UAV-008,80,99,normal
6,normal,none,20,UAV-008,85,104,normal
6,normal,none,20,UAV-008,90,109,normal
6,normal,none,20,UAV-008,95,114,normal
6,normal,none,20,UAV-008,100,119,normal
6,normal,none,20,UAV-008,105,124,normal
6,normal,none,20,UAV-008,110,129,normal
6,normal,none,20,UAV-008,115,134,normal
6,normal,none,20,UAV-008,120,139,normal
6,normal,none,20,UAV-008,125,144,normal
6,normal,none,20,UAV-008,130,149,normal
6,normal,none,20,UAV-008,135,154,normal
6,normal,none,20,UAV-008,140,159,normal
6,normal,none,20,UAV-008,145,164,normal
6,normal,none,20,UAV-008,150,169,normal
6,normal,none,20,UAV-008,155,174,normal
6,normal,none,20,UAV-008,160,179,normal
6,normal,none,20,UAV-008,165,184,normal
6,normal,none,20,UAV-008,170,189,normal
6,normal,none,20,UAV-008,175,194,normal
6,normal,none,20,UAV-008,180,199,normal
6,normal,none,20,UAV-008,185,204,normal
6,normal,none,20,UAV-008,190,209,normal
6,normal,none,20,UAV-008,195,214,normal
6,normal,none,20,UAV-008,200,219,normal
6,normal,none,20,UAV-008,205,224,normal
6,normal,none,20,UAV-008,210,229,normal
6,normal,none,20,UAV-008,215,234,normal
6,normal,none,20,UAV-008,220,239,normal
6,normal,none,30,UAV-014,0,19,normal
6,normal,none,30,UAV-014,5,24,normal
6,normal,none,30,UAV-014,10,29,normal
6,normal,none,30,UAV-014,15,34,normal
6,normal,none,30,UAV-014,20,39,normal
6,normal,none,30,UAV-014,25,44,normal
6,normal,none,30,UAV-014,30,49,normal
6,normal,none,30,UAV-014,35,54,normal
6,normal,none,30,UAV-014,40,59,normal
6,normal,none,30,UAV-014,45,64,normal
6,normal,none,30,UAV-014,50,69,normal
6,normal,none,30,UAV-014,55,74,normal
6,normal,none,30,UAV-014,60,79,normal
6,normal,none,30,UAV-014,65,84,normal
6,normal,none,30,UAV-014,70,89,normal
6,normal,none,30,UAV-014,75,94,normal
6,normal,none,30,UAV-014,80,99,normal
6,normal,none,30,UAV-014,85,104,normal
6,normal,none,30,UAV-014,90,109,normal
6,normal,none,30,UAV-014,95,114,normal
6,normal,none,30,UAV-014,100,119,normal
6,normal,none,30,UAV-014,105,124,normal
6,normal,none,30,UAV-014,110,129,normal
6,normal,none,30,UAV-014,115,134,normal
6,normal,none,30,UAV-014,120,139,normal
6,normal,none,30,UAV-014,125,144,normal
6,normal,none,30,UAV-014,130,149,normal
6,normal,none,30,UAV-014,135,154,normal
6,normal,none,30,UAV-014,140,159,normal
6,normal,none,30,UAV-014,145,164,normal
6,normal,none,30,UAV-014,150,169,normal
6,normal,none,30,UAV-014,155,174,normal
6,normal,none,30,UAV-014,160,179,normal
6,normal,none,30,UAV-014,165,184,normal
6,normal,none,30,UAV-014,170,189,normal
6,normal,none,30,UAV-014,175,194,normal
6,normal,none,30,UAV-014,180,199,normal
6,normal,none,30,UAV-014,185,204,normal
6,normal,none,30,UAV-014,190,209,normal
6,normal,none,30,UAV-014,195,214,normal
6,normal,none,30,UAV-014,200,219,normal
6,normal,none,30,UAV-014,205,224,normal
6,normal,none,30,UAV-014,210,229,normal
6,normal,none,30,UAV-014,215,234,normal
6,normal,none,30,UAV-014,220,239,normal
6,normal,none,30,UAV-028,0,19,normal
6,normal,none,30,UAV-028,5,24,normal
6,normal,none,30,UAV-028,10,29,normal
6,normal,none,30,UAV-028,15,34,normal
6,normal,none,30,UAV-028,20,39,normal
6,normal,none,30,UAV-028,25,44,normal
6,normal,none,30,UAV-028,30,49,normal
6,normal,none,30,UAV-028,35,54,normal
6,normal,none,30,UAV-028,40,59,normal
6,normal,none,30,UAV-028,45,64,normal
6,normal,none,30,UAV-028,50,69,normal
6,normal,none,30,UAV-028,55,74,normal
6,normal,none,30,UAV-028,60,79,normal
6,normal,none,30,UAV-028,65,84,normal
6,normal,none,30,UAV-028,70,89,normal
6,normal,none,30,UAV-028,75,94,normal
6,normal,none,30,UAV-028,80,99,normal
6,normal,none,30,UAV-028,85,104,normal
6,normal,none,30,UAV-028,90,109,normal
6,normal,none,30,UAV-028,95,114,normal
6,normal,none,30,UAV-028,100,119,normal
6,normal,none,30,UAV-028,105,124,normal
6,normal,none,30,UAV-028,110,129,normal
6,normal,none,30,UAV-028,115,134,normal
6,normal,none,30,UAV-028,120,139,normal
6,normal,none,30,UAV-028,125,144,normal
6,normal,none,30,UAV-028,130,149,normal
6,normal,none,30,UAV-028,135,154,normal
6,normal,none,30,UAV-028,140,159,normal
6,normal,none,30,UAV-028,145,164,normal
6,normal,none,30,UAV-028,150,169,normal
6,normal,none,30,UAV-028,155,174,normal
6,normal,none,30,UAV-028,160,179,normal
6,normal,none,30,UAV-028,165,184,normal
6,normal,none,30,UAV-028,170,189,normal
6,normal,none,30,UAV-028,175,194,normal
6,normal,none,30,UAV-028,180,199,normal
6,normal,none,30,UAV-028,185,204,normal
6,normal,none,30,UAV-028,190,209,normal
6,normal,none,30,UAV-028,195,214,normal
6,normal,none,30,UAV-028,200,219,normal
6,normal,none,30,UAV-028,205,224,normal
6,normal,none,30,UAV-028,210,229,normal
6,normal,none,30,UAV-028,215,234,normal
6,normal,none,30,UAV-028,220,239,normal
6,spoofing,high,30,UAV-015,0,19,normal
6,spoofing,high,30,UAV-015,5,24,normal
6,spoofing,high,30,UAV-015,10,29,normal
6,spoofing,high,30,UAV-015,15,34,normal
6,spoofing,high,30,UAV-015,20,39,normal
6,spoofing,high,30,UAV-015,25,44,normal
6,spoofing,high,30,UAV-015,30,49,normal
6,spoofing,high,30,UAV-015,35,54,normal
6,spoofing,high,30,UAV-015,40,59,normal
6,spoofing,high,30,UAV-015,45,64,normal
6,spoofing,high,30,UAV-015,50,69,spoofing
6,spoofing,high,30,UAV-015,55,74,spoofing
6,spoofing,high,30,UAV-015,60,79,spoofing
6,spoofing,high,30,UAV-015,65,84,spoofing
6,spoofing,high,30,UAV-015,70,89,spoofing
6,spoofing,high,30,UAV-015,75,94,spoofing
6,spoofing,high,30,UAV-015,80,99,spoofing
6,spoofing,high,30,UAV-015,85,104,spoofing
6,spoofing,high,30,UAV-015,90,109,spoofing
6,spoofing,high,30,UAV-015,95,114,spoofing
6,spoofing,high,30,UAV-015,100,119,spoofing
6,spoofing,high,30,UAV-015,105,124,spoofing
6,spoofing,high,30,UAV-015,110,129,spoofing
6,spoofing,high,30,UAV-015,115,134,spoofing
6,spoofing,high,30,UAV-015,120,139,spoofing
6,spoofing,high,30,UAV-015,125,144,spoofing
6,spoofing,high,30,UAV-015,130,149,spoofing
6,spoofing,high,30,UAV-015,135,154,spoofing
6,spoofing,high,30,UAV-015,140,159,spoofing
6,spoofing,high,30,UAV-015,145,164,spoofing
6,spoofing,high,30,UAV-015,150,169,spoofing
6,spoofing,high,30,UAV-015,155,174,spoofing
6,spoofing,high,30,UAV-015,160,179,spoofing
6,spoofing,high,30,UAV-015,165,184,spoofing
6,spoofing,high,30,UAV-015,170,189,spoofing
6,spoofing,high,30,UAV-015,175,194,normal
6,spoofing,high,30,UAV-015,180,199,normal
6,spoofing,high,30,UAV-015,185,204,normal
6,spoofing,high,30,UAV-015,190,209,normal
6,spoofing,high,30,UAV-015,195,214,normal
6,spoofing,high,30,UAV-015,200,219,normal
6,spoofing,high,30,UAV-015,205,224,normal
6,spoofing,high,30,UAV-015,210,229,normal
6,spoofing,high,30,UAV-015,215,234,normal
6,spoofing,high,30,UAV-015,220,239,normal
6,spoofing,high,30,UAV-026,0,19,normal
6,spoofing,high,30,UAV-026,5,24,normal
6,spoofing,high,30,UAV-026,10,29,normal
6,spoofing,high,30,UAV-026,15,34,normal
6,spoofing,high,30,UAV-026,20,39,normal
6,spoofing,high,30,UAV-026,25,44,normal
6,spoofing,high,30,UAV-026,30,49,normal
6,spoofing,high,30,UAV-026,35,54,normal
6,spoofing,high,30,UAV-026,40,59,normal
6,spoofing,high,30,UAV-026,45,64,normal
6,spoofing,high,30,UAV-026,50,69,spoofing
6,spoofing,high,30,UAV-026,55,74,spoofing
6,spoofing,high,30,UAV-026,60,79,spoofing
6,spoofing,high,30,UAV-026,65,84,spoofing
6,spoofing,high,30,UAV-026,70,89,spoofing
6,spoofing,high,30,UAV-026,75,94,spoofing
6,spoofing,high,30,UAV-026,80,99,spoofing
6,spoofing,high,30,UAV-026,85,104,spoofing
6,spoofing,high,30,UAV-026,90,109,spoofing
6,spoofing,high,30,UAV-026,95,114,spoofing
6,spoofing,high,30,UAV-026,100,119,spoofing
6,spoofing,high,30,UAV-026,105,124,spoofing
6,spoofing,high,30,UAV-026,110,129,spoofing
6,spoofing,high,30,UAV-026,115,134,spoofing
6,spoofing,high,30,UAV-026,120,139,spoofing
6,spoofing,high,30,UAV-026,125,144,spoofing
6,spoofing,high,30,UAV-026,130,149,spoofing
6,spoofing,high,30,UAV-026,135,154,spoofing
6,spoofing,high,30,UAV-026,140,159,spoofing
6,spoofing,high,30,UAV-026,145,164,spoofing
6,spoofing,high,30,UAV-026,150,169,spoofing
6,spoofing,high,30,UAV-026,155,174,spoofing
6,spoofing,high,30,UAV-026,160,179,spoofing
6,spoofing,high,30,UAV-026,165,184,spoofing
6,spoofing,high,30,UAV-026,170,189,spoofing
6,spoofing,high,30,UAV-026,175,194,normal
6,spoofing,high,30,UAV-026,180,199,normal
6,spoofing,high,30,UAV-026,185,204,normal
6,spoofing,high,30,UAV-026,190,209,normal
6,spoofing,high,30,UAV-026,195,214,normal
6,spoofing,high,30,UAV-026,200,219,normal
6,spoofing,high,30,UAV-026,205,224,normal
6,spoofing,high,30,UAV-026,210,229,normal
6,spoofing,high,30,UAV-026,215,234,normal
6,spoofing,high,30,UAV-026,220,239,normal
6,spoofing,low,20,UAV-009,0,19,normal
6,spoofing,low,20,UAV-009,5,24,normal
6,spoofing,low,20,UAV-009,10,29,normal
6,spoofing,low,20,UAV-009,15,34,normal
6,spoofing,low,20,UAV-009,20,39,normal
6,spoofing,low,20,UAV-009,25,44,normal
6,spoofing,low,20,UAV-009,30,49,normal
6,spoofing,low,20,UAV-009,35,54,normal
6,spoofing,low,20,UAV-009,40,59,normal
6,spoofing,low,20,UAV-009,45,64,normal
6,spoofing,low,20,UAV-009,50,69,normal
6,spoofing,low,20,UAV-009,55,74,normal
6,spoofing,low,20,UAV-009,60,79,normal
6,spoofing,low,20,UAV-009,65,84,normal
6,spoofing,low,20,UAV-009,70,89,normal
6,spoofing,low,20,UAV-009,75,94,normal
6,spoofing,low,20,UAV-009,80,99,normal
6,spoofing,low,20,UAV-009,85,104,spoofing
6,spoofing,low,20,UAV-009,90,109,spoofing
6,spoofing,low,20,UAV-009,95,114,normal
6,spoofing,low,20,UAV-009,100,119,spoofing
6,spoofing,low,20,UAV-009,105,124,spoofing
6,spoofing,low,20,UAV-009,110,129,spoofing
6,spoofing,low,20,UAV-009,115,134,spoofing
6,spoofing,low,20,UAV-009,120,139,spoofing
6,spoofing,low,20,UAV-009,125,144,spoofing
6,spoofing,low,20,UAV-009,130,149,spoofing
6,spoofing,low,20,UAV-009,135,154,spoofing
6,spoofing,low,20,UAV-009,140,159,spoofing
6,spoofing,low,20,UAV-009,145,164,spoofing
6,spoofing,low,20,UAV-009,150,169,spoofing
6,spoofing,low,20,UAV-009,155,174,spoofing
6,spoofing,low,20,UAV-009,160,179,spoofing
6,spoofing,low,20,UAV-009,165,184,normal
6,spoofing,low,20,UAV-009,170,189,normal
6,spoofing,low,20,UAV-009,175,194,normal
6,spoofing,low,20,UAV-009,180,199,normal
6,spoofing,low,20,UAV-009,185,204,normal
6,spoofing,low,20,UAV-009,190,209,normal
6,spoofing,low,20,UAV-009,195,214,normal
6,spoofing,low,20,UAV-009,200,219,normal
6,spoofing,low,20,UAV-009,205,224,normal
6,spoofing,low,20,UAV-009,210,229,normal
6,spoofing,low,20,UAV-009,215,234,normal
6,spoofing,low,20,UAV-009,220,239,normal
6,spoofing,low,30,UAV-030,0,19,normal
6,spoofing,low,30,UAV-030,5,24,normal
6,spoofing,low,30,UAV-030,10,29,normal
6,spoofing,low,30,UAV-030,15,34,normal
6,spoofing,low,30,UAV-030,20,39,normal
6,spoofing,low,30,UAV-030,25,44,normal
6,spoofing,low,30,UAV-030,30,49,normal
6,spoofing,low,30,UAV-030,35,54,normal
6,spoofing,low,30,UAV-030,40,59,normal
6,spoofing,low,30,UAV-030,45,64,normal
6,spoofing,low,30,UAV-030,50,69,spoofing
6,spoofing,low,30,UAV-030,55,74,spoofing
6,spoofing,low,30,UAV-030,60,79,spoofing
6,spoofing,low,30,UAV-030,65,84,spoofing
6,spoofing,low,30,UAV-030,70,89,spoofing
6,spoofing,low,30,UAV-030,75,94,spoofing
6,spoofing,low,30,UAV-030,80,99,spoofing
6,spoofing,low,30,UAV-030,85,104,spoofing
6,spoofing,low,30,UAV-030,90,109,spoofing
6,spoofing,low,30,UAV-030,95,114,spoofing
6,spoofing,low,30,UAV-030,100,119,spoofing
6,spoofing,low,30,UAV-030,105,124,normal
6,spoofing,low,30,UAV-030,110,129,normal
6,spoofing,low,30,UAV-030,115,134,normal
6,spoofing,low,30,UAV-030,120,139,spoofing
6,spoofing,low,30,UAV-030,125,144,spoofing
6,spoofing,low,30,UAV-030,130,149,spoofing
6,spoofing,low,30,UAV-030,135,154,spoofing
6,spoofing,low,30,UAV-030,140,159,spoofing
6,spoofing,low,30,UAV-030,145,164,spoofing
6,spoofing,low,30,UAV-030,150,169,spoofing
6,spoofing,low,30,UAV-030,155,174,spoofing
6,spoofing,low,30,UAV-030,160,179,spoofing
6,spoofing,low,30,UAV-030,165,184,normal
6,spoofing,low,30,UAV-030,170,189,normal
6,spoofing,low,30,UAV-030,175,194,normal
6,spoofing,low,30,UAV-030,180,199,normal
6,spoofing,low,30,UAV-030,185,204,normal
6,spoofing,low,30,UAV-030,190,209,normal
6,spoofing,low,30,UAV-030,195,214,normal
6,spoofing,low,30,UAV-030,200,219,normal
6,spoofing,low,30,UAV-030,205,224,normal
6,spoofing,low,30,UAV-030,210,229,normal
6,spoofing,low,30,UAV-030,215,234,normal
6,spoofing,low,30,UAV-030,220,239,normal
6,spoofing,medium,20,UAV-013,0,19,normal
6,spoofing,medium,20,UAV-013,5,24,normal
6,spoofing,medium,20,UAV-013,10,29,normal
6,spoofing,medium,20,UAV-013,15,34,normal
6,spoofing,medium,20,UAV-013,20,39,normal
6,spoofing,medium,20,UAV-013,25,44,normal
6,spoofing,medium,20,UAV-013,30,49,normal
6,spoofing,medium,20,UAV-013,35,54,normal
6,spoofing,medium,20,UAV-013,40,59,normal
6,spoofing,medium,20,UAV-013,45,64,normal
6,spoofing,medium,20,UAV-013,50,69,normal
6,spoofing,medium,20,UAV-013,55,74,spoofing
6,spoofing,medium,20,UAV-013,60,79,spoofing
6,spoofing,medium,20,UAV-013,65,84,spoofing
6,spoofing,medium,20,UAV-013,70,89,spoofing
6,spoofing,medium,20,UAV-013,75,94,spoofing
6,spoofing,medium,20,UAV-013,80,99,spoofing
6,spoofing,medium,20,UAV-013,85,104,spoofing
6,spoofing,medium,20,UAV-013,90,109,spoofing
6,spoofing,medium,20,UAV-013,95,114,spoofing
6,spoofing,medium,20,UAV-013,100,119,spoofing
6,spoofing,medium,20,UAV-013,105,124,spoofing
6,spoofing,medium,20,UAV-013,110,129,spoofing
6,spoofing,medium,20,UAV-013,115,134,spoofing
6,spoofing,medium,20,UAV-013,120,139,spoofing
6,spoofing,medium,20,UAV-013,125,144,spoofing
6,spoofing,medium,20,UAV-013,130,149,spoofing
6,spoofing,medium,20,UAV-013,135,154,spoofing
6,spoofing,medium,20,UAV-013,140,159,spoofing
6,spoofing,medium,20,UAV-013,145,164,spoofing
6,spoofing,medium,20,UAV-013,150,169,spoofing
6,spoofing,medium,20,UAV-013,155,174,spoofing
6,spoofing,medium,20,UAV-013,160,179,spoofing
6,spoofing,medium,20,UAV-013,165,184,spoofing
6,spoofing,medium,20,UAV-013,170,189,normal
6,spoofing,medium,20,UAV-013,175,194,normal
6,spoofing,medium,20,UAV-013,180,199,normal
6,spoofing,medium,20,UAV-013,185,204,normal
6,spoofing,medium,20,UAV-013,190,209,normal
6,spoofing,medium,20,UAV-013,195,214,normal
6,spoofing,medium,20,UAV-013,200,219,normal
6,spoofing,medium,20,UAV-013,205,224,normal
6,spoofing,medium,20,UAV-013,210,229,normal
6,spoofing,medium,20,UAV-013,215,234,normal
6,spoofing,medium,20,UAV-013,220,239,normal
6,spoofing_tampering,low,20,UAV-007,0,19,normal
6,spoofing_tampering,low,20,UAV-007,5,24,normal
6,spoofing_tampering,low,20,UAV-007,10,29,normal
6,spoofing_tampering,low,20,UAV-007,15,34,normal
6,spoofing_tampering,low,20,UAV-007,20,39,normal
6,spoofing_tampering,low,20,UAV-007,25,44,normal
6,spoofing_tampering,low,20,UAV-007,30,49,normal
6,spoofing_tampering,low,20,UAV-007,35,53,normal
6,spoofing_tampering,low,20,UAV-007,40,58,normal
6,spoofing_tampering,low,20,UAV-007,45,64,normal
6,spoofing_tampering,low,20,UAV-007,50,69,spoofing_tampering
6,spoofing_tampering,low,20,UAV-007,54,74,spoofing_tampering
6,spoofing_tampering,low,20,UAV-007,59,78,spoofing_tampering
6,spoofing_tampering,low,20,UAV-007,65,87,spoofing_tampering
6,spoofing_tampering,low,20,UAV-007,70,91,spoofing_tampering
6,spoofing_tampering,low,20,UAV-007,75,95,spoofing_tampering
6,spoofing_tampering,low,20,UAV-007,79,100,spoofing_tampering
6,spoofing_tampering,low,20,UAV-007,87,105,spoofing_tampering
6,spoofing_tampering,low,20,UAV-007,91,110,spoofing_tampering
6,spoofing_tampering,low,20,UAV-007,96,115,spoofing_tampering
6,spoofing_tampering,low,20,UAV-007,101,119,spoofing_tampering
6,spoofing_tampering,low,20,UAV-007,105,123,spoofing_tampering
6,spoofing_tampering,low,20,UAV-007,111,129,spoofing_tampering
6,spoofing_tampering,low,20,UAV-007,116,134,spoofing_tampering
6,spoofing_tampering,low,20,UAV-007,120,139,normal
6,spoofing_tampering,low,20,UAV-007,124,144,normal
6,spoofing_tampering,low,20,UAV-007,130,148,spoofing_tampering
6,spoofing_tampering,low,20,UAV-007,135,153,normal
6,spoofing_tampering,low,20,UAV-007,140,159,normal
6,spoofing_tampering,low,20,UAV-007,144,164,normal
6,spoofing_tampering,low,20,UAV-007,149,169,normal
6,spoofing_tampering,low,20,UAV-007,154,174,normal
6,spoofing_tampering,low,20,UAV-007,160,179,spoofing_tampering
6,spoofing_tampering,low,20,UAV-007,166,184,normal
6,spoofing_tampering,low,20,UAV-007,170,189,normal
6,spoofing_tampering,low,20,UAV-007,175,194,normal
6,spoofing_tampering,low,20,UAV-007,180,199,normal
6,spoofing_tampering,low,20,UAV-007,185,204,normal
6,spoofing_tampering,low,20,UAV-007,190,209,normal
6,spoofing_tampering,low,20,UAV-007,195,214,normal
6,spoofing_tampering,low,20,UAV-007,200,219,normal
6,spoofing_tampering,low,20,UAV-007,205,224,normal
6,spoofing_tampering,low,20,UAV-007,210,229,normal
6,spoofing_tampering,low,20,UAV-007,215,234,normal
6,spoofing_tampering,low,20,UAV-007,220,239,normal
6,spoofing_tampering,low,30,UAV-022,0,19,normal
6,spoofing_tampering,low,30,UAV-022,5,24,normal
6,spoofing_tampering,low,30,UAV-022,10,29,normal
6,spoofing_tampering,low,30,UAV-022,15,34,normal
6,spoofing_tampering,low,30,UAV-022,20,39,normal
6,spoofing_tampering,low,30,UAV-022,25,44,normal
6,spoofing_tampering,low,30,UAV-022,30,49,normal
6,spoofing_tampering,low,30,UAV-022,35,54,normal
6,spoofing_tampering,low,30,UAV-022,40,59,normal
6,spoofing_tampering,low,30,UAV-022,45,64,normal
6,spoofing_tampering,low,30,UAV-022,50,70,normal
6,spoofing_tampering,low,30,UAV-022,55,74,spoofing_tampering
6,spoofing_tampering,low,30,UAV-022,60,80,spoofing_tampering
6,spoofing_tampering,low,30,UAV-022,65,85,spoofing_tampering
6,spoofing_tampering,low,30,UAV-022,71,89,spoofing_tampering
6,spoofing_tampering,low,30,UAV-022,75,95,spoofing_tampering
6,spoofing_tampering,low,30,UAV-022,81,99,spoofing_tampering
6,spoofing_tampering,low,30,UAV-022,85,105,spoofing_tampering
6,spoofing_tampering,low,30,UAV-022,91,110,spoofing_tampering
6,spoofing_tampering,low,30,UAV-022,95,115,spoofing_tampering
6,spoofing_tampering,low,30,UAV-022,100,119,spoofing_tampering
6,spoofing_tampering,low,30,UAV-022,106,124,spoofing_tampering
6,spoofing_tampering,low,30,UAV-022,111,129,spoofing_tampering
6,spoofing_tampering,low,30,UAV-022,115,134,normal
6,spoofing_tampering,low,30,UAV-022,120,139,normal
6,spoofing_tampering,low,30,UAV-022,125,144,normal
6,spoofing_tampering,low,30,UAV-022,130,149,spoofing_tampering
6,spoofing_tampering,low,30,UAV-022,135,155,normal
6,spoofing_tampering,low,30,UAV-022,140,160,spoofing_tampering
6,spoofing_tampering,low,30,UAV-022,144,164,spoofing_tampering
6,spoofing_tampering,low,30,UAV-022,150,169,spoofing_tampering
6,spoofing_tampering,low,30,UAV-022,156,174,spoofing_tampering
6,spoofing_tampering,low,30,UAV-022,160,179,spoofing_tampering
6,spoofing_tampering,low,30,UAV-022,165,184,normal
6,spoofing_tampering,low,30,UAV-022,170,189,normal
6,spoofing_tampering,low,30,UAV-022,175,194,normal
6,spoofing_tampering,low,30,UAV-022,180,199,normal
6,spoofing_tampering,low,30,UAV-022,185,204,normal
6,spoofing_tampering,low,30,UAV-022,190,209,normal
6,spoofing_tampering,low,30,UAV-022,195,214,normal
6,spoofing_tampering,low,30,UAV-022,200,219,normal
6,spoofing_tampering,low,30,UAV-022,205,224,normal
6,spoofing_tampering,low,30,UAV-022,210,229,normal
6,spoofing_tampering,low,30,UAV-022,215,234,normal
6,spoofing_tampering,low,30,UAV-022,220,239,normal
6,spoofing_tampering,medium,10,UAV-007,0,19,normal
6,spoofing_tampering,medium,10,UAV-007,5,24,normal
6,spoofing_tampering,medium,10,UAV-007,10,29,normal
6,spoofing_tampering,medium,10,UAV-007,15,34,normal
6,spoofing_tampering,medium,10,UAV-007,20,39,normal
6,spoofing_tampering,medium,10,UAV-007,25,44,normal
6,spoofing_tampering,medium,10,UAV-007,30,49,normal
6,spoofing_tampering,medium,10,UAV-007,35,54,normal
6,spoofing_tampering,medium,10,UAV-007,40,58,normal
6,spoofing_tampering,medium,10,UAV-007,45,63,normal
6,spoofing_tampering,medium,10,UAV-007,50,68,normal
6,spoofing_tampering,medium,10,UAV-007,54,73,spoofing_tampering
6,spoofing_tampering,medium,10,UAV-007,59,80,spoofing_tampering
6,spoofing_tampering,medium,10,UAV-007,64,84,spoofing_tampering
6,spoofing_tampering,medium,10,UAV-007,69,87,spoofing_tampering
6,spoofing_tampering,medium,10,UAV-007,76,93,spoofing_tampering
6,spoofing_tampering,medium,10,UAV-007,81,99,spoofing_tampering
6,spoofing_tampering,medium,10,UAV-007,85,104,spoofing_tampering
6,spoofing_tampering,medium,10,UAV-007,89,109,spoofing_tampering
6,spoofing_tampering,medium,10,UAV-007,95,113,spoofing_tampering
6,spoofing_tampering,medium,10,UAV-007,100,120,spoofing_tampering
6,spoofing_tampering,medium,10,UAV-007,105,125,spoofing_tampering
6,spoofing_tampering,medium,10,UAV-007,110,130,spoofing_tampering
6,spoofing_tampering,medium,10,UAV-007,116,133,spoofing_tampering
6,spoofing_tampering,medium,10,UAV-007,122,137,spoofing_tampering
6,spoofing_tampering,medium,10,UAV-007,126,142,spoofing_tampering
6,spoofing_tampering,medium,10,UAV-007,131,147,spoofing_tampering
6,spoofing_tampering,medium,10,UAV-007,135,154,spoofing_tampering
6,spoofing_tampering,medium,10,UAV-007,138,159,spoofing_tampering
6,spoofing_tampering,medium,10,UAV-007,143,164,spoofing_tampering
6,spoofing_tampering,medium,10,UAV-007,148,168,spoofing_tampering
6,spoofing_tampering,medium,10,UAV-007,155,175,spoofing_tampering
6,spoofing_tampering,medium,10,UAV-007,160,180,spoofing_tampering
6,spoofing_tampering,medium,10,UAV-007,165,184,spoofing_tampering
6,spoofing_tampering,medium,10,UAV-007,169,189,spoofing_tampering
6,spoofing_tampering,medium,10,UAV-007,176,194,normal
6,spoofing_tampering,medium,10,UAV-007,181,199,normal
6,spoofing_tampering,medium,10,UAV-007,185,204,normal
6,spoofing_tampering,medium,10,UAV-007,190,209,normal
6,spoofing_tampering,medium,10,UAV-007,195,214,normal
6,spoofing_tampering,medium,10,UAV-007,200,219,normal
6,spoofing_tampering,medium,10,UAV-007,205,224,normal
6,spoofing_tampering,medium,10,UAV-007,210,229,normal
6,spoofing_tampering,medium,10,UAV-007,215,234,normal
6,spoofing_tampering,medium,10,UAV-007,220,239,normal
6,tampering,high,20,UAV-008,0,19,normal
6,tampering,high,20,UAV-008,5,24,normal
6,tampering,high,20,UAV-008,10,29,normal
6,tampering,high,20,UAV-008,15,34,normal
6,tampering,high,20,UAV-008,20,39,normal
6,tampering,high,20,UAV-008,25,43,normal
6,tampering,high,20,UAV-008,30,48,normal
6,tampering,high,20,UAV-008,35,53,normal
6,tampering,high,20,UAV-008,40,58,normal
6,tampering,high,20,UAV-008,44,64,normal
6,tampering,high,20,UAV-008,49,67,tampering
6,tampering,high,20,UAV-008,54,71,tampering
6,tampering,high,20,UAV-008,59,77,tampering
6,tampering,high,20,UAV-008,65,83,tampering
6,tampering,high,20,UAV-008,67,87,tampering
6,tampering,high,20,UAV-008,72,93,tampering
6,tampering,high,20,UAV-008,79,98,tampering
6,tampering,high,20,UAV-008,84,102,tampering
6,tampering,high,20,UAV-008,88,108,tampering
6,tampering,high,20,UAV-008,94,112,tampering
6,tampering,high,20,UAV-008,100,117,tampering
6,tampering,high,20,UAV-008,103,124,tampering
6,tampering,high,20,UAV-008,108,130,tampering
6,tampering,high,20,UAV-008,113,136,tampering
6,tampering,high,20,UAV-008,119,141,tampering
6,tampering,high,20,UAV-008,125,146,tampering
6,tampering,high,20,UAV-008,131,150,tampering
6,tampering,high,20,UAV-008,137,153,tampering
6,tampering,high,20,UAV-008,142,158,tampering
6,tampering,high,20,UAV-008,147,166,tampering
6,tampering,high,20,UAV-008,151,172,tampering
6,tampering,high,20,UAV-008,153,176,tampering
6,tampering,high,20,UAV-008,159,180,tampering
6,tampering,high,20,UAV-008,167,185,tampering
6,tampering,high,20,UAV-008,173,190,tampering
6,tampering,high,20,UAV-008,176,194,normal
6,tampering,high,20,UAV-008,181,199,normal
6,tampering,high,20,UAV-008,186,204,normal
6,tampering,high,20,UAV-008,191,209,normal
6,tampering,high,20,UAV-008,195,214,normal
6,tampering,high,20,UAV-008,200,219,normal
6,tampering,high,20,UAV-008,205,224,normal
6,tampering,high,20,UAV-008,210,229,normal
6,tampering,high,20,UAV-008,215,234,normal
6,tampering,high,20,UAV-008,220,239,normal
6,tampering,high,20,UAV-010,0,19,normal
6,tampering,high,20,UAV-010,5,24,normal
6,tampering,high,20,UAV-010,10,29,normal
6,tampering,high,20,UAV-010,15,34,normal
6,tampering,high,20,UAV-010,20,39,normal
6,tampering,high,20,UAV-010,25,44,normal
6,tampering,high,20,UAV-010,30,49,normal
6,tampering,high,20,UAV-010,35,54,normal
6,tampering,high,20,UAV-010,40,59,normal
6,tampering,high,20,UAV-010,45,65,normal
6,tampering,high,20,UAV-010,50,70,tampering
6,tampering,high,20,UAV-010,55,73,tampering
6,tampering,high,20,UAV-010,60,77,tampering
6,tampering,high,20,UAV-010,66,81,tampering
6,tampering,high,20,UAV-010,71,89,tampering
6,tampering,high,20,UAV-010,74,93,tampering
6,tampering,high,20,UAV-010,78,99,tampering
6,tampering,high,20,UAV-010,83,103,tampering
6,tampering,high,20,UAV-010,90,108,tampering
6,tampering,high,20,UAV-010,94,113,tampering
6,tampering,high,20,UAV-010,99,118,tampering
6,tampering,high,20,UAV-010,104,125,tampering
6,tampering,high,20,UAV-010,109,130,tampering
6,tampering,high,20,UAV-010,114,135,tampering
6,tampering,high,20,UAV-010,119,140,tampering
6,tampering,high,20,UAV-010,126,144,tampering
6,tampering,high,20,UAV-010,131,147,tampering
6,tampering,high,20,UAV-010,136,155,tampering
6,tampering,high,20,UAV-010,141,159,tampering
6,tampering,high,20,UAV-010,145,164,tampering
6,tampering,high,20,UAV-010,148,169,tampering
6,tampering,high,20,UAV-010,156,175,tampering
6,tampering,high,20,UAV-010,160,181,tampering
6,tampering,high,20,UAV-010,165,186,tampering
6,tampering,high,20,UAV-010,170,190,tampering
6,tampering,high,20,UAV-010,176,194,normal
6,tampering,high,20,UAV-010,182,199,normal
6,tampering,high,20,UAV-010,187,204,normal
6,tampering,high,20,UAV-010,191,209,normal
6,tampering,high,20,UAV-010,195,214,normal
6,tampering,high,20,UAV-010,200,219,normal
6,tampering,high,20,UAV-010,205,224,normal
6,tampering,high,20,UAV-010,210,229,normal
6,tampering,high,20,UAV-010,215,234,normal
6,tampering,high,20,UAV-010,220,239,normal
6,tampering,high,30,UAV-010,0,19,normal
6,tampering,high,30,UAV-010,5,24,normal
6,tampering,high,30,UAV-010,10,29,normal
6,tampering,high,30,UAV-010,15,34,normal
6,tampering,high,30,UAV-010,20,39,normal
6,tampering,high,30,UAV-010,25,44,normal
6,tampering,high,30,UAV-010,30,49,normal
6,tampering,high,30,UAV-010,35,54,normal
6,tampering,high,30,UAV-010,40,59,normal
6,tampering,high,30,UAV-010,45,63,normal
6,tampering,high,30,UAV-010,50,68,normal
6,tampering,high,30,UAV-010,55,73,tampering
6,tampering,high,30,UAV-010,60,79,tampering
6,tampering,high,30,UAV-010,64,85,tampering
6,tampering,high,30,UAV-010,69,90,tampering
6,tampering,high,30,UAV-010,74,93,tampering
6,tampering,high,30,UAV-010,82,100,tampering
6,tampering,high,30,UAV-010,86,104,tampering
6,tampering,high,30,UAV-010,90,109,tampering
6,tampering,high,30,UAV-010,94,114,tampering
6,tampering,high,30,UAV-010,101,120,tampering
6,tampering,high,30,UAV-010,105,123,tampering
6,tampering,high,30,UAV-010,110,126,tampering
6,tampering,high,30,UAV-010,115,132,tampering
6,tampering,high,30,UAV-010,121,137,tampering
6,tampering,high,30,UAV-010,123,141,tampering
6,tampering,high,30,UAV-010,127,149,tampering
6,tampering,high,30,UAV-010,132,154,tampering
6,tampering,high,30,UAV-010,138,158,tampering
6,tampering,high,30,UAV-010,143,163,tampering
6,tampering,high,30,UAV-010,150,168,tampering
6,tampering,high,30,UAV-010,155,173,tampering
6,tampering,high,30,UAV-010,160,179,tampering
6,tampering,high,30,UAV-010,164,184,tampering
6,tampering,high,30,UAV-010,168,189,tampering
6,tampering,high,30,UAV-010,174,194,normal
6,tampering,high,30,UAV-010,180,199,normal
6,tampering,high,30,UAV-010,185,204,normal
6,tampering,high,30,UAV-010,190,209,normal
6,tampering,high,30,UAV-010,195,214,normal
6,tampering,high,30,UAV-010,200,219,normal
6,tampering,high,30,UAV-010,205,224,normal
6,tampering,high,30,UAV-010,210,229,normal
6,tampering,high,30,UAV-010,215,234,normal
6,tampering,high,30,UAV-010,220,239,normal
6,tampering,low,20,UAV-006,0,19,normal
6,tampering,low,20,UAV-006,5,24,normal
6,tampering,low,20,UAV-006,10,29,normal
6,tampering,low,20,UAV-006,15,34,normal
6,tampering,low,20,UAV-006,20,39,normal
6,tampering,low,20,UAV-006,25,44,normal
6,tampering,low,20,UAV-006,30,49,normal
6,tampering,low,20,UAV-006,35,54,normal
6,tampering,low,20,UAV-006,40,59,normal
6,tampering,low,20,UAV-006,45,64,normal
6,tampering,low,20,UAV-006,50,69,normal
6,tampering,low,20,UAV-006,55,74,normal
6,tampering,low,20,UAV-006,60,79,tampering
6,tampering,low,20,UAV-006,65,84,tampering
6,tampering,low,20,UAV-006,70,89,tampering
6,tampering,low,20,UAV-006,75,94,tampering
6,tampering,low,20,UAV-006,80,99,tampering
6,tampering,low,20,UAV-006,85,104,normal
6,tampering,low,20,UAV-006,89,109,normal
6,tampering,low,20,UAV-006,95,114,tampering
6,tampering,low,20,UAV-006,100,119,tampering
6,tampering,low,20,UAV-006,105,125,tampering
6,tampering,low,20,UAV-006,110,129,tampering
6,tampering,low,20,UAV-006,115,135,tampering
6,tampering,low,20,UAV-006,120,140,tampering
6,tampering,low,20,UAV-006,126,145,tampering
6,tampering,low,20,UAV-006,130,149,tampering
6,tampering,low,20,UAV-006,136,154,tampering
6,tampering,low,20,UAV-006,141,158,tampering
6,tampering,low,20,UAV-006,146,162,tampering
6,tampering,low,20,UAV-006,150,168,tampering
6,tampering,low,20,UAV-006,155,175,tampering
6,tampering,low,20,UAV-006,159,181,tampering
6,tampering,low,20,UAV-006,163,185,normal
6,tampering,low,20,UAV-006,171,189,tampering
6,tampering,low,20,UAV-006,175,194,normal
6,tampering,low,20,UAV-006,182,199,normal
6,tampering,low,20,UAV-006,186,204,normal
6,tampering,low,20,UAV-006,190,209,normal
6,tampering,low,20,UAV-006,195,214,normal
6,tampering,low,20,UAV-006,200,219,normal
6,tampering,low,20,UAV-006,205,224,normal
6,tampering,low,20,UAV-006,210,229,normal
6,tampering,low,20,UAV-006,215,234,normal
6,tampering,low,20,UAV-006,220,239,normal
6,tampering,low,20,UAV-019,0,19,normal
6,tampering,low,20,UAV-019,5,24,normal
6,tampering,low,20,UAV-019,10,29,normal
6,tampering,low,20,UAV-019,15,34,normal
6,tampering,low,20,UAV-019,20,39,normal
6,tampering,low,20,UAV-019,25,44,normal
6,tampering,low,20,UAV-019,30,49,normal
6,tampering,low,20,UAV-019,35,54,normal
6,tampering,low,20,UAV-019,40,59,normal
6,tampering,low,20,UAV-019,45,65,normal
6,tampering,low,20,UAV-019,50,70,normal
6,tampering,low,20,UAV-019,55,73,tampering
6,tampering,low,20,UAV-019,61,80,tampering
6,tampering,low,20,UAV-019,65,84,tampering
6,tampering,low,20,UAV-019,71,89,tampering
6,tampering,low,20,UAV-019,74,94,tampering
6,tampering,low,20,UAV-019,81,100,tampering
6,tampering,low,20,UAV-019,85,105,tampering
6,tampering,low,20,UAV-019,90,108,tampering
6,tampering,low,20,UAV-019,95,113,tampering
6,tampering,low,20,UAV-019,101,119,tampering
6,tampering,low,20,UAV-019,106,125,tampering
6,tampering,low,20,UAV-019,109,129,tampering
6,tampering,low,20,UAV-019,114,134,tampering
6,tampering,low,20,UAV-019,120,139,tampering
6,tampering,low,20,UAV-019,126,144,tampering
6,tampering,low,20,UAV-019,130,149,tampering
6,tampering,low,20,UAV-019,135,153,normal
6,tampering,low,20,UAV-019,141,159,tampering
6,tampering,low,20,UAV-019,145,163,normal
6,tampering,low,20,UAV-019,150,170,tampering
6,tampering,low,20,UAV-019,155,173,tampering
6,tampering,low,20,UAV-019,160,180,tampering
6,tampering,low,20,UAV-019,164,185,tampering
6,tampering,low,20,UAV-019,170,189,normal
6,tampering,low,20,UAV-019,174,194,normal
6,tampering,low,20,UAV-019,181,199,normal
6,tampering,low,20,UAV-019,186,204,normal
6,tampering,low,20,UAV-019,190,209,normal
6,tampering,low,20,UAV-019,195,214,normal
6,tampering,low,20,UAV-019,200,219,normal
6,tampering,low,20,UAV-019,205,224,normal
6,tampering,low,20,UAV-019,210,229,normal
6,tampering,low,20,UAV-019,215,234,normal
6,tampering,low,20,UAV-019,220,239,normal
6,tampering,low,30,UAV-007,0,19,normal
6,tampering,low,30,UAV-007,5,24,normal
6,tampering,low,30,UAV-007,10,29,normal
6,tampering,low,30,UAV-007,15,34,normal
6,tampering,low,30,UAV-007,20,39,normal
6,tampering,low,30,UAV-007,25,44,normal
6,tampering,low,30,UAV-007,30,49,normal
6,tampering,low,30,UAV-007,35,54,normal
6,tampering,low,30,UAV-007,40,59,normal
6,tampering,low,30,UAV-007,45,65,normal
6,tampering,low,30,UAV-007,50,69,normal
6,tampering,low,30,UAV-007,55,74,normal
6,tampering,low,30,UAV-007,60,81,tampering
6,tampering,low,30,UAV-007,66,86,tampering
6,tampering,low,30,UAV-007,70,90,tampering
6,tampering,low,30,UAV-007,76,94,tampering
6,tampering,low,30,UAV-007,82,99,tampering
6,tampering,low,30,UAV-007,86,104,tampering
6,tampering,low,30,UAV-007,91,109,tampering
6,tampering,low,30,UAV-007,95,114,normal
6,tampering,low,30,UAV-007,100,118,normal
6,tampering,low,30,UAV-007,105,123,tampering
6,tampering,low,30,UAV-007,110,128,normal
6,tampering,low,30,UAV-007,115,134,tampering
6,tampering,low,30,UAV-007,119,139,tampering
6,tampering,low,30,UAV-007,124,143,tampering
6,tampering,low,30,UAV-007,129,149,tampering
6,tampering,low,30,UAV-007,135,154,tampering
6,tampering,low,30,UAV-007,139,159,tampering
6,tampering,low,30,UAV-007,145,164,normal
6,tampering,low,30,UAV-007,150,169,normal
6,tampering,low,30,UAV-007,155,174,normal
6,tampering,low,30,UAV-007,160,180,normal
6,tampering,low,30,UAV-007,165,184,normal
6,tampering,low,30,UAV-007,170,189,normal
6,tampering,low,30,UAV-007,176,194,normal
6,tampering,low,30,UAV-007,181,199,normal
6,tampering,low,30,UAV-007,185,204,normal
6,tampering,low,30,UAV-007,190,209,normal
6,tampering,low,30,UAV-007,195,214,normal
6,tampering,low,30,UAV-007,200,219,normal
6,tampering,low,30,UAV-007,205,224,normal
6,tampering,low,30,UAV-007,210,229,normal
6,tampering,low,30,UAV-007,215,234,normal
6,tampering,low,30,UAV-007,220,239,normal
6,tampering,medium,10,UAV-001,0,19,normal
6,tampering,medium,10,UAV-001,5,24,normal
6,tampering,medium,10,UAV-001,10,29,normal
6,tampering,medium,10,UAV-001,15,34,normal
6,tampering,medium,10,UAV-001,20,39,normal
6,tampering,medium,10,UAV-001,25,44,normal
6,tampering,medium,10,UAV-001,30,49,normal
6,tampering,medium,10,UAV-001,35,54,normal
6,tampering,medium,10,UAV-001,40,58,normal
6,tampering,medium,10,UAV-001,45,63,normal
6,tampering,medium,10,UAV-001,50,68,normal
6,tampering,medium,10,UAV-001,54,73,tampering
6,tampering,medium,10,UAV-001,59,78,tampering
6,tampering,medium,10,UAV-001,64,84,tampering
6,tampering,medium,10,UAV-001,69,89,tampering
6,tampering,medium,10,UAV-001,74,93,tampering
6,tampering,medium,10,UAV-001,79,99,tampering
6,tampering,medium,10,UAV-001,85,103,tampering
6,tampering,medium,10,UAV-001,90,110,tampering
6,tampering,medium,10,UAV-001,95,115,tampering
6,tampering,medium,10,UAV-001,100,119,tampering
6,tampering,medium,10,UAV-001,104,124,tampering
6,tampering,medium,10,UAV-001,111,129,tampering
6,tampering,medium,10,UAV-001,116,135,tampering
6,tampering,medium,10,UAV-001,120,141,tampering
6,tampering,medium,10,UAV-001,125,146,tampering
6,tampering,medium,10,UAV-001,130,151,tampering
6,tampering,medium,10,UAV-001,137,155,tampering
6,tampering,medium,10,UAV-001,142,159,tampering
6,tampering,medium,10,UAV-001,147,165,tampering
6,tampering,medium,10,UAV-001,152,171,tampering
6,tampering,medium,10,UAV-001,155,175,tampering
6,tampering,medium,10,UAV-001,161,180,tampering
6,tampering,medium,10,UAV-001,166,185,normal
6,tampering,medium,10,UAV-001,172,189,normal
6,tampering,medium,10,UAV-001,176,194,normal
6,tampering,medium,10,UAV-001,181,199,normal
6,tampering,medium,10,UAV-001,186,204,normal
6,tampering,medium,10,UAV-001,190,209,normal
6,tampering,medium,10,UAV-001,195,214,normal
6,tampering,medium,10,UAV-001,200,219,normal
6,tampering,medium,10,UAV-001,205,224,normal
6,tampering,medium,10,UAV-001,210,229,normal
6,tampering,medium,10,UAV-001,215,234,normal
6,tampering,medium,10,UAV-001,220,239,normal
6,tampering,medium,10,UAV-006,0,19,normal
6,tampering,medium,10,UAV-006,5,24,normal
6,tampering,medium,10,UAV-006,10,29,normal
6,tampering,medium,10,UAV-006,15,34,normal
6,tampering,medium,10,UAV-006,20,39,normal
6,tampering,medium,10,UAV-006,25,44,normal
6,tampering,medium,10,UAV-006,30,49,normal
6,tampering,medium,10,UAV-006,35,54,normal
6,tampering,medium,10,UAV-006,40,59,normal
6,tampering,medium,10,UAV-006,45,65,normal
6,tampering,medium,10,UAV-006,50,71,tampering
6,tampering,medium,10,UAV-006,55,74,tampering
6,tampering,medium,10,UAV-006,61,79,tampering
6,tampering,medium,10,UAV-006,67,84,tampering
6,tampering,medium,10,UAV-006,72,89,tampering
6,tampering,medium,10,UAV-006,75,94,tampering
6,tampering,medium,10,UAV-006,80,97,tampering
6,tampering,medium,10,UAV-006,85,102,tampering
6,tampering,medium,10,UAV-006,90,105,tampering
6,tampering,medium,10,UAV-006,95,111,tampering
6,tampering,medium,10,UAV-006,98,116,tampering
6,tampering,medium,10,UAV-006,102,123,tampering
6,tampering,medium,10,UAV-006,106,128,tampering
6,tampering,medium,10,UAV-006,112,133,tampering
6,tampering,medium,10,UAV-006,117,138,tampering
6,tampering,medium,10,UAV-006,124,145,tampering
6,tampering,medium,10,UAV-006,129,150,tampering
6,tampering,medium,10,UAV-006,134,154,tampering
6,tampering,medium,10,UAV-006,140,160,tampering
6,tampering,medium,10,UAV-006,146,163,tampering
6,tampering,medium,10,UAV-006,150,169,tampering
6,tampering,medium,10,UAV-006,155,174,tampering
6,tampering,medium,10,UAV-006,161,179,tampering
6,tampering,medium,10,UAV-006,164,184,tampering
6,tampering,medium,10,UAV-006,170,189,tampering
6,tampering,medium,10,UAV-006,175,194,normal
6,tampering,medium,10,UAV-006,180,199,normal
6,tampering,medium,10,UAV-006,185,204,normal
6,tampering,medium,10,UAV-006,190,209,normal
6,tampering,medium,10,UAV-006,195,214,normal
6,tampering,medium,10,UAV-006,200,219,normal
6,tampering,medium,10,UAV-006,205,224,normal
6,tampering,medium,10,UAV-006,210,229,normal
6,tampering,medium,10,UAV-006,215,234,normal
6,tampering,medium,10,UAV-006,220,239,normal
6,tampering,medium,20,UAV-012,0,19,normal
6,tampering,medium,20,UAV-012,5,24,normal
6,tampering,medium,20,UAV-012,10,29,normal
6,tampering,medium,20,UAV-012,15,34,normal
6,tampering,medium,20,UAV-012,20,39,normal
6,tampering,medium,20,UAV-012,25,44,normal
6,tampering,medium,20,UAV-012,30,49,normal
6,tampering,medium,20,UAV-012,35,54,normal
6,tampering,medium,20,UAV-012,40,58,normal
6,tampering,medium,20,UAV-012,45,63,normal
6,tampering,medium,20,UAV-012,50,67,tampering
6,tampering,medium,20,UAV-012,55,71,tampering
6,tampering,medium,20,UAV-012,59,76,tampering
6,tampering,medium,20,UAV-012,64,85,tampering
6,tampering,medium,20,UAV-012,68,89,tampering
6,tampering,medium,20,UAV-012,72,94,tampering
6,tampering,medium,20,UAV-012,77,98,tampering
6,tampering,medium,20,UAV-012,86,101,tampering
6,tampering,medium,20,UAV-012,90,107,tampering
6,tampering,medium,20,UAV-012,95,114,tampering
6,tampering,medium,20,UAV-012,99,119,tampering
6,tampering,medium,20,UAV-012,102,124,tampering
6,tampering,medium,20,UAV-012,108,128,tampering
6,tampering,medium,20,UAV-012,114,135,tampering
6,tampering,medium,20,UAV-012,120,139,tampering
6,tampering,medium,20,UAV-012,125,143,tampering
6,tampering,medium,20,UAV-012,129,148,tampering
6,tampering,medium,20,UAV-012,136,154,tampering
6,tampering,medium,20,UAV-012,140,161,tampering
6,tampering,medium,20,UAV-012,144,165,tampering
6,tampering,medium,20,UAV-012,149,171,tampering
6,tampering,medium,20,UAV-012,157,176,tampering
6,tampering,medium,20,UAV-012,162,181,tampering
6,tampering,medium,20,UAV-012,167,185,tampering
6,tampering,medium,20,UAV-012,171,190,tampering
6,tampering,medium,20,UAV-012,177,194,normal
6,tampering,medium,20,UAV-012,182,199,normal
6,tampering,medium,20,UAV-012,186,204,normal
6,tampering,medium,20,UAV-012,191,209,normal
6,tampering,medium,20,UAV-012,195,214,normal
6,tampering,medium,20,UAV-012,200,219,normal
6,tampering,medium,20,UAV-012,205,224,normal
6,tampering,medium,20,UAV-012,210,229,normal
6,tampering,medium,20,UAV-012,215,234,normal
6,tampering,medium,20,UAV-012,220,239,normal
7,combined,high,30,UAV-002,0,19,normal
7,combined,high,30,UAV-002,5,24,normal
7,combined,high,30,UAV-002,10,29,normal
7,combined,high,30,UAV-002,15,34,normal
7,combined,high,30,UAV-002,20,39,normal
7,combined,high,30,UAV-002,25,44,normal
7,combined,high,30,UAV-002,30,49,normal
7,combined,high,30,UAV-002,35,53,normal
7,combined,high,30,UAV-002,40,58,normal
7,combined,high,30,UAV-002,45,62,normal
7,combined,high,30,UAV-002,50,69,combined
7,combined,high,30,UAV-002,54,76,combined
7,combined,high,30,UAV-002,59,80,combined
7,combined,high,30,UAV-002,63,85,combined
7,combined,high,30,UAV-002,70,90,combined
7,combined,high,30,UAV-002,77,95,combined
7,combined,high,30,UAV-002,81,101,combined
7,combined,high,30,UAV-002,86,104,combined
7,combined,high,30,UAV-002,91,107,combined
7,combined,high,30,UAV-002,95,112,combined
7,combined,high,30,UAV-002,102,120,combined
7,combined,high,30,UAV-002,105,123,combined
7,combined,high,30,UAV-002,108,128,combined
7,combined,high,30,UAV-002,114,133,combined
7,combined,high,30,UAV-002,120,142,combined
7,combined,high,30,UAV-002,124,147,combined
7,combined,high,30,UAV-002,128,152,combined
7,combined,high,30,UAV-002,134,156,combined
7,combined,high,30,UAV-002,144,161,combined
7,combined,high,30,UAV-002,148,164,combined
7,combined,high,30,UAV-002,153,169,combined
7,combined,high,30,UAV-002,157,175,combined
7,combined,high,30,UAV-002,162,181,combined
7,combined,high,30,UAV-002,165,186,combined
7,combined,high,30,UAV-002,170,190,combined
7,combined,high,30,UAV-002,176,195,normal
7,combined,high,30,UAV-002,182,200,normal
7,combined,high,30,UAV-002,187,205,normal
7,combined,high,30,UAV-002,191,209,normal
7,combined,high,30,UAV-002,196,214,normal
7,combined,high,30,UAV-002,201,219,normal
7,combined,high,30,UAV-002,205,224,normal
7,combined,high,30,UAV-002,210,229,normal
7,combined,high,30,UAV-002,215,234,normal
7,combined,high,30,UAV-002,220,239,normal
7,combined,low,20,UAV-001,0,19,normal
7,combined,low,20,UAV-001,5,24,normal
7,combined,low,20,UAV-001,10,29,normal
7,combined,low,20,UAV-001,15,34,normal
7,combined,low,20,UAV-001,20,39,normal
7,combined,low,20,UAV-001,25,44,normal
7,combined,low,20,UAV-001,30,49,normal
7,combined,low,20,UAV-001,35,53,normal
7,combined,low,20,UAV-001,40,58,normal
7,combined,low,20,UAV-001,45,64,normal
7,combined,low,20,UAV-001,50,69,combined
7,combined,low,20,UAV-001,54,74,combined
7,combined,low,20,UAV-001,59,79,combined
7,combined,low,20,UAV-001,65,86,combined
7,combined,low,20,UAV-001,71,90,combined
7,combined,low,20,UAV-001,76,94,combined
7,combined,low,20,UAV-001,80,99,combined
7,combined,low,20,UAV-001,86,104,combined
7,combined,low,20,UAV-001,91,108,combined
7,combined,low,20,UAV-001,95,114,combined
7,combined,low,20,UAV-001,100,119,combined
7,combined,low,20,UAV-001,105,124,combined
7,combined,low,20,UAV-001,109,129,combined
7,combined,low,20,UAV-001,115,134,normal
7,combined,low,20,UAV-001,120,139,normal
7,combined,low,20,UAV-001,125,144,normal
7,combined,low,20,UAV-001,130,148,normal
7,combined,low,20,UAV-001,135,153,combined
7,combined,low,20,UAV-001,140,160,combined
7,combined,low,20,UAV-001,145,165,combined
7,combined,low,20,UAV-001,149,169,combined
7,combined,low,20,UAV-001,155,174,combined
7,combined,low,20,UAV-001,160,179,combined
7,combined,low,20,UAV-001,165,184,normal
7,combined,low,20,UAV-001,170,189,normal
7,combined,low,20,UAV-001,175,194,normal
7,combined,low,20,UAV-001,180,199,normal
7,combined,low,20,UAV-001,185,204,normal
7,combined,low,20,UAV-001,190,209,normal
7,combined,low,20,UAV-001,195,214,normal
7,combined,low,20,UAV-001,200,219,normal
7,combined,low,20,UAV-001,205,224,normal
7,combined,low,20,UAV-001,210,229,normal
7,combined,low,20,UAV-001,215,234,normal
7,combined,low,20,UAV-001,220,239,normal
7,combined,low,30,UAV-004,0,19,normal
7,combined,low,30,UAV-004,5,24,normal
7,combined,low,30,UAV-004,10,29,normal
7,combined,low,30,UAV-004,15,34,normal
7,combined,low,30,UAV-004,20,39,normal
7,combined,low,30,UAV-004,25,44,normal
7,combined,low,30,UAV-004,30,49,normal
7,combined,low,30,UAV-004,35,54,normal
7,combined,low,30,UAV-004,40,58,normal
7,combined,low,30,UAV-004,45,64,normal
7,combined,low,30,UAV-004,50,69,normal
7,combined,low,30,UAV-004,55,74,combined
7,combined,low,30,UAV-004,59,79,combined
7,combined,low,30,UAV-004,65,84,combined
7,combined,low,30,UAV-004,70,88,combined
7,combined,low,30,UAV-004,75,94,normal
7,combined,low,30,UAV-004,80,99,normal
7,combined,low,30,UAV-004,84,104,normal
7,combined,low,30,UAV-004,89,109,normal
7,combined,low,30,UAV-004,95,114,combined
7,combined,low,30,UAV-004,100,118,combined
7,combined,low,30,UAV-004,105,123,combined
7,combined,low,30,UAV-004,110,129,combined
7,combined,low,30,UAV-004,115,134,combined
7,combined,low,30,UAV-004,119,139,combined
7,combined,low,30,UAV-004,124,144,normal
7,combined,low,30,UAV-004,130,149,combined
7,combined,low,30,UAV-004,135,154,combined
7,combined,low,30,UAV-004,140,158,combined
7,combined,low,30,UAV-004,145,164,combined
7,combined,low,30,UAV-004,150,170,combined
7,combined,low,30,UAV-004,155,174,combined
7,combined,low,30,UAV-004,159,179,combined
7,combined,low,30,UAV-004,165,184,combined
7,combined,low,30,UAV-004,171,189,combined
7,combined,low,30,UAV-004,175,194,normal
7,combined,low,30,UAV-004,180,199,normal
7,combined,low,30,UAV-004,185,204,normal
7,combined,low,30,UAV-004,190,209,normal
7,combined,low,30,UAV-004,195,214,normal
7,combined,low,30,UAV-004,200,219,normal
7,combined,low,30,UAV-004,205,224,normal
7,combined,low,30,UAV-004,210,229,normal
7,combined,low,30,UAV-004,215,234,normal
7,combined,low,30,UAV-004,220,239,normal
7,combined,medium,30,UAV-009,0,19,normal
7,combined,medium,30,UAV-009,5,24,normal
7,combined,medium,30,UAV-009,10,29,normal
7,combined,medium,30,UAV-009,15,34,normal
7,combined,medium,30,UAV-009,20,39,normal
7,combined,medium,30,UAV-009,25,44,normal
7,combined,medium,30,UAV-009,30,49,normal
7,combined,medium,30,UAV-009,35,54,normal
7,combined,medium,30,UAV-009,40,59,normal
7,combined,medium,30,UAV-009,45,64,normal
7,combined,medium,30,UAV-009,50,69,combined
7,combined,medium,30,UAV-009,55,75,combined
7,combined,medium,30,UAV-009,60,80,combined
7,combined,medium,30,UAV-009,65,85,combined
7,combined,medium,30,UAV-009,70,91,combined
7,combined,medium,30,UAV-009,76,94,combined
7,combined,medium,30,UAV-009,80,100,combined
7,combined,medium,30,UAV-009,85,106,combined
7,combined,medium,30,UAV-009,92,111,combined
7,combined,medium,30,UAV-009,97,115,combined
7,combined,medium,30,UAV-009,101,121,combined
7,combined,medium,30,UAV-009,107,126,combined
7,combined,medium,30,UAV-009,111,132,combined
7,combined,medium,30,UAV-009,117,135,combined
7,combined,medium,30,UAV-009,121,139,combined
7,combined,medium,30,UAV-009,127,144,combined
7,combined,medium,30,UAV-009,133,149,combined
7,combined,medium,30,UAV-009,136,154,combined
7,combined,medium,30,UAV-009,140,159,combined
7,combined,medium,30,UAV-009,144,165,combined
7,combined,medium,30,UAV-009,150,170,combined
7,combined,medium,30,UAV-009,155,174,combined
7,combined,medium,30,UAV-009,160,180,combined
7,combined,medium,30,UAV-009,166,185,combined
7,combined,medium,30,UAV-009,170,190,combined
7,combined,medium,30,UAV-009,175,194,normal
7,combined,medium,30,UAV-009,181,199,normal
7,combined,medium,30,UAV-009,186,204,normal
7,combined,medium,30,UAV-009,191,209,normal
7,combined,medium,30,UAV-009,195,214,normal
7,combined,medium,30,UAV-009,200,219,normal
7,combined,medium,30,UAV-009,205,224,normal
7,combined,medium,30,UAV-009,210,229,normal
7,combined,medium,30,UAV-009,215,234,normal
7,combined,medium,30,UAV-009,220,239,normal
7,combined,medium,30,UAV-014,0,19,normal
7,combined,medium,30,UAV-014,5,24,normal
7,combined,medium,30,UAV-014,10,29,normal
7,combined,medium,30,UAV-014,15,34,normal
7,combined,medium,30,UAV-014,20,39,normal
7,combined,medium,30,UAV-014,25,44,normal
7,combined,medium,30,UAV-014,30,49,normal
7,combined,medium,30,UAV-014,35,54,normal
7,combined,medium,30,UAV-014,40,58,normal
7,combined,medium,30,UAV-014,45,62,normal
7,combined,medium,30,UAV-014,50,68,normal
7,combined,medium,30,UAV-014,54,73,combined
7,combined,medium,30,UAV-014,59,79,combined
7,combined,medium,30,UAV-014,64,84,combined
7,combined,medium,30,UAV-014,69,89,combined
7,combined,medium,30,UAV-014,75,92,combined
7,combined,medium,30,UAV-014,80,97,combined
7,combined,medium,30,UAV-014,85,103,combined
7,combined,medium,30,UAV-014,89,110,combined
7,combined,medium,30,UAV-014,93,116,combined
7,combined,medium,30,UAV-014,98,120,combined
7,combined,medium,30,UAV-014,104,124,combined
7,combined,medium,30,UAV-014,111,130,combined
7,combined,medium,30,UAV-014,117,134,combined
7,combined,medium,30,UAV-014,121,139,combined
7,combined,medium,30,UAV-014,126,143,combined
7,combined,medium,30,UAV-014,130,148,combined
7,combined,medium,30,UAV-014,136,151,combined
7,combined,medium,30,UAV-014,140,157,combined
7,combined,medium,30,UAV-014,144,163,combined
7,combined,medium,30,UAV-014,149,168,combined
7,combined,medium,30,UAV-014,152,175,combined
7,combined,medium,30,UAV-014,158,179,combined
7,combined,medium,30,UAV-014,163,184,combined
7,combined,medium,30,UAV-014,172,189,combined
7,combined,medium,30,UAV-014,176,194,normal
7,combined,medium,30,UAV-014,180,199,normal
7,combined,medium,30,UAV-014,185,204,normal
7,combined,medium,30,UAV-014,190,209,normal
7,combined,medium,30,UAV-014,195,214,normal
7,combined,medium,30,UAV-014,200,219,normal
7,combined,medium,30,UAV-014,205,224,normal
7,combined,medium,30,UAV-014,210,229,normal
7,combined,medium,30,UAV-014,215,234,normal
7,combined,medium,30,UAV-014,220,239,normal
7,combined,medium,30,UAV-028,0,19,normal
7,combined,medium,30,UAV-028,5,24,normal
7,combined,medium,30,UAV-028,10,29,normal
7,combined,medium,30,UAV-028,15,34,normal
7,combined,medium,30,UAV-028,20,39,normal
7,combined,medium,30,UAV-028,25,44,normal
7,combined,medium,30,UAV-028,30,49,normal
7,combined,medium,30,UAV-028,35,54,normal
7,combined,medium,30,UAV-028,40,59,normal
7,combined,medium,30,UAV-028,45,64,normal
7,combined,medium,30,UAV-028,50,68,normal
7,combined,medium,30,UAV-028,55,73,combined
7,combined,medium,30,UAV-028,60,79,combined
7,combined,medium,30,UAV-028,64,84,combined
7,combined,medium,30,UAV-028,69,88,combined
7,combined,medium,30,UAV-028,74,93,combined
7,combined,medium,30,UAV-028,80,98,normal
7,combined,medium,30,UAV-028,85,104,combined
7,combined,medium,30,UAV-028,89,108,combined
7,combined,medium,30,UAV-028,94,113,combined
7,combined,medium,30,UAV-028,99,118,combined
7,combined,medium,30,UAV-028,105,123,combined
7,combined,medium,30,UAV-028,110,129,combined
7,combined,medium,30,UAV-028,114,134,combined
7,combined,medium,30,UAV-028,119,139,combined
7,combined,medium,30,UAV-028,124,143,combined
7,combined,medium,30,UAV-028,130,148,combined
7,combined,medium,30,UAV-028,135,153,combined
7,combined,medium,30,UAV-028,140,159,combined
7,combined,medium,30,UAV-028,144,165,combined
7,combined,medium,30,UAV-028,149,170,combined
7,combined,medium,30,UAV-028,155,174,combined
7,combined,medium,30,UAV-028,160,180,combined
7,combined,medium,30,UAV-028,165,185,combined
7,combined,medium,30,UAV-028,171,189,combined
7,combined,medium,30,UAV-028,175,194,normal
7,combined,medium,30,UAV-028,181,199,normal
7,combined,medium,30,UAV-028,185,204,normal
7,combined,medium,30,UAV-028,190,209,normal
7,combined,medium,30,UAV-028,195,214,normal
7,combined,medium,30,UAV-028,200,219,normal
7,combined,medium,30,UAV-028,205,224,normal
7,combined,medium,30,UAV-028,210,229,normal
7,combined,medium,30,UAV-028,215,234,normal
7,combined,medium,30,UAV-028,220,239,normal
7,jamming,high,30,UAV-008,0,19,normal
7,jamming,high,30,UAV-008,5,24,normal
7,jamming,high,30,UAV-008,10,29,normal
7,jamming,high,30,UAV-008,15,34,normal
7,jamming,high,30,UAV-008,20,39,normal
7,jamming,high,30,UAV-008,25,44,normal
7,jamming,high,30,UAV-008,30,49,normal
7,jamming,high,30,UAV-008,35,54,normal
7,jamming,high,30,UAV-008,40,59,normal
7,jamming,high,30,UAV-008,45,64,normal
7,jamming,high,30,UAV-008,50,69,jamming
7,jamming,high,30,UAV-008,55,74,jamming
7,jamming,high,30,UAV-008,60,79,jamming
7,jamming,high,30,UAV-008,65,84,jamming
7,jamming,high,30,UAV-008,70,89,jamming
7,jamming,high,30,UAV-008,75,94,jamming
7,jamming,high,30,UAV-008,80,99,jamming
7,jamming,high,30,UAV-008,85,104,jamming
7,jamming,high,30,UAV-008,90,109,jamming
7,jamming,high,30,UAV-008,95,114,jamming
7,jamming,high,30,UAV-008,100,119,jamming
7,jamming,high,30,UAV-008,105,124,jamming
7,jamming,high,30,UAV-008,110,129,jamming
7,jamming,high,30,UAV-008,115,134,jamming
7,jamming,high,30,UAV-008,120,139,jamming
7,jamming,high,30,UAV-008,125,144,jamming
7,jamming,high,30,UAV-008,130,149,jamming
7,jamming,high,30,UAV-008,135,154,jamming
7,jamming,high,30,UAV-008,140,159,jamming
7,jamming,high,30,UAV-008,145,164,jamming
7,jamming,high,30,UAV-008,150,169,jamming
7,jamming,high,30,UAV-008,155,174,jamming
7,jamming,high,30,UAV-008,160,179,jamming
7,jamming,high,30,UAV-008,165,184,jamming
7,jamming,high,30,UAV-008,170,189,jamming
7,jamming,high,30,UAV-008,175,194,normal
7,jamming,high,30,UAV-008,180,199,normal
7,jamming,high,30,UAV-008,185,204,normal
7,jamming,high,30,UAV-008,190,209,normal
7,jamming,high,30,UAV-008,195,214,normal
7,jamming,high,30,UAV-008,200,219,normal
7,jamming,high,30,UAV-008,205,224,normal
7,jamming,high,30,UAV-008,210,229,normal
7,jamming,high,30,UAV-008,215,234,normal
7,jamming,high,30,UAV-008,220,239,normal
7,jamming,high,30,UAV-029,0,19,normal
7,jamming,high,30,UAV-029,5,24,normal
7,jamming,high,30,UAV-029,10,29,normal
7,jamming,high,30,UAV-029,15,34,normal
7,jamming,high,30,UAV-029,20,39,normal
7,jamming,high,30,UAV-029,25,44,normal
7,jamming,high,30,UAV-029,30,49,normal
7,jamming,high,30,UAV-029,35,54,normal
7,jamming,high,30,UAV-029,40,59,normal
7,jamming,high,30,UAV-029,45,64,normal
7,jamming,high,30,UAV-029,50,69,jamming
7,jamming,high,30,UAV-029,55,74,jamming
7,jamming,high,30,UAV-029,60,79,jamming
7,jamming,high,30,UAV-029,65,84,jamming
7,jamming,high,30,UAV-029,70,89,jamming
7,jamming,high,30,UAV-029,75,94,jamming
7,jamming,high,30,UAV-029,80,99,jamming
7,jamming,high,30,UAV-029,85,104,jamming
7,jamming,high,30,UAV-029,90,109,jamming
7,jamming,high,30,UAV-029,95,114,jamming
7,jamming,high,30,UAV-029,100,119,jamming
7,jamming,high,30,UAV-029,105,124,jamming
7,jamming,high,30,UAV-029,110,129,jamming
7,jamming,high,30,UAV-029,115,134,jamming
7,jamming,high,30,UAV-029,120,139,jamming
7,jamming,high,30,UAV-029,125,144,jamming
7,jamming,high,30,UAV-029,130,149,jamming
7,jamming,high,30,UAV-029,135,154,jamming
7,jamming,high,30,UAV-029,140,159,jamming
7,jamming,high,30,UAV-029,145,164,jamming
7,jamming,high,30,UAV-029,150,169,jamming
7,jamming,high,30,UAV-029,155,174,jamming
7,jamming,high,30,UAV-029,160,179,jamming
7,jamming,high,30,UAV-029,165,184,jamming
7,jamming,high,30,UAV-029,170,189,normal
7,jamming,high,30,UAV-029,175,194,normal
7,jamming,high,30,UAV-029,180,199,normal
7,jamming,high,30,UAV-029,185,204,normal
7,jamming,high,30,UAV-029,190,209,normal
7,jamming,high,30,UAV-029,195,214,normal
7,jamming,high,30,UAV-029,200,219,normal
7,jamming,high,30,UAV-029,205,224,normal
7,jamming,high,30,UAV-029,210,229,normal
7,jamming,high,30,UAV-029,215,234,normal
7,jamming,high,30,UAV-029,220,239,normal
7,jamming,low,10,UAV-001,0,19,normal
7,jamming,low,10,UAV-001,5,24,normal
7,jamming,low,10,UAV-001,10,29,normal
7,jamming,low,10,UAV-001,15,34,normal
7,jamming,low,10,UAV-001,20,39,normal
7,jamming,low,10,UAV-001,25,44,normal
7,jamming,low,10,UAV-001,30,49,normal
7,jamming,low,10,UAV-001,35,54,normal
7,jamming,low,10,UAV-001,40,59,normal
7,jamming,low,10,UAV-001,45,64,normal
7,jamming,low,10,UAV-001,50,69,normal
7,jamming,low,10,UAV-001,55,74,normal
7,jamming,low,10,UAV-001,60,79,normal
7,jamming,low,10,UAV-001,65,84,normal
7,jamming,low,10,UAV-001,70,89,normal
7,jamming,low,10,UAV-001,75,94,jamming
7,jamming,low,10,UAV-001,80,99,jamming
7,jamming,low,10,UAV-001,85,104,jamming
7,jamming,low,10,UAV-001,90,109,jamming
7,jamming,low,10,UAV-001,95,114,jamming
7,jamming,low,10,UAV-001,100,119,jamming
7,jamming,low,10,UAV-001,105,124,jamming
7,jamming,low,10,UAV-001,110,129,jamming
7,jamming,low,10,UAV-001,115,134,jamming
7,jamming,low,10,UAV-001,120,139,jamming
7,jamming,low,10,UAV-001,125,144,jamming
7,jamming,low,10,UAV-001,130,149,jamming
7,jamming,low,10,UAV-001,135,154,jamming
7,jamming,low,10,UAV-001,140,159,jamming
7,jamming,low,10,UAV-001,145,164,jamming
7,jamming,low,10,UAV-001,150,169,normal
7,jamming,low,10,UAV-001,155,174,normal
7,jamming,low,10,UAV-001,160,179,normal
7,jamming,low,10,UAV-001,165,184,normal
7,jamming,low,10,UAV-001,170,189,normal
7,jamming,low,10,UAV-001,175,194,normal
7,jamming,low,10,UAV-001,180,199,normal
7,jamming,low,10,UAV-001,185,204,normal
7,jamming,low,10,UAV-001,190,209,normal
7,jamming,low,10,UAV-001,195,214,normal
7,jamming,low,10,UAV-001,200,219,normal
7,jamming,low,10,UAV-001,205,224,normal
7,jamming,low,10,UAV-001,210,229,normal
7,jamming,low,10,UAV-001,215,234,normal
7,jamming,low,10,UAV-001,220,239,normal
7,jamming,low,20,UAV-012,0,19,normal
7,jamming,low,20,UAV-012,5,24,normal
7,jamming,low,20,UAV-012,10,29,normal
7,jamming,low,20,UAV-012,15,34,normal
7,jamming,low,20,UAV-012,20,39,normal
7,jamming,low,20,UAV-012,25,44,normal
7,jamming,low,20,UAV-012,30,49,normal
7,jamming,low,20,UAV-012,35,54,normal
7,jamming,low,20,UAV-012,40,59,normal
7,jamming,low,20,UAV-012,45,64,normal
7,jamming,low,20,UAV-012,50,69,normal
7,jamming,low,20,UAV-012,55,74,normal
7,jamming,low,20,UAV-012,60,79,jamming
7,jamming,low,20,UAV-012,65,84,jamming
7,jamming,low,20,UAV-012,70,89,jamming
7,jamming,low,20,UAV-012,75,94,jamming
7,jamming,low,20,UAV-012,80,99,jamming
7,jamming,low,20,UAV-012,85,104,jamming
7,jamming,low,20,UAV-012,90,109,jamming
7,jamming,low,20,UAV-012,95,114,jamming
7,jamming,low,20,UAV-012,100,119,normal
7,jamming,low,20,UAV-012,105,124,jamming
7,jamming,low,20,UAV-012,110,129,jamming
7,jamming,low,20,UAV-012,115,134,jamming
7,jamming,low,20,UAV-012,120,139,jamming
7,jamming,low,20,UAV-012,125,144,jamming
7,jamming,low,20,UAV-012,130,149,jamming
7,jamming,low,20,UAV-012,135,154,jamming
7,jamming,low,20,UAV-012,140,159,normal
7,jamming,low,20,UAV-012,145,164,jamming
7,jamming,low,20,UAV-012,150,169,jamming
7,jamming,low,20,UAV-012,155,174,jamming
7,jamming,low,20,UAV-012,160,179,jamming
7,jamming,low,20,UAV-012,165,184,jamming
7,jamming,low,20,UAV-012,170,189,normal
7,jamming,low,20,UAV-012,175,194,normal
7,jamming,low,20,UAV-012,180,199,normal
7,jamming,low,20,UAV-012,185,204,normal
7,jamming,low,20,UAV-012,190,209,normal
7,jamming,low,20,UAV-012,195,214,normal
7,jamming,low,20,UAV-012,200,219,normal
7,jamming,low,20,UAV-012,205,224,normal
7,jamming,low,20,UAV-012,210,229,normal
7,jamming,low,20,UAV-012,215,234,normal
7,jamming,low,20,UAV-012,220,239,normal
7,jamming,low,30,UAV-006,0,19,normal
7,jamming,low,30,UAV-006,5,24,normal
7,jamming,low,30,UAV-006,10,29,normal
7,jamming,low,30,UAV-006,15,34,normal
7,jamming,low,30,UAV-006,20,39,normal
7,jamming,low,30,UAV-006,25,44,normal
7,jamming,low,30,UAV-006,30,49,normal
7,jamming,low,30,UAV-006,35,54,normal
7,jamming,low,30,UAV-006,40,59,normal
7,jamming,low,30,UAV-006,45,64,normal
7,jamming,low,30,UAV-006,50,69,normal
7,jamming,low,30,UAV-006,55,74,normal
7,jamming,low,30,UAV-006,60,79,normal
7,jamming,low,30,UAV-006,65,84,normal
7,jamming,low,30,UAV-006,70,89,normal
7,jamming,low,30,UAV-006,75,94,normal
7,jamming,low,30,UAV-006,80,99,normal
7,jamming,low,30,UAV-006,85,104,jamming
7,jamming,low,30,UAV-006,90,109,jamming
7,jamming,low,30,UAV-006,95,114,jamming
7,jamming,low,30,UAV-006,100,119,jamming
7,jamming,low,30,UAV-006,105,124,jamming
7,jamming,low,30,UAV-006,110,129,jamming
7,jamming,low,30,UAV-006,115,134,jamming
7,jamming,low,30,UAV-006,120,139,jamming
7,jamming,low,30,UAV-006,125,144,jamming
7,jamming,low,30,UAV-006,130,149,jamming
7,jamming,low,30,UAV-006,135,154,jamming
7,jamming,low,30,UAV-006,140,159,jamming
7,jamming,low,30,UAV-006,145,164,jamming
7,jamming,low,30,UAV-006,150,169,jamming
7,jamming,low,30,UAV-006,155,174,jamming
7,jamming,low,30,UAV-006,160,179,jamming
7,jamming,low,30,UAV-006,165,184,normal
7,jamming,low,30,UAV-006,170,189,normal
7,jamming,low,30,UAV-006,175,194,normal
7,jamming,low,30,UAV-006,180,199,normal
7,jamming,low,30,UAV-006,185,204,normal
7,jamming,low,30,UAV-006,190,209,normal
7,jamming,low,30,UAV-006,195,214,normal
7,jamming,low,30,UAV-006,200,219,normal
7,jamming,low,30,UAV-006,205,224,normal
7,jamming,low,30,UAV-006,210,229,normal
7,jamming,low,30,UAV-006,215,234,normal
7,jamming,low,30,UAV-006,220,239,normal
7,jamming,medium,20,UAV-008,0,19,normal
7,jamming,medium,20,UAV-008,5,24,normal
7,jamming,medium,20,UAV-008,10,29,normal
7,jamming,medium,20,UAV-008,15,34,normal
7,jamming,medium,20,UAV-008,20,39,normal
7,jamming,medium,20,UAV-008,25,44,normal
7,jamming,medium,20,UAV-008,30,49,normal
7,jamming,medium,20,UAV-008,35,54,normal
7,jamming,medium,20,UAV-008,40,59,normal
7,jamming,medium,20,UAV-008,45,64,normal
7,jamming,medium,20,UAV-008,50,69,normal
7,jamming,medium,20,UAV-008,55,74,normal
7,jamming,medium,20,UAV-008,60,79,jamming
7,jamming,medium,20,UAV-008,65,84,jamming
7,jamming,medium,20,UAV-008,70,89,jamming
7,jamming,medium,20,UAV-008,75,94,jamming
7,jamming,medium,20,UAV-008,80,99,jamming
7,jamming,medium,20,UAV-008,85,104,jamming
7,jamming,medium,20,UAV-008,90,109,jamming
7,jamming,medium,20,UAV-008,95,114,jamming
7,jamming,medium,20,UAV-008,100,119,jamming
7,jamming,medium,20,UAV-008,105,124,jamming
7,jamming,medium,20,UAV-008,110,129,jamming
7,jamming,medium,20,UAV-008,115,134,jamming
7,jamming,medium,20,UAV-008,120,139,jamming
7,jamming,medium,20,UAV-008,125,144,jamming
7,jamming,medium,20,UAV-008,130,149,jamming
7,jamming,medium,20,UAV-008,135,154,jamming
7,jamming,medium,20,UAV-008,140,159,jamming
7,jamming,medium,20,UAV-008,145,164,jamming
7,jamming,medium,20,UAV-008,150,169,jamming
7,jamming,medium,20,UAV-008,155,174,jamming
7,jamming,medium,20,UAV-008,160,179,jamming
7,jamming,medium,20,UAV-008,165,184,jamming
7,jamming,medium,20,UAV-008,170,189,jamming
7,jamming,medium,20,UAV-008,175,194,normal
7,jamming,medium,20,UAV-008,180,199,normal
7,jamming,medium,20,UAV-008,185,204,normal
7,jamming,medium,20,UAV-008,190,209,normal
7,jamming,medium,20,UAV-008,195,214,normal
7,jamming,medium,20,UAV-008,200,219,normal
7,jamming,medium,20,UAV-008,205,224,normal
7,jamming,medium,20,UAV-008,210,229,normal
7,jamming,medium,20,UAV-008,215,234,normal
7,jamming,medium,20,UAV-008,220,239,normal
7,jamming,medium,20,UAV-015,0,19,normal
7,jamming,medium,20,UAV-015,5,24,normal
7,jamming,medium,20,UAV-015,10,29,normal
7,jamming,medium,20,UAV-015,15,34,normal
7,jamming,medium,20,UAV-015,20,39,normal
7,jamming,medium,20,UAV-015,25,44,normal
7,jamming,medium,20,UAV-015,30,49,normal
7,jamming,medium,20,UAV-015,35,54,normal
7,jamming,medium,20,UAV-015,40,59,normal
7,jamming,medium,20,UAV-015,45,64,normal
7,jamming,medium,20,UAV-015,50,69,normal
7,jamming,medium,20,UAV-015,55,74,jamming
7,jamming,medium,20,UAV-015,60,79,jamming
7,jamming,medium,20,UAV-015,65,84,jamming
7,jamming,medium,20,UAV-015,70,89,jamming
7,jamming,medium,20,UAV-015,75,94,jamming
7,jamming,medium,20,UAV-015,80,99,jamming
7,jamming,medium,20,UAV-015,85,104,jamming
7,jamming,medium,20,UAV-015,90,109,jamming
7,jamming,medium,20,UAV-015,95,114,jamming
7,jamming,medium,20,UAV-015,100,119,jamming
7,jamming,medium,20,UAV-015,105,124,jamming
7,jamming,medium,20,UAV-015,110,129,jamming
7,jamming,medium,20,UAV-015,115,134,jamming
7,jamming,medium,20,UAV-015,120,139,jamming
7,jamming,medium,20,UAV-015,125,144,jamming
7,jamming,medium,20,UAV-015,130,149,jamming
7,jamming,medium,20,UAV-015,135,154,jamming
7,jamming,medium,20,UAV-015,140,159,jamming
7,jamming,medium,20,UAV-015,145,164,jamming
7,jamming,medium,20,UAV-015,150,169,jamming
7,jamming,medium,20,UAV-015,155,174,jamming
7,jamming,medium,20,UAV-015,160,179,jamming
7,jamming,medium,20,UAV-015,165,184,jamming
7,jamming,medium,20,UAV-015,170,189,jamming
7,jamming,medium,20,UAV-015,175,194,normal
7,jamming,medium,20,UAV-015,180,199,normal
7,jamming,medium,20,UAV-015,185,204,normal
7,jamming,medium,20,UAV-015,190,209,normal
7,jamming,medium,20,UAV-015,195,214,normal
7,jamming,medium,20,UAV-015,200,219,normal
7,jamming,medium,20,UAV-015,205,224,normal
7,jamming,medium,20,UAV-015,210,229,normal
7,jamming,medium,20,UAV-015,215,234,normal
7,jamming,medium,20,UAV-015,220,239,normal
7,jamming,medium,20,UAV-017,0,19,normal
7,jamming,medium,20,UAV-017,5,24,normal
7,jamming,medium,20,UAV-017,10,29,normal
7,jamming,medium,20,UAV-017,15,34,normal
7,jamming,medium,20,UAV-017,20,39,normal
7,jamming,medium,20,UAV-017,25,44,normal
7,jamming,medium,20,UAV-017,30,49,normal
7,jamming,medium,20,UAV-017,35,54,normal
7,jamming,medium,20,UAV-017,40,59,normal
7,jamming,medium,20,UAV-017,45,64,normal
7,jamming,medium,20,UAV-017,50,69,normal
7,jamming,medium,20,UAV-017,55,74,jamming
7,jamming,medium,20,UAV-017,60,79,jamming
7,jamming,medium,20,UAV-017,65,84,jamming
7,jamming,medium,20,UAV-017,70,89,jamming
7,jamming,medium,20,UAV-017,75,94,jamming
7,jamming,medium,20,UAV-017,80,99,jamming
7,jamming,medium,20,UAV-017,85,104,jamming
7,jamming,medium,20,UAV-017,90,109,jamming
7,jamming,medium,20,UAV-017,95,114,jamming
7,jamming,medium,20,UAV-017,100,119,jamming
7,jamming,medium,20,UAV-017,105,124,jamming
7,jamming,medium,20,UAV-017,110,129,jamming
7,jamming,medium,20,UAV-017,115,134,jamming
7,jamming,medium,20,UAV-017,120,139,jamming
7,jamming,medium,20,UAV-017,125,144,jamming
7,jamming,medium,20,UAV-017,130,149,jamming
7,jamming,medium,20,UAV-017,135,154,jamming
7,jamming,medium,20,UAV-017,140,159,jamming
7,jamming,medium,20,UAV-017,145,164,jamming
7,jamming,medium,20,UAV-017,150,169,jamming
7,jamming,medium,20,UAV-017,155,174,jamming
7,jamming,medium,20,UAV-017,160,179,jamming
7,jamming,medium,20,UAV-017,165,184,jamming
7,jamming,medium,20,UAV-017,170,189,jamming
7,jamming,medium,20,UAV-017,175,194,normal
7,jamming,medium,20,UAV-017,180,199,normal
7,jamming,medium,20,UAV-017,185,204,normal
7,jamming,medium,20,UAV-017,190,209,normal
7,jamming,medium,20,UAV-017,195,214,normal
7,jamming,medium,20,UAV-017,200,219,normal
7,jamming,medium,20,UAV-017,205,224,normal
7,jamming,medium,20,UAV-017,210,229,normal
7,jamming,medium,20,UAV-017,215,234,normal
7,jamming,medium,20,UAV-017,220,239,normal
7,jamming_spoofing,high,20,UAV-007,0,19,normal
7,jamming_spoofing,high,20,UAV-007,5,24,normal
7,jamming_spoofing,high,20,UAV-007,10,29,normal
7,jamming_spoofing,high,20,UAV-007,15,34,normal
7,jamming_spoofing,high,20,UAV-007,20,39,normal
7,jamming_spoofing,high,20,UAV-007,25,44,normal
7,jamming_spoofing,high,20,UAV-007,30,49,normal
7,jamming_spoofing,high,20,UAV-007,35,54,normal
7,jamming_spoofing,high,20,UAV-007,40,59,normal
7,jamming_spoofing,high,20,UAV-007,45,64,normal
7,jamming_spoofing,high,20,UAV-007,50,69,jamming_spoofing
7,jamming_spoofing,high,20,UAV-007,55,74,jamming_spoofing
7,jamming_spoofing,high,20,UAV-007,60,79,jamming_spoofing
7,jamming_spoofing,high,20,UAV-007,65,84,jamming_spoofing
7,jamming_spoofing,high,20,UAV-007,70,89,jamming_spoofing
7,jamming_spoofing,high,20,UAV-007,75,94,jamming_spoofing
7,jamming_spoofing,high,20,UAV-007,80,99,jamming_spoofing
7,jamming_spoofing,high,20,UAV-007,85,104,jamming_spoofing
7,jamming_spoofing,high,20,UAV-007,90,109,jamming_spoofing
7,jamming_spoofing,high,20,UAV-007,95,114,jamming_spoofing
7,jamming_spoofing,high,20,UAV-007,100,119,jamming_spoofing
7,jamming_spoofing,high,20,UAV-007,105,124,jamming_spoofing
7,jamming_spoofing,high,20,UAV-007,110,129,jamming_spoofing
7,jamming_spoofing,high,20,UAV-007,115,134,jamming_spoofing
7,jamming_spoofing,high,20,UAV-007,120,139,jamming_spoofing
7,jamming_spoofing,high,20,UAV-007,125,144,jamming_spoofing
7,jamming_spoofing,high,20,UAV-007,130,149,jamming_spoofing
7,jamming_spoofing,high,20,UAV-007,135,154,jamming_spoofing
7,jamming_spoofing,high,20,UAV-007,140,159,jamming_spoofing
7,jamming_spoofing,high,20,UAV-007,145,164,jamming_spoofing
7,jamming_spoofing,high,20,UAV-007,150,169,jamming_spoofing
7,jamming_spoofing,high,20,UAV-007,155,174,jamming_spoofing
7,jamming_spoofing,high,20,UAV-007,160,179,jamming_spoofing
7,jamming_spoofing,high,20,UAV-007,165,184,jamming_spoofing
7,jamming_spoofing,high,20,UAV-007,170,189,normal
7,jamming_spoofing,high,20,UAV-007,175,194,normal
7,jamming_spoofing,high,20,UAV-007,180,199,normal
7,jamming_spoofing,high,20,UAV-007,185,204,normal
7,jamming_spoofing,high,20,UAV-007,190,209,normal
7,jamming_spoofing,high,20,UAV-007,195,214,normal
7,jamming_spoofing,high,20,UAV-007,200,219,normal
7,jamming_spoofing,high,20,UAV-007,205,224,normal
7,jamming_spoofing,high,20,UAV-007,210,229,normal
7,jamming_spoofing,high,20,UAV-007,215,234,normal
7,jamming_spoofing,high,20,UAV-007,220,239,normal
7,jamming_spoofing,high,30,UAV-001,0,19,normal
7,jamming_spoofing,high,30,UAV-001,5,24,normal
7,jamming_spoofing,high,30,UAV-001,10,29,normal
7,jamming_spoofing,high,30,UAV-001,15,34,normal
7,jamming_spoofing,high,30,UAV-001,20,39,normal
7,jamming_spoofing,high,30,UAV-001,25,44,normal
7,jamming_spoofing,high,30,UAV-001,30,49,normal
7,jamming_spoofing,high,30,UAV-001,35,54,normal
7,jamming_spoofing,high,30,UAV-001,40,59,normal
7,jamming_spoofing,high,30,UAV-001,45,64,normal
7,jamming_spoofing,high,30,UAV-001,50,69,jamming_spoofing
7,jamming_spoofing,high,30,UAV-001,55,74,jamming_spoofing
7,jamming_spoofing,high,30,UAV-001,60,79,jamming_spoofing
7,jamming_spoofing,high,30,UAV-001,65,84,jamming_spoofing
7,jamming_spoofing,high,30,UAV-001,70,89,jamming_spoofing
7,jamming_spoofing,high,30,UAV-001,75,94,jamming_spoofing
7,jamming_spoofing,high,30,UAV-001,80,99,jamming_spoofing
7,jamming_spoofing,high,30,UAV-001,85,104,jamming_spoofing
7,jamming_spoofing,high,30,UAV-001,90,109,jamming_spoofing
7,jamming_spoofing,high,30,UAV-001,95,114,jamming_spoofing
7,jamming_spoofing,high,30,UAV-001,100,119,jamming_spoofing
7,jamming_spoofing,high,30,UAV-001,105,124,jamming_spoofing
7,jamming_spoofing,high,30,UAV-001,110,129,jamming_spoofing
7,jamming_spoofing,high,30,UAV-001,115,134,jamming_spoofing
7,jamming_spoofing,high,30,UAV-001,120,139,jamming_spoofing
7,jamming_spoofing,high,30,UAV-001,125,144,jamming_spoofing
7,jamming_spoofing,high,30,UAV-001,130,149,jamming_spoofing
7,jamming_spoofing,high,30,UAV-001,135,154,jamming_spoofing
7,jamming_spoofing,high,30,UAV-001,140,159,jamming_spoofing
7,jamming_spoofing,high,30,UAV-001,145,164,jamming_spoofing
7,jamming_spoofing,high,30,UAV-001,150,169,jamming_spoofing
7,jamming_spoofing,high,30,UAV-001,155,174,jamming_spoofing
7,jamming_spoofing,high,30,UAV-001,160,179,jamming_spoofing
7,jamming_spoofing,high,30,UAV-001,165,184,jamming_spoofing
7,jamming_spoofing,high,30,UAV-001,170,189,jamming_spoofing
7,jamming_spoofing,high,30,UAV-001,175,194,normal
7,jamming_spoofing,high,30,UAV-001,180,199,normal
7,jamming_spoofing,high,30,UAV-001,185,204,normal
7,jamming_spoofing,high,30,UAV-001,190,209,normal
7,jamming_spoofing,high,30,UAV-001,195,214,normal
7,jamming_spoofing,high,30,UAV-001,200,219,normal
7,jamming_spoofing,high,30,UAV-001,205,224,normal
7,jamming_spoofing,high,30,UAV-001,210,229,normal
7,jamming_spoofing,high,30,UAV-001,215,234,normal
7,jamming_spoofing,high,30,UAV-001,220,239,normal
7,jamming_spoofing,low,20,UAV-001,0,19,normal
7,jamming_spoofing,low,20,UAV-001,5,24,normal
7,jamming_spoofing,low,20,UAV-001,10,29,normal
7,jamming_spoofing,low,20,UAV-001,15,34,normal
7,jamming_spoofing,low,20,UAV-001,20,39,normal
7,jamming_spoofing,low,20,UAV-001,25,44,normal
7,jamming_spoofing,low,20,UAV-001,30,49,normal
7,jamming_spoofing,low,20,UAV-001,35,54,normal
7,jamming_spoofing,low,20,UAV-001,40,59,normal
7,jamming_spoofing,low,20,UAV-001,45,64,normal
7,jamming_spoofing,low,20,UAV-001,50,69,normal
7,jamming_spoofing,low,20,UAV-001,55,74,normal
7,jamming_spoofing,low,20,UAV-001,60,79,jamming_spoofing
7,jamming_spoofing,low,20,UAV-001,65,84,normal
7,jamming_spoofing,low,20,UAV-001,70,89,normal
7,jamming_spoofing,low,20,UAV-001,75,94,normal
7,jamming_spoofing,low,20,UAV-001,80,99,normal
7,jamming_spoofing,low,20,UAV-001,85,104,jamming_spoofing
7,jamming_spoofing,low,20,UAV-001,90,109,jamming_spoofing
7,jamming_spoofing,low,20,UAV-001,95,114,jamming_spoofing
7,jamming_spoofing,low,20,UAV-001,100,119,jamming_spoofing
7,jamming_spoofing,low,20,UAV-001,105,124,jamming_spoofing
7,jamming_spoofing,low,20,UAV-001,110,129,normal
7,jamming_spoofing,low,20,UAV-001,115,134,normal
7,jamming_spoofing,low,20,UAV-001,120,139,jamming_spoofing
7,jamming_spoofing,low,20,UAV-001,125,144,jamming_spoofing
7,jamming_spoofing,low,20,UAV-001,130,149,jamming_spoofing
7,jamming_spoofing,low,20,UAV-001,135,154,jamming_spoofing
7,jamming_spoofing,low,20,UAV-001,140,159,jamming_spoofing
7,jamming_spoofing,low,20,UAV-001,145,164,jamming_spoofing
7,jamming_spoofing,low,20,UAV-001,150,169,jamming_spoofing
7,jamming_spoofing,low,20,UAV-001,155,174,jamming_spoofing
7,jamming_spoofing,low,20,UAV-001,160,179,jamming_spoofing
7,jamming_spoofing,low,20,UAV-001,165,184,jamming_spoofing
7,jamming_spoofing,low,20,UAV-001,170,189,normal
7,jamming_spoofing,low,20,UAV-001,175,194,normal
7,jamming_spoofing,low,20,UAV-001,180,199,normal
7,jamming_spoofing,low,20,UAV-001,185,204,normal
7,jamming_spoofing,low,20,UAV-001,190,209,normal
7,jamming_spoofing,low,20,UAV-001,195,214,normal
7,jamming_spoofing,low,20,UAV-001,200,219,normal
7,jamming_spoofing,low,20,UAV-001,205,224,normal
7,jamming_spoofing,low,20,UAV-001,210,229,normal
7,jamming_spoofing,low,20,UAV-001,215,234,normal
7,jamming_spoofing,low,20,UAV-001,220,239,normal
7,jamming_spoofing,medium,20,UAV-002,0,19,normal
7,jamming_spoofing,medium,20,UAV-002,5,24,normal
7,jamming_spoofing,medium,20,UAV-002,10,29,normal
7,jamming_spoofing,medium,20,UAV-002,15,34,normal
7,jamming_spoofing,medium,20,UAV-002,20,39,normal
7,jamming_spoofing,medium,20,UAV-002,25,44,normal
7,jamming_spoofing,medium,20,UAV-002,30,49,normal
7,jamming_spoofing,medium,20,UAV-002,35,54,normal
7,jamming_spoofing,medium,20,UAV-002,40,59,normal
7,jamming_spoofing,medium,20,UAV-002,45,64,normal
7,jamming_spoofing,medium,20,UAV-002,50,69,jamming_spoofing
7,jamming_spoofing,medium,20,UAV-002,55,74,jamming_spoofing
7,jamming_spoofing,medium,20,UAV-002,60,79,jamming_spoofing
7,jamming_spoofing,medium,20,UAV-002,65,84,jamming_spoofing
7,jamming_spoofing,medium,20,UAV-002,70,89,jamming_spoofing
7,jamming_spoofing,medium,20,UAV-002,75,94,jamming_spoofing
7,jamming_spoofing,medium,20,UAV-002,80,99,jamming_spoofing
7,jamming_spoofing,medium,20,UAV-002,85,104,jamming_spoofing
7,jamming_spoofing,medium,20,UAV-002,90,109,jamming_spoofing
7,jamming_spoofing,medium,20,UAV-002,95,114,jamming_spoofing
7,jamming_spoofing,medium,20,UAV-002,100,119,jamming_spoofing
7,jamming_spoofing,medium,20,UAV-002,105,124,jamming_spoofing
7,jamming_spoofing,medium,20,UAV-002,110,129,jamming_spoofing
7,jamming_spoofing,medium,20,UAV-002,115,134,jamming_spoofing
7,jamming_spoofing,medium,20,UAV-002,120,139,jamming_spoofing
7,jamming_spoofing,medium,20,UAV-002,125,144,jamming_spoofing
7,jamming_spoofing,medium,20,UAV-002,130,149,jamming_spoofing
7,jamming_spoofing,medium,20,UAV-002,135,154,jamming_spoofing
7,jamming_spoofing,medium,20,UAV-002,140,159,jamming_spoofing
7,jamming_spoofing,medium,20,UAV-002,145,164,jamming_spoofing
7,jamming_spoofing,medium,20,UAV-002,150,169,jamming_spoofing
7,jamming_spoofing,medium,20,UAV-002,155,174,jamming_spoofing
7,jamming_spoofing,medium,20,UAV-002,160,179,jamming_spoofing
7,jamming_spoofing,medium,20,UAV-002,165,184,jamming_spoofing
7,jamming_spoofing,medium,20,UAV-002,170,189,normal
7,jamming_spoofing,medium,20,UAV-002,175,194,normal
7,jamming_spoofing,medium,20,UAV-002,180,199,normal
7,jamming_spoofing,medium,20,UAV-002,185,204,normal
7,jamming_spoofing,medium,20,UAV-002,190,209,normal
7,jamming_spoofing,medium,20,UAV-002,195,214,normal
7,jamming_spoofing,medium,20,UAV-002,200,219,normal
7,jamming_spoofing,medium,20,UAV-002,205,224,normal
7,jamming_spoofing,medium,20,UAV-002,210,229,normal
7,jamming_spoofing,medium,20,UAV-002,215,234,normal
7,jamming_spoofing,medium,20,UAV-002,220,239,normal
7,jamming_tampering,high,10,UAV-006,0,19,normal
7,jamming_tampering,high,10,UAV-006,5,24,normal
7,jamming_tampering,high,10,UAV-006,10,29,normal
7,jamming_tampering,high,10,UAV-006,15,34,normal
7,jamming_tampering,high,10,UAV-006,20,39,normal
7,jamming_tampering,high,10,UAV-006,25,44,normal
7,jamming_tampering,high,10,UAV-006,30,49,normal
7,jamming_tampering,high,10,UAV-006,35,53,normal
7,jamming_tampering,high,10,UAV-006,40,58,normal
7,jamming_tampering,high,10,UAV-006,45,64,normal
7,jamming_tampering,high,10,UAV-006,49,69,jamming_tampering
7,jamming_tampering,high,10,UAV-006,54,74,jamming_tampering
7,jamming_tampering,high,10,UAV-006,59,78,jamming_tampering
7,jamming_tampering,high,10,UAV-006,65,83,jamming_tampering
7,jamming_tampering,high,10,UAV-006,70,86,jamming_tampering
7,jamming_tampering,high,10,UAV-006,74,92,jamming_tampering
7,jamming_tampering,high,10,UAV-006,79,98,jamming_tampering
7,jamming_tampering,high,10,UAV-006,83,104,jamming_tampering
7,jamming_tampering,high,10,UAV-006,88,108,jamming_tampering
7,jamming_tampering,high,10,UAV-006,93,113,jamming_tampering
7,jamming_tampering,high,10,UAV-006,99,117,jamming_tampering
7,jamming_tampering,high,10,UAV-006,105,123,jamming_tampering
7,jamming_tampering,high,10,UAV-006,109,127,jamming_tampering
7,jamming_tampering,high,10,UAV-006,115,132,jamming_tampering
7,jamming_tampering,high,10,UAV-006,120,137,jamming_tampering
7,jamming_tampering,high,10,UAV-006,124,142,jamming_tampering
7,jamming_tampering,high,10,UAV-006,128,148,jamming_tampering
7,jamming_tampering,high,10,UAV-006,133,153,jamming_tampering
7,jamming_tampering,high,10,UAV-006,138,158,jamming_tampering
7,jamming_tampering,high,10,UAV-006,143,162,jamming_tampering
7,jamming_tampering,high,10,UAV-006,149,166,jamming_tampering
7,jamming_tampering,high,10,UAV-006,154,172,jamming_tampering
7,jamming_tampering,high,10,UAV-006,158,178,jamming_tampering
7,jamming_tampering,high,10,UAV-006,163,184,jamming_tampering
7,jamming_tampering,high,10,UAV-006,167,189,jamming_tampering
7,jamming_tampering,high,10,UAV-006,173,194,jamming_tampering
7,jamming_tampering,high,10,UAV-006,179,199,normal
7,jamming_tampering,high,10,UAV-006,185,204,normal
7,jamming_tampering,high,10,UAV-006,190,209,normal
7,jamming_tampering,high,10,UAV-006,195,214,normal
7,jamming_tampering,high,10,UAV-006,200,219,normal
7,jamming_tampering,high,10,UAV-006,205,224,normal
7,jamming_tampering,high,10,UAV-006,210,229,normal
7,jamming_tampering,high,10,UAV-006,215,234,normal
7,jamming_tampering,high,10,UAV-006,220,239,normal
7,jamming_tampering,high,20,UAV-018,0,19,normal
7,jamming_tampering,high,20,UAV-018,5,24,normal
7,jamming_tampering,high,20,UAV-018,10,29,normal
7,jamming_tampering,high,20,UAV-018,15,34,normal
7,jamming_tampering,high,20,UAV-018,20,39,normal
7,jamming_tampering,high,20,UAV-018,25,44,normal
7,jamming_tampering,high,20,UAV-018,30,49,normal
7,jamming_tampering,high,20,UAV-018,35,54,normal
7,jamming_tampering,high,20,UAV-018,40,58,normal
7,jamming_tampering,high,20,UAV-018,45,63,normal
7,jamming_tampering,high,20,UAV-018,50,68,jamming_tampering
7,jamming_tampering,high,20,UAV-018,55,75,jamming_tampering
7,jamming_tampering,high,20,UAV-018,59,80,jamming_tampering
7,jamming_tampering,high,20,UAV-018,64,85,jamming_tampering
7,jamming_tampering,high,20,UAV-018,70,89,jamming_tampering
7,jamming_tampering,high,20,UAV-018,76,95,jamming_tampering
7,jamming_tampering,high,20,UAV-018,81,100,jamming_tampering
7,jamming_tampering,high,20,UAV-018,85,105,jamming_tampering
7,jamming_tampering,high,20,UAV-018,90,110,jamming_tampering
7,jamming_tampering,high,20,UAV-018,96,115,jamming_tampering
7,jamming_tampering,high,20,UAV-018,101,118,jamming_tampering
7,jamming_tampering,high,20,UAV-018,107,123,jamming_tampering
7,jamming_tampering,high,20,UAV-018,111,128,jamming_tampering
7,jamming_tampering,high,20,UAV-018,116,132,jamming_tampering
7,jamming_tampering,high,20,UAV-018,119,139,jamming_tampering
7,jamming_tampering,high,20,UAV-018,124,143,jamming_tampering
7,jamming_tampering,high,20,UAV-018,130,149,jamming_tampering
7,jamming_tampering,high,20,UAV-018,133,154,jamming_tampering
7,jamming_tampering,high,20,UAV-018,140,159,jamming_tampering
7,jamming_tampering,high,20,UAV-018,145,164,jamming_tampering
7,jamming_tampering,high,20,UAV-018,150,169,jamming_tampering
7,jamming_tampering,high,20,UAV-018,155,175,jamming_tampering
7,jamming_tampering,high,20,UAV-018,160,180,jamming_tampering
7,jamming_tampering,high,20,UAV-018,165,184,jamming_tampering
7,jamming_tampering,high,20,UAV-018,170,189,jamming_tampering
7,jamming_tampering,high,20,UAV-018,176,194,normal
7,jamming_tampering,high,20,UAV-018,181,199,normal
7,jamming_tampering,high,20,UAV-018,185,204,normal
7,jamming_tampering,high,20,UAV-018,190,209,normal
7,jamming_tampering,high,20,UAV-018,195,214,normal
7,jamming_tampering,high,20,UAV-018,200,219,normal
7,jamming_tampering,high,20,UAV-018,205,224,normal
7,jamming_tampering,high,20,UAV-018,210,229,normal
7,jamming_tampering,high,20,UAV-018,215,234,normal
7,jamming_tampering,high,20,UAV-018,220,239,normal
7,jamming_tampering,high,30,UAV-001,0,19,normal
7,jamming_tampering,high,30,UAV-001,5,24,normal
7,jamming_tampering,high,30,UAV-001,10,29,normal
7,jamming_tampering,high,30,UAV-001,15,34,normal
7,jamming_tampering,high,30,UAV-001,20,39,normal
7,jamming_tampering,high,30,UAV-001,25,44,normal
7,jamming_tampering,high,30,UAV-001,30,49,normal
7,jamming_tampering,high,30,UAV-001,35,53,normal
7,jamming_tampering,high,30,UAV-001,40,58,normal
7,jamming_tampering,high,30,UAV-001,45,63,normal
7,jamming_tampering,high,30,UAV-001,50,68,jamming_tampering
7,jamming_tampering,high,30,UAV-001,54,74,jamming_tampering
7,jamming_tampering,high,30,UAV-001,59,81,jamming_tampering
7,jamming_tampering,high,30,UAV-001,64,85,jamming_tampering
7,jamming_tampering,high,30,UAV-001,70,90,jamming_tampering
7,jamming_tampering,high,30,UAV-001,75,94,jamming_tampering
7,jamming_tampering,high,30,UAV-001,82,99,jamming_tampering
7,jamming_tampering,high,30,UAV-001,86,104,jamming_tampering
7,jamming_tampering,high,30,UAV-001,91,109,jamming_tampering
7,jamming_tampering,high,30,UAV-001,96,114,jamming_tampering
7,jamming_tampering,high,30,UAV-001,100,118,jamming_tampering
7,jamming_tampering,high,30,UAV-001,105,123,jamming_tampering
7,jamming_tampering,high,30,UAV-001,110,129,jamming_tampering
7,jamming_tampering,high,30,UAV-001,115,134,jamming_tampering
7,jamming_tampering,high,30,UAV-001,119,138,jamming_tampering
7,jamming_tampering,high,30,UAV-001,124,144,jamming_tampering
7,jamming_tampering,high,30,UAV-001,130,149,jamming_tampering
7,jamming_tampering,high,30,UAV-001,135,153,jamming_tampering
7,jamming_tampering,high,30,UAV-001,139,157,jamming_tampering
7,jamming_tampering,high,30,UAV-001,144,163,jamming_tampering
7,jamming_tampering,high,30,UAV-001,150,168,jamming_tampering
7,jamming_tampering,high,30,UAV-001,154,173,jamming_tampering
7,jamming_tampering,high,30,UAV-001,158,179,jamming_tampering
7,jamming_tampering,high,30,UAV-001,164,185,jamming_tampering
7,jamming_tampering,high,30,UAV-001,169,189,jamming_tampering
7,jamming_tampering,high,30,UAV-001,174,194,normal
7,jamming_tampering,high,30,UAV-001,181,199,normal
7,jamming_tampering,high,30,UAV-001,186,204,normal
7,jamming_tampering,high,30,UAV-001,190,209,normal
7,jamming_tampering,high,30,UAV-001,195,214,normal
7,jamming_tampering,high,30,UAV-001,200,219,normal
7,jamming_tampering,high,30,UAV-001,205,224,normal
7,jamming_tampering,high,30,UAV-001,210,229,normal
7,jamming_tampering,high,30,UAV-001,215,234,normal
7,jamming_tampering,high,30,UAV-001,220,239,normal
7,jamming_tampering,high,30,UAV-008,0,19,normal
7,jamming_tampering,high,30,UAV-008,5,24,normal
7,jamming_tampering,high,30,UAV-008,10,29,normal
7,jamming_tampering,high,30,UAV-008,15,34,normal
7,jamming_tampering,high,30,UAV-008,20,39,normal
7,jamming_tampering,high,30,UAV-008,25,43,normal
7,jamming_tampering,high,30,UAV-008,30,48,normal
7,jamming_tampering,high,30,UAV-008,35,53,normal
7,jamming_tampering,high,30,UAV-008,40,58,normal
7,jamming_tampering,high,30,UAV-008,44,63,normal
7,jamming_tampering,high,30,UAV-008,49,69,jamming_tampering
7,jamming_tampering,high,30,UAV-008,54,74,jamming_tampering
7,jamming_tampering,high,30,UAV-008,59,80,jamming_tampering
7,jamming_tampering,high,30,UAV-008,63,83,jamming_tampering
7,jamming_tampering,high,30,UAV-008,70,90,jamming_tampering
7,jamming_tampering,high,30,UAV-008,75,95,jamming_tampering
7,jamming_tampering,high,30,UAV-008,81,100,jamming_tampering
7,jamming_tampering,high,30,UAV-008,86,105,jamming_tampering
7,jamming_tampering,high,30,UAV-008,91,110,jamming_tampering
7,jamming_tampering,high,30,UAV-008,96,115,jamming_tampering
7,jamming_tampering,high,30,UAV-008,101,119,jamming_tampering
7,jamming_tampering,high,30,UAV-008,106,125,jamming_tampering
7,jamming_tampering,high,30,UAV-008,111,129,jamming_tampering
7,jamming_tampering,high,30,UAV-008,116,133,jamming_tampering
7,jamming_tampering,high,30,UAV-008,121,137,jamming_tampering
7,jamming_tampering,high,30,UAV-008,126,141,jamming_tampering
7,jamming_tampering,high,30,UAV-008,130,148,jamming_tampering
7,jamming_tampering,high,30,UAV-008,134,153,jamming_tampering
7,jamming_tampering,high,30,UAV-008,138,157,jamming_tampering
7,jamming_tampering,high,30,UAV-008,142,163,jamming_tampering
7,jamming_tampering,high,30,UAV-008,149,168,jamming_tampering
7,jamming_tampering,high,30,UAV-008,154,172,jamming_tampering
7,jamming_tampering,high,30,UAV-008,158,178,jamming_tampering
7,jamming_tampering,high,30,UAV-008,164,184,jamming_tampering
7,jamming_tampering,high,30,UAV-008,169,189,jamming_tampering
7,jamming_tampering,high,30,UAV-008,173,194,normal
7,jamming_tampering,high,30,UAV-008,180,199,normal
7,jamming_tampering,high,30,UAV-008,185,204,normal
7,jamming_tampering,high,30,UAV-008,190,209,normal
7,jamming_tampering,high,30,UAV-008,195,214,normal
7,jamming_tampering,high,30,UAV-008,200,219,normal
7,jamming_tampering,high,30,UAV-008,205,224,normal
7,jamming_tampering,high,30,UAV-008,210,229,normal
7,jamming_tampering,high,30,UAV-008,215,234,normal
7,jamming_tampering,high,30,UAV-008,220,239,normal
7,jamming_tampering,high,30,UAV-014,0,19,normal
7,jamming_tampering,high,30,UAV-014,5,24,normal
7,jamming_tampering,high,30,UAV-014,10,29,normal
7,jamming_tampering,high,30,UAV-014,15,34,normal
7,jamming_tampering,high,30,UAV-014,20,39,normal
7,jamming_tampering,high,30,UAV-014,25,44,normal
7,jamming_tampering,high,30,UAV-014,30,49,normal
7,jamming_tampering,high,30,UAV-014,35,53,normal
7,jamming_tampering,high,30,UAV-014,40,57,normal
7,jamming_tampering,high,30,UAV-014,45,62,normal
7,jamming_tampering,high,30,UAV-014,50,66,jamming_tampering
7,jamming_tampering,high,30,UAV-014,54,70,jamming_tampering
7,jamming_tampering,high,30,UAV-014,57,76,jamming_tampering
7,jamming_tampering,high,30,UAV-014,63,81,jamming_tampering
7,jamming_tampering,high,30,UAV-014,66,85,jamming_tampering
7,jamming_tampering,high,30,UAV-014,72,93,jamming_tampering
7,jamming_tampering,high,30,UAV-014,77,97,jamming_tampering
7,jamming_tampering,high,30,UAV-014,82,101,jamming_tampering
7,jamming_tampering,high,30,UAV-014,90,105,jamming_tampering
7,jamming_tampering,high,30,UAV-014,94,112,jamming_tampering
7,jamming_tampering,high,30,UAV-014,98,117,jamming_tampering
7,jamming_tampering,high,30,UAV-014,102,121,jamming_tampering
7,jamming_tampering,high,30,UAV-014,106,127,jamming_tampering
7,jamming_tampering,high,30,UAV-014,113,133,jamming_tampering
7,jamming_tampering,high,30,UAV-014,118,137,jamming_tampering
7,jamming_tampering,high,30,UAV-014,122,142,jamming_tampering
7,jamming_tampering,high,30,UAV-014,128,146,jamming_tampering
7,jamming_tampering,high,30,UAV-014,134,153,jamming_tampering
7,jamming_tampering,high,30,UAV-014,138,158,jamming_tampering
7,jamming_tampering,high,30,UAV-014,142,165,jamming_tampering
7,jamming_tampering,high,30,UAV-014,147,170,jamming_tampering
7,jamming_tampering,high,30,UAV-014,155,176,jamming_tampering
7,jamming_tampering,high,30,UAV-014,159,182,jamming_tampering
7,jamming_tampering,high,30,UAV-014,166,186,jamming_tampering
7,jamming_tampering,high,30,UAV-014,171,191,jamming_tampering
7,jamming_tampering,high,30,UAV-014,177,196,normal
7,jamming_tampering,high,30,UAV-014,182,200,normal
7,jamming_tampering,high,30,UAV-014,187,204,normal
7,jamming_tampering,high,30,UAV-014,192,209,normal
7,jamming_tampering,high,30,UAV-014,196,214,normal
7,jamming_tampering,high,30,UAV-014,201,219,normal
7,jamming_tampering,high,30,UAV-014,205,224,normal
7,jamming_tampering,high,30,UAV-014,210,229,normal
7,jamming_tampering,high,30,UAV-014,215,234,normal
7,jamming_tampering,high,30,UAV-014,220,239,normal
7,jamming_tampering,low,30,UAV-001,0,19,normal
7,jamming_tampering,low,30,UAV-001,5,24,normal
7,jamming_tampering,low,30,UAV-001,10,29,normal
7,jamming_tampering,low,30,UAV-001,15,34,normal
7,jamming_tampering,low,30,UAV-001,20,39,normal
7,jamming_tampering,low,30,UAV-001,25,44,normal
7,jamming_tampering,low,30,UAV-001,30,49,normal
7,jamming_tampering,low,30,UAV-001,35,54,normal
7,jamming_tampering,low,30,UAV-001,40,58,normal
7,jamming_tampering,low,30,UAV-001,45,66,normal
7,jamming_tampering,low,30,UAV-001,50,70,normal
7,jamming_tampering,low,30,UAV-001,55,75,normal
7,jamming_tampering,low,30,UAV-001,59,80,jamming_tampering
7,jamming_tampering,low,30,UAV-001,67,84,jamming_tampering
7,jamming_tampering,low,30,UAV-001,71,88,jamming_tampering
7,jamming_tampering,low,30,UAV-001,76,95,jamming_tampering
7,jamming_tampering,low,30,UAV-001,80,99,jamming_tampering
7,jamming_tampering,low,30,UAV-001,85,104,jamming_tampering
7,jamming_tampering,low,30,UAV-001,90,109,jamming_tampering
7,jamming_tampering,low,30,UAV-001,96,114,jamming_tampering
7,jamming_tampering,low,30,UAV-001,100,119,jamming_tampering
7,jamming_tampering,low,30,UAV-001,105,124,normal
7,jamming_tampering,low,30,UAV-001,111,129,jamming_tampering
7,jamming_tampering,low,30,UAV-001,115,135,jamming_tampering
7,jamming_tampering,low,30,UAV-001,120,139,jamming_tampering
7,jamming_tampering,low,30,UAV-001,125,144,jamming_tampering
7,jamming_tampering,low,30,UAV-001,131,149,jamming_tampering
7,jamming_tampering,low,30,UAV-001,135,155,jamming_tampering
7,jamming_tampering,low,30,UAV-001,140,158,jamming_tampering
7,jamming_tampering,low,30,UAV-001,145,163,jamming_tampering
7,jamming_tampering,low,30,UAV-001,150,167,jamming_tampering
7,jamming_tampering,low,30,UAV-001,156,173,jamming_tampering
7,jamming_tampering,low,30,UAV-001,159,180,jamming_tampering
7,jamming_tampering,low,30,UAV-001,164,185,normal
7,jamming_tampering,low,30,UAV-001,168,189,normal
7,jamming_tampering,low,30,UAV-001,174,194,normal
7,jamming_tampering,low,30,UAV-001,181,199,normal
7,jamming_tampering,low,30,UAV-001,186,204,normal
7,jamming_tampering,low,30,UAV-001,190,209,normal
7,jamming_tampering,low,30,UAV-001,195,214,normal
7,jamming_tampering,low,30,UAV-001,200,219,normal
7,jamming_tampering,low,30,UAV-001,205,224,normal
7,jamming_tampering,low,30,UAV-001,210,229,normal
7,jamming_tampering,low,30,UAV-001,215,234,normal
7,jamming_tampering,low,30,UAV-001,220,239,normal
7,spoofing,high,10,UAV-006,0,19,normal
7,spoofing,high,10,UAV-006,5,24,normal
7,spoofing,high,10,UAV-006,10,29,normal
7,spoofing,high,10,UAV-006,15,34,normal
7,spoofing,high,10,UAV-006,20,39,normal
7,spoofing,high,10,UAV-006,25,44,normal
7,spoofing,high,10,UAV-006,30,49,normal
7,spoofing,high,10,UAV-006,35,54,normal
7,spoofing,high,10,UAV-006,40,59,normal
7,spoofing,high,10,UAV-006,45,64,normal
7,spoofing,high,10,UAV-006,50,69,spoofing
7,spoofing,high,10,UAV-006,55,74,spoofing
7,spoofing,high,10,UAV-006,60,79,spoofing
7,spoofing,high,10,UAV-006,65,84,spoofing
7,spoofing,high,10,UAV-006,70,89,spoofing
7,spoofing,high,10,UAV-006,75,94,spoofing
7,spoofing,high,10,UAV-006,80,99,spoofing
7,spoofing,high,10,UAV-006,85,104,spoofing
7,spoofing,high,10,UAV-006,90,109,spoofing
7,spoofing,high,10,UAV-006,95,114,spoofing
7,spoofing,high,10,UAV-006,100,119,spoofing
7,spoofing,high,10,UAV-006,105,124,spoofing
7,spoofing,high,10,UAV-006,110,129,spoofing
7,spoofing,high,10,UAV-006,115,134,spoofing
7,spoofing,high,10,UAV-006,120,139,spoofing
7,spoofing,high,10,UAV-006,125,144,spoofing
7,spoofing,high,10,UAV-006,130,149,spoofing
7,spoofing,high,10,UAV-006,135,154,spoofing
7,spoofing,high,10,UAV-006,140,159,spoofing
7,spoofing,high,10,UAV-006,145,164,spoofing
7,spoofing,high,10,UAV-006,150,169,spoofing
7,spoofing,high,10,UAV-006,155,174,spoofing
7,spoofing,high,10,UAV-006,160,179,spoofing
7,spoofing,high,10,UAV-006,165,184,spoofing
7,spoofing,high,10,UAV-006,170,189,spoofing
7,spoofing,high,10,UAV-006,175,194,spoofing
7,spoofing,high,10,UAV-006,180,199,normal
7,spoofing,high,10,UAV-006,185,204,normal
7,spoofing,high,10,UAV-006,190,209,normal
7,spoofing,high,10,UAV-006,195,214,normal
7,spoofing,high,10,UAV-006,200,219,normal
7,spoofing,high,10,UAV-006,205,224,normal
7,spoofing,high,10,UAV-006,210,229,normal
7,spoofing,high,10,UAV-006,215,234,normal
7,spoofing,high,10,UAV-006,220,239,normal
7,spoofing,high,20,UAV-007,0,19,normal
7,spoofing,high,20,UAV-007,5,24,normal
7,spoofing,high,20,UAV-007,10,29,normal
7,spoofing,high,20,UAV-007,15,34,normal
7,spoofing,high,20,UAV-007,20,39,normal
7,spoofing,high,20,UAV-007,25,44,normal
7,spoofing,high,20,UAV-007,30,49,normal
7,spoofing,high,20,UAV-007,35,54,normal
7,spoofing,high,20,UAV-007,40,59,normal
7,spoofing,high,20,UAV-007,45,64,normal
7,spoofing,high,20,UAV-007,50,69,spoofing
7,spoofing,high,20,UAV-007,55,74,spoofing
7,spoofing,high,20,UAV-007,60,79,spoofing
7,spoofing,high,20,UAV-007,65,84,spoofing
7,spoofing,high,20,UAV-007,70,89,spoofing
7,spoofing,high,20,UAV-007,75,94,spoofing
7,spoofing,high,20,UAV-007,80,99,spoofing
7,spoofing,high,20,UAV-007,85,104,spoofing
7,spoofing,high,20,UAV-007,90,109,spoofing
7,spoofing,high,20,UAV-007,95,114,spoofing
7,spoofing,high,20,UAV-007,100,119,spoofing
7,spoofing,high,20,UAV-007,105,124,spoofing
7,spoofing,high,20,UAV-007,110,129,spoofing
7,spoofing,high,20,UAV-007,115,134,spoofing
7,spoofing,high,20,UAV-007,120,139,spoofing
7,spoofing,high,20,UAV-007,125,144,spoofing
7,spoofing,high,20,UAV-007,130,149,spoofing
7,spoofing,high,20,UAV-007,135,154,spoofing
7,spoofing,high,20,UAV-007,140,159,spoofing
7,spoofing,high,20,UAV-007,145,164,spoofing
7,spoofing,high,20,UAV-007,150,169,spoofing
7,spoofing,high,20,UAV-007,155,174,spoofing
7,spoofing,high,20,UAV-007,160,179,spoofing
7,spoofing,high,20,UAV-007,165,184,spoofing
7,spoofing,high,20,UAV-007,170,189,spoofing
7,spoofing,high,20,UAV-007,175,194,normal
7,spoofing,high,20,UAV-007,180,199,normal
7,spoofing,high,20,UAV-007,185,204,normal
7,spoofing,high,20,UAV-007,190,209,normal
7,spoofing,high,20,UAV-007,195,214,normal
7,spoofing,high,20,UAV-007,200,219,normal
7,spoofing,high,20,UAV-007,205,224,normal
7,spoofing,high,20,UAV-007,210,229,normal
7,spoofing,high,20,UAV-007,215,234,normal
7,spoofing,high,20,UAV-007,220,239,normal
7,spoofing,high,30,UAV-021,0,19,normal
7,spoofing,high,30,UAV-021,5,24,normal
7,spoofing,high,30,UAV-021,10,29,normal
7,spoofing,high,30,UAV-021,15,34,normal
7,spoofing,high,30,UAV-021,20,39,normal
7,spoofing,high,30,UAV-021,25,44,normal
7,spoofing,high,30,UAV-021,30,49,normal
7,spoofing,high,30,UAV-021,35,54,normal
7,spoofing,high,30,UAV-021,40,59,normal
7,spoofing,high,30,UAV-021,45,64,normal
7,spoofing,high,30,UAV-021,50,69,spoofing
7,spoofing,high,30,UAV-021,55,74,spoofing
7,spoofing,high,30,UAV-021,60,79,spoofing
7,spoofing,high,30,UAV-021,65,84,spoofing
7,spoofing,high,30,UAV-021,70,89,spoofing
7,spoofing,high,30,UAV-021,75,94,spoofing
7,spoofing,high,30,UAV-021,80,99,spoofing
7,spoofing,high,30,UAV-021,85,104,spoofing
7,spoofing,high,30,UAV-021,90,109,spoofing
7,spoofing,high,30,UAV-021,95,114,spoofing
7,spoofing,high,30,UAV-021,100,119,spoofing
7,spoofing,high,30,UAV-021,105,124,spoofing
7,spoofing,high,30,UAV-021,110,129,spoofing
7,spoofing,high,30,UAV-021,115,134,spoofing
7,spoofing,high,30,UAV-021,120,139,spoofing
7,spoofing,high,30,UAV-021,125,144,spoofing
7,spoofing,high,30,UAV-021,130,149,spoofing
7,spoofing,high,30,UAV-021,135,154,spoofing
7,spoofing,high,30,UAV-021,140,159,spoofing
7,spoofing,high,30,UAV-021,145,164,spoofing
7,spoofing,high,30,UAV-021,150,169,spoofing
7,spoofing,high,30,UAV-021,155,174,spoofing
7,spoofing,high,30,UAV-021,160,179,spoofing
7,spoofing,high,30,UAV-021,165,184,spoofing
7,spoofing,high,30,UAV-021,170,189,spoofing
7,spoofing,high,30,UAV-021,175,194,normal
7,spoofing,high,30,UAV-021,180,199,normal
7,spoofing,high,30,UAV-021,185,204,normal
7,spoofing,high,30,UAV-021,190,209,normal
7,spoofing,high,30,UAV-021,195,214,normal
7,spoofing,high,30,UAV-021,200,219,normal
7,spoofing,high,30,UAV-021,205,224,normal
7,spoofing,high,30,UAV-021,210,229,normal
7,spoofing,high,30,UAV-021,215,234,normal
7,spoofing,high,30,UAV-021,220,239,normal
7,spoofing,low,10,UAV-003,0,19,normal
7,spoofing,low,10,UAV-003,5,24,normal
7,spoofing,low,10,UAV-003,10,29,normal
7,spoofing,low,10,UAV-003,15,34,normal
7,spoofing,low,10,UAV-003,20,39,normal
7,spoofing,low,10,UAV-003,25,44,normal
7,spoofing,low,10,UAV-003,30,49,normal
7,spoofing,low,10,UAV-003,35,54,normal
7,spoofing,low,10,UAV-003,40,59,normal
7,spoofing,low,10,UAV-003,45,64,normal
7,spoofing,low,10,UAV-003,50,69,normal
7,spoofing,low,10,UAV-003,55,74,normal
7,spoofing,low,10,UAV-003,60,79,spoofing
7,spoofing,low,10,UAV-003,65,84,spoofing
7,spoofing,low,10,UAV-003,70,89,spoofing
7,spoofing,low,10,UAV-003,75,94,spoofing
7,spoofing,low,10,UAV-003,80,99,spoofing
7,spoofing,low,10,UAV-003,85,104,spoofing
7,spoofing,low,10,UAV-003,90,109,spoofing
7,spoofing,low,10,UAV-003,95,114,normal
7,spoofing,low,10,UAV-003,100,119,normal
7,spoofing,low,10,UAV-003,105,124,normal
7,spoofing,low,10,UAV-003,110,129,normal
7,spoofing,low,10,UAV-003,115,134,normal
7,spoofing,low,10,UAV-003,120,139,spoofing
7,spoofing,low,10,UAV-003,125,144,spoofing
7,spoofing,low,10,UAV-003,130,149,spoofing
7,spoofing,low,10,UAV-003,135,154,spoofing
7,spoofing,low,10,UAV-003,140,159,spoofing
7,spoofing,low,10,UAV-003,145,164,normal
7,spoofing,low,10,UAV-003,150,169,spoofing
7,spoofing,low,10,UAV-003,155,174,normal
7,spoofing,low,10,UAV-003,160,179,normal
7,spoofing,low,10,UAV-003,165,184,normal
7,spoofing,low,10,UAV-003,170,189,normal
7,spoofing,low,10,UAV-003,175,194,normal
7,spoofing,low,10,UAV-003,180,199,normal
7,spoofing,low,10,UAV-003,185,204,normal
7,spoofing,low,10,UAV-003,190,209,normal
7,spoofing,low,10,UAV-003,195,214,normal
7,spoofing,low,10,UAV-003,200,219,normal
7,spoofing,low,10,UAV-003,205,224,normal
7,spoofing,low,10,UAV-003,210,229,normal
7,spoofing,low,10,UAV-003,215,234,normal
7,spoofing,low,10,UAV-003,220,239,normal
7,spoofing,low,30,UAV-027,0,19,normal
7,spoofing,low,30,UAV-027,5,24,normal
7,spoofing,low,30,UAV-027,10,29,normal
7,spoofing,low,30,UAV-027,15,34,normal
7,spoofing,low,30,UAV-027,20,39,normal
7,spoofing,low,30,UAV-027,25,44,normal
7,spoofing,low,30,UAV-027,30,49,normal
7,spoofing,low,30,UAV-027,35,54,normal
7,spoofing,low,30,UAV-027,40,59,normal
7,spoofing,low,30,UAV-027,45,64,normal
7,spoofing,low,30,UAV-027,50,69,normal
7,spoofing,low,30,UAV-027,55,74,normal
7,spoofing,low,30,UAV-027,60,79,spoofing
7,spoofing,low,30,UAV-027,65,84,normal
7,spoofing,low,30,UAV-027,70,89,normal
7,spoofing,low,30,UAV-027,75,94,spoofing
7,spoofing,low,30,UAV-027,80,99,normal
7,spoofing,low,30,UAV-027,85,104,normal
7,spoofing,low,30,UAV-027,90,109,normal
7,spoofing,low,30,UAV-027,95,114,normal
7,spoofing,low,30,UAV-027,100,119,normal
7,spoofing,low,30,UAV-027,105,124,normal
7,spoofing,low,30,UAV-027,110,129,normal
7,spoofing,low,30,UAV-027,115,134,spoofing
7,spoofing,low,30,UAV-027,120,139,normal
7,spoofing,low,30,UAV-027,125,144,normal
7,spoofing,low,30,UAV-027,130,149,normal
7,spoofing,low,30,UAV-027,135,154,normal
7,spoofing,low,30,UAV-027,140,159,spoofing
7,spoofing,low,30,UAV-027,145,164,spoofing
7,spoofing,low,30,UAV-027,150,169,spoofing
7,spoofing,low,30,UAV-027,155,174,spoofing
7,spoofing,low,30,UAV-027,160,179,normal
7,spoofing,low,30,UAV-027,165,184,normal
7,spoofing,low,30,UAV-027,170,189,normal
7,spoofing,low,30,UAV-027,175,194,normal
7,spoofing,low,30,UAV-027,180,199,normal
7,spoofing,low,30,UAV-027,185,204,normal
7,spoofing,low,30,UAV-027,190,209,normal
7,spoofing,low,30,UAV-027,195,214,normal
7,spoofing,low,30,UAV-027,200,219,normal
7,spoofing,low,30,UAV-027,205,224,normal
7,spoofing,low,30,UAV-027,210,229,normal
7,spoofing,low,30,UAV-027,215,234,normal
7,spoofing,low,30,UAV-027,220,239,normal
7,spoofing,medium,30,UAV-003,0,19,normal
7,spoofing,medium,30,UAV-003,5,24,normal
7,spoofing,medium,30,UAV-003,10,29,normal
7,spoofing,medium,30,UAV-003,15,34,normal
7,spoofing,medium,30,UAV-003,20,39,normal
7,spoofing,medium,30,UAV-003,25,44,normal
7,spoofing,medium,30,UAV-003,30,49,normal
7,spoofing,medium,30,UAV-003,35,54,normal
7,spoofing,medium,30,UAV-003,40,59,normal
7,spoofing,medium,30,UAV-003,45,64,normal
7,spoofing,medium,30,UAV-003,50,69,normal
7,spoofing,medium,30,UAV-003,55,74,spoofing
7,spoofing,medium,30,UAV-003,60,79,spoofing
7,spoofing,medium,30,UAV-003,65,84,spoofing
7,spoofing,medium,30,UAV-003,70,89,spoofing
7,spoofing,medium,30,UAV-003,75,94,spoofing
7,spoofing,medium,30,UAV-003,80,99,spoofing
7,spoofing,medium,30,UAV-003,85,104,spoofing
7,spoofing,medium,30,UAV-003,90,109,spoofing
7,spoofing,medium,30,UAV-003,95,114,spoofing
7,spoofing,medium,30,UAV-003,100,119,spoofing
7,spoofing,medium,30,UAV-003,105,124,spoofing
7,spoofing,medium,30,UAV-003,110,129,spoofing
7,spoofing,medium,30,UAV-003,115,134,spoofing
7,spoofing,medium,30,UAV-003,120,139,spoofing
7,spoofing,medium,30,UAV-003,125,144,spoofing
7,spoofing,medium,30,UAV-003,130,149,spoofing
7,spoofing,medium,30,UAV-003,135,154,spoofing
7,spoofing,medium,30,UAV-003,140,159,spoofing
7,spoofing,medium,30,UAV-003,145,164,spoofing
7,spoofing,medium,30,UAV-003,150,169,spoofing
7,spoofing,medium,30,UAV-003,155,174,spoofing
7,spoofing,medium,30,UAV-003,160,179,spoofing
7,spoofing,medium,30,UAV-003,165,184,spoofing
7,spoofing,medium,30,UAV-003,170,189,normal
7,spoofing,medium,30,UAV-003,175,194,normal
7,spoofing,medium,30,UAV-003,180,199,normal
7,spoofing,medium,30,UAV-003,185,204,normal
7,spoofing,medium,30,UAV-003,190,209,normal
7,spoofing,medium,30,UAV-003,195,214,normal
7,spoofing,medium,30,UAV-003,200,219,normal
7,spoofing,medium,30,UAV-003,205,224,normal
7,spoofing,medium,30,UAV-003,210,229,normal
7,spoofing,medium,30,UAV-003,215,234,normal
7,spoofing,medium,30,UAV-003,220,239,normal
7,spoofing,medium,30,UAV-005,0,19,normal
7,spoofing,medium,30,UAV-005,5,24,normal
7,spoofing,medium,30,UAV-005,10,29,normal
7,spoofing,medium,30,UAV-005,15,34,normal
7,spoofing,medium,30,UAV-005,20,39,normal
7,spoofing,medium,30,UAV-005,25,44,normal
7,spoofing,medium,30,UAV-005,30,49,normal
7,spoofing,medium,30,UAV-005,35,54,normal
7,spoofing,medium,30,UAV-005,40,59,normal
7,spoofing,medium,30,UAV-005,45,64,normal
7,spoofing,medium,30,UAV-005,50,69,spoofing
7,spoofing,medium,30,UAV-005,55,74,spoofing
7,spoofing,medium,30,UAV-005,60,79,spoofing
7,spoofing,medium,30,UAV-005,65,84,spoofing
7,spoofing,medium,30,UAV-005,70,89,spoofing
7,spoofing,medium,30,UAV-005,75,94,spoofing
7,spoofing,medium,30,UAV-005,80,99,spoofing
7,spoofing,medium,30,UAV-005,85,104,spoofing
7,spoofing,medium,30,UAV-005,90,109,spoofing
7,spoofing,medium,30,UAV-005,95,114,spoofing
7,spoofing,medium,30,UAV-005,100,119,spoofing
7,spoofing,medium,30,UAV-005,105,124,spoofing
7,spoofing,medium,30,UAV-005,110,129,spoofing
7,spoofing,medium,30,UAV-005,115,134,spoofing
7,spoofing,medium,30,UAV-005,120,139,spoofing
7,spoofing,medium,30,UAV-005,125,144,spoofing
7,spoofing,medium,30,UAV-005,130,149,spoofing
7,spoofing,medium,30,UAV-005,135,154,spoofing
7,spoofing,medium,30,UAV-005,140,159,spoofing
7,spoofing,medium,30,UAV-005,145,164,spoofing
7,spoofing,medium,30,UAV-005,150,169,spoofing
7,spoofing,medium,30,UAV-005,155,174,spoofing
7,spoofing,medium,30,UAV-005,160,179,spoofing
7,spoofing,medium,30,UAV-005,165,184,spoofing
7,spoofing,medium,30,UAV-005,170,189,spoofing
7,spoofing,medium,30,UAV-005,175,194,normal
7,spoofing,medium,30,UAV-005,180,199,normal
7,spoofing,medium,30,UAV-005,185,204,normal
7,spoofing,medium,30,UAV-005,190,209,normal
7,spoofing,medium,30,UAV-005,195,214,normal
7,spoofing,medium,30,UAV-005,200,219,normal
7,spoofing,medium,30,UAV-005,205,224,normal
7,spoofing,medium,30,UAV-005,210,229,normal
7,spoofing,medium,30,UAV-005,215,234,normal
7,spoofing,medium,30,UAV-005,220,239,normal
7,spoofing_tampering,high,30,UAV-021,0,19,normal
7,spoofing_tampering,high,30,UAV-021,5,24,normal
7,spoofing_tampering,high,30,UAV-021,10,29,normal
7,spoofing_tampering,high,30,UAV-021,15,34,normal
7,spoofing_tampering,high,30,UAV-021,20,39,normal
7,spoofing_tampering,high,30,UAV-021,25,44,normal
7,spoofing_tampering,high,30,UAV-021,30,49,normal
7,spoofing_tampering,high,30,UAV-021,35,54,normal
7,spoofing_tampering,high,30,UAV-021,40,58,normal
7,spoofing_tampering,high,30,UAV-021,45,64,normal
7,spoofing_tampering,high,30,UAV-021,50,70,spoofing_tampering
7,spoofing_tampering,high,30,UAV-021,55,74,spoofing_tampering
7,spoofing_tampering,high,30,UAV-021,59,79,spoofing_tampering
7,spoofing_tampering,high,30,UAV-021,65,82,spoofing_tampering
7,spoofing_tampering,high,30,UAV-021,71,86,spoofing_tampering
7,spoofing_tampering,high,30,UAV-021,75,92,spoofing_tampering
7,spoofing_tampering,high,30,UAV-021,80,98,spoofing_tampering
7,spoofing_tampering,high,30,UAV-021,82,104,spoofing_tampering
7,spoofing_tampering,high,30,UAV-021,87,108,spoofing_tampering
7,spoofing_tampering,high,30,UAV-021,93,114,spoofing_tampering
7,spoofing_tampering,high,30,UAV-021,99,118,spoofing_tampering
7,spoofing_tampering,high,30,UAV-021,105,124,spoofing_tampering
7,spoofing_tampering,high,30,UAV-021,110,128,spoofing_tampering
7,spoofing_tampering,high,30,UAV-021,115,132,spoofing_tampering
7,spoofing_tampering,high,30,UAV-021,119,136,spoofing_tampering
7,spoofing_tampering,high,30,UAV-021,125,141,spoofing_tampering
7,spoofing_tampering,high,30,UAV-021,129,148,spoofing_tampering
7,spoofing_tampering,high,30,UAV-021,133,151,spoofing_tampering
7,spoofing_tampering,high,30,UAV-021,137,157,spoofing_tampering
7,spoofing_tampering,high,30,UAV-021,144,164,spoofing_tampering
7,spoofing_tampering,high,30,UAV-021,148,169,spoofing_tampering
7,spoofing_tampering,high,30,UAV-021,152,176,spoofing_tampering
7,spoofing_tampering,high,30,UAV-021,160,181,spoofing_tampering
7,spoofing_tampering,high,30,UAV-021,165,186,spoofing_tampering
7,spoofing_tampering,high,30,UAV-021,171,190,spoofing_tampering
7,spoofing_tampering,high,30,UAV-021,176,195,normal
7,spoofing_tampering,high,30,UAV-021,182,199,normal
7,spoofing_tampering,high,30,UAV-021,187,204,normal
7,spoofing_tampering,high,30,UAV-021,191,209,normal
7,spoofing_tampering,high,30,UAV-021,196,214,normal
7,spoofing_tampering,high,30,UAV-021,200,219,normal
7,spoofing_tampering,high,30,UAV-021,205,224,normal
7,spoofing_tampering,high,30,UAV-021,210,229,normal
7,spoofing_tampering,high,30,UAV-021,215,234,normal
7,spoofing_tampering,high,30,UAV-021,220,239,normal
7,spoofing_tampering,high,30,UAV-022,0,19,normal
7,spoofing_tampering,high,30,UAV-022,5,24,normal
7,spoofing_tampering,high,30,UAV-022,10,29,normal
7,spoofing_tampering,high,30,UAV-022,15,34,normal
7,spoofing_tampering,high,30,UAV-022,20,39,normal
7,spoofing_tampering,high,30,UAV-022,25,44,normal
7,spoofing_tampering,high,30,UAV-022,30,48,normal
7,spoofing_tampering,high,30,UAV-022,35,53,normal
7,spoofing_tampering,high,30,UAV-022,40,57,normal
7,spoofing_tampering,high,30,UAV-022,44,62,normal
7,spoofing_tampering,high,30,UAV-022,49,67,normal
7,spoofing_tampering,high,30,UAV-022,54,73,spoofing_tampering
7,spoofing_tampering,high,30,UAV-022,58,78,spoofing_tampering
7,spoofing_tampering,high,30,UAV-022,63,83,spoofing_tampering
7,spoofing_tampering,high,30,UAV-022,68,87,spoofing_tampering
7,spoofing_tampering,high,30,UAV-022,75,92,spoofing_tampering
7,spoofing_tampering,high,30,UAV-022,79,95,spoofing_tampering
7,spoofing_tampering,high,30,UAV-022,84,102,spoofing_tampering
7,spoofing_tampering,high,30,UAV-022,88,107,spoofing_tampering
7,spoofing_tampering,high,30,UAV-022,92,112,spoofing_tampering
7,spoofing_tampering,high,30,UAV-022,95,119,spoofing_tampering
7,spoofing_tampering,high,30,UAV-022,103,124,spoofing_tampering
7,spoofing_tampering,high,30,UAV-022,108,128,spoofing_tampering
7,spoofing_tampering,high,30,UAV-022,113,133,spoofing_tampering
7,spoofing_tampering,high,30,UAV-022,121,137,spoofing_tampering
7,spoofing_tampering,high,30,UAV-022,125,142,spoofing_tampering
7,spoofing_tampering,high,30,UAV-022,129,148,spoofing_tampering
7,spoofing_tampering,high,30,UAV-022,134,153,spoofing_tampering
7,spoofing_tampering,high,30,UAV-022,138,158,spoofing_tampering
7,spoofing_tampering,high,30,UAV-022,144,162,spoofing_tampering
7,spoofing_tampering,high,30,UAV-022,149,170,spoofing_tampering
7,spoofing_tampering,high,30,UAV-022,154,175,spoofing_tampering
7,spoofing_tampering,high,30,UAV-022,159,179,spoofing_tampering
7,spoofing_tampering,high,30,UAV-022,164,184,spoofing_tampering
7,spoofing_tampering,high,30,UAV-022,171,189,spoofing_tampering
7,spoofing_tampering,high,30,UAV-022,176,194,normal
7,spoofing_tampering,high,30,UAV-022,180,199,normal
7,spoofing_tampering,high,30,UAV-022,185,204,normal
7,spoofing_tampering,high,30,UAV-022,190,209,normal
7,spoofing_tampering,high,30,UAV-022,195,214,normal
7,spoofing_tampering,high,30,UAV-022,200,219,normal
7,spoofing_tampering,high,30,UAV-022,205,224,normal
7,spoofing_tampering,high,30,UAV-022,210,229,normal
7,spoofing_tampering,high,30,UAV-022,215,234,normal
7,spoofing_tampering,high,30,UAV-022,220,239,normal
7,spoofing_tampering,low,30,UAV-020,0,19,normal
7,spoofing_tampering,low,30,UAV-020,5,24,normal
7,spoofing_tampering,low,30,UAV-020,10,29,normal
7,spoofing_tampering,low,30,UAV-020,15,34,normal
7,spoofing_tampering,low,30,UAV-020,20,39,normal
7,spoofing_tampering,low,30,UAV-020,25,44,normal
7,spoofing_tampering,low,30,UAV-020,30,48,normal
7,spoofing_tampering,low,30,UAV-020,35,53,normal
7,spoofing_tampering,low,30,UAV-020,40,57,normal
7,spoofing_tampering,low,30,UAV-020,45,64,normal
7,spoofing_tampering,low,30,UAV-020,49,70,normal
7,spoofing_tampering,low,30,UAV-020,54,74,normal
7,spoofing_tampering,low,30,UAV-020,58,78,spoofing_tampering
7,spoofing_tampering,low,30,UAV-020,65,83,spoofing_tampering
7,spoofing_tampering,low,30,UAV-020,70,88,spoofing_tampering
7,spoofing_tampering,low,30,UAV-020,75,93,spoofing_tampering
7,spoofing_tampering,low,30,UAV-020,79,98,spoofing_tampering
7,spoofing_tampering,low,30,UAV-020,84,103,spoofing_tampering
7,spoofing_tampering,low,30,UAV-020,89,109,spoofing_tampering
7,spoofing_tampering,low,30,UAV-020,94,114,spoofing_tampering
7,spoofing_tampering,low,30,UAV-020,99,120,spoofing_tampering
7,spoofing_tampering,low,30,UAV-020,105,125,spoofing_tampering
7,spoofing_tampering,low,30,UAV-020,110,130,spoofing_tampering
7,spoofing_tampering,low,30,UAV-020,115,134,spoofing_tampering
7,spoofing_tampering,low,30,UAV-020,121,139,spoofing_tampering
7,spoofing_tampering,low,30,UAV-020,126,143,spoofing_tampering
7,spoofing_tampering,low,30,UAV-020,131,149,spoofing_tampering
7,spoofing_tampering,low,30,UAV-020,135,154,spoofing_tampering
7,spoofing_tampering,low,30,UAV-020,140,158,spoofing_tampering
7,spoofing_tampering,low,30,UAV-020,144,163,spoofing_tampering
7,spoofing_tampering,low,30,UAV-020,150,169,spoofing_tampering
7,spoofing_tampering,low,30,UAV-020,155,175,spoofing_tampering
7,spoofing_tampering,low,30,UAV-020,159,180,normal
7,spoofing_tampering,low,30,UAV-020,164,184,normal
7,spoofing_tampering,low,30,UAV-020,170,189,normal
7,spoofing_tampering,low,30,UAV-020,176,194,normal
7,spoofing_tampering,low,30,UAV-020,181,199,normal
7,spoofing_tampering,low,30,UAV-020,185,204,normal
7,spoofing_tampering,low,30,UAV-020,190,209,normal
7,spoofing_tampering,low,30,UAV-020,195,214,normal
7,spoofing_tampering,low,30,UAV-020,200,219,normal
7,spoofing_tampering,low,30,UAV-020,205,224,normal
7,spoofing_tampering,low,30,UAV-020,210,229,normal
7,spoofing_tampering,low,30,UAV-020,215,234,normal
7,spoofing_tampering,low,30,UAV-020,220,239,normal
7,spoofing_tampering,medium,10,UAV-010,0,19,normal
7,spoofing_tampering,medium,10,UAV-010,5,24,normal
7,spoofing_tampering,medium,10,UAV-010,10,29,normal
7,spoofing_tampering,medium,10,UAV-010,15,34,normal
7,spoofing_tampering,medium,10,UAV-010,20,39,normal
7,spoofing_tampering,medium,10,UAV-010,25,44,normal
7,spoofing_tampering,medium,10,UAV-010,30,49,normal
7,spoofing_tampering,medium,10,UAV-010,35,54,normal
7,spoofing_tampering,medium,10,UAV-010,40,59,normal
7,spoofing_tampering,medium,10,UAV-010,45,64,normal
7,spoofing_tampering,medium,10,UAV-010,50,69,normal
7,spoofing_tampering,medium,10,UAV-010,55,74,spoofing_tampering
7,spoofing_tampering,medium,10,UAV-010,60,78,spoofing_tampering
7,spoofing_tampering,medium,10,UAV-010,65,84,spoofing_tampering
7,spoofing_tampering,medium,10,UAV-010,70,88,spoofing_tampering
7,spoofing_tampering,medium,10,UAV-010,75,91,spoofing_tampering
7,spoofing_tampering,medium,10,UAV-010,79,97,spoofing_tampering
7,spoofing_tampering,medium,10,UAV-010,85,102,spoofing_tampering
7,spoofing_tampering,medium,10,UAV-010,89,109,spoofing_tampering
7,spoofing_tampering,medium,10,UAV-010,92,114,spoofing_tampering
7,spoofing_tampering,medium,10,UAV-010,98,119,spoofing_tampering
7,spoofing_tampering,medium,10,UAV-010,103,122,spoofing_tampering
7,spoofing_tampering,medium,10,UAV-010,110,127,spoofing_tampering
7,spoofing_tampering,medium,10,UAV-010,115,136,spoofing_tampering
7,spoofing_tampering,medium,10,UAV-010,120,141,spoofing_tampering
7,spoofing_tampering,medium,10,UAV-010,123,144,spoofing_tampering
7,spoofing_tampering,medium,10,UAV-010,129,148,spoofing_tampering
7,spoofing_tampering,medium,10,UAV-010,137,153,spoofing_tampering
7,spoofing_tampering,medium,10,UAV-010,141,158,spoofing_tampering
7,spoofing_tampering,medium,10,UAV-010,145,164,spoofing_tampering
7,spoofing_tampering,medium,10,UAV-010,149,169,spoofing_tampering
7,spoofing_tampering,medium,10,UAV-010,154,174,spoofing_tampering
7,spoofing_tampering,medium,10,UAV-010,159,179,spoofing_tampering
7,spoofing_tampering,medium,10,UAV-010,165,184,spoofing_tampering
7,spoofing_tampering,medium,10,UAV-010,170,189,spoofing_tampering
7,spoofing_tampering,medium,10,UAV-010,175,194,normal
7,spoofing_tampering,medium,10,UAV-010,180,199,normal
7,spoofing_tampering,medium,10,UAV-010,185,204,normal
7,spoofing_tampering,medium,10,UAV-010,190,209,normal
7,spoofing_tampering,medium,10,UAV-010,195,214,normal
7,spoofing_tampering,medium,10,UAV-010,200,219,normal
7,spoofing_tampering,medium,10,UAV-010,205,224,normal
7,spoofing_tampering,medium,10,UAV-010,210,229,normal
7,spoofing_tampering,medium,10,UAV-010,215,234,normal
7,spoofing_tampering,medium,10,UAV-010,220,239,normal
7,spoofing_tampering,medium,30,UAV-006,0,19,normal
7,spoofing_tampering,medium,30,UAV-006,5,24,normal
7,spoofing_tampering,medium,30,UAV-006,10,29,normal
7,spoofing_tampering,medium,30,UAV-006,15,34,normal
7,spoofing_tampering,medium,30,UAV-006,20,39,normal
7,spoofing_tampering,medium,30,UAV-006,25,44,normal
7,spoofing_tampering,medium,30,UAV-006,30,49,normal
7,spoofing_tampering,medium,30,UAV-006,35,54,normal
7,spoofing_tampering,medium,30,UAV-006,40,58,normal
7,spoofing_tampering,medium,30,UAV-006,45,63,normal
7,spoofing_tampering,medium,30,UAV-006,50,69,normal
7,spoofing_tampering,medium,30,UAV-006,54,73,spoofing_tampering
7,spoofing_tampering,medium,30,UAV-006,59,78,spoofing_tampering
7,spoofing_tampering,medium,30,UAV-006,64,83,spoofing_tampering
7,spoofing_tampering,medium,30,UAV-006,70,88,spoofing_tampering
7,spoofing_tampering,medium,30,UAV-006,74,95,spoofing_tampering
7,spoofing_tampering,medium,30,UAV-006,79,100,spoofing_tampering
7,spoofing_tampering,medium,30,UAV-006,84,104,spoofing_tampering
7,spoofing_tampering,medium,30,UAV-006,89,109,spoofing_tampering
7,spoofing_tampering,medium,30,UAV-006,96,115,spoofing_tampering
7,spoofing_tampering,medium,30,UAV-006,100,122,spoofing_tampering
7,spoofing_tampering,medium,30,UAV-006,105,125,spoofing_tampering
7,spoofing_tampering,medium,30,UAV-006,110,132,spoofing_tampering
7,spoofing_tampering,medium,30,UAV-006,117,135,spoofing_tampering
7,spoofing_tampering,medium,30,UAV-006,122,139,spoofing_tampering
7,spoofing_tampering,medium,30,UAV-006,129,143,spoofing_tampering
7,spoofing_tampering,medium,30,UAV-006,132,147,spoofing_tampering
7,spoofing_tampering,medium,30,UAV-006,136,153,spoofing_tampering
7,spoofing_tampering,medium,30,UAV-006,139,158,spoofing_tampering
7,spoofing_tampering,medium,30,UAV-006,144,164,spoofing_tampering
7,spoofing_tampering,medium,30,UAV-006,148,169,spoofing_tampering
7,spoofing_tampering,medium,30,UAV-006,154,174,spoofing_tampering
7,spoofing_tampering,medium,30,UAV-006,160,180,spoofing_tampering
7,spoofing_tampering,medium,30,UAV-006,165,185,spoofing_tampering
7,spoofing_tampering,medium,30,UAV-006,170,190,normal
7,spoofing_tampering,medium,30,UAV-006,175,195,normal
7,spoofing_tampering,medium,30,UAV-006,181,199,normal
7,spoofing_tampering,medium,30,UAV-006,186,204,normal
7,spoofing_tampering,medium,30,UAV-006,191,209,normal
7,spoofing_tampering,medium,30,UAV-006,196,214,normal
7,spoofing_tampering,medium,30,UAV-006,200,219,normal
7,spoofing_tampering,medium,30,UAV-006,205,224,normal
7,spoofing_tampering,medium,30,UAV-006,210,229,normal
7,spoofing_tampering,medium,30,UAV-006,215,234,normal
7,spoofing_tampering,medium,30,UAV-006,220,239,normal
7,spoofing_tampering,medium,30,UAV-008,0,19,normal
7,spoofing_tampering,medium,30,UAV-008,5,24,normal
7,spoofing_tampering,medium,30,UAV-008,10,29,normal
7,spoofing_tampering,medium,30,UAV-008,15,34,normal
7,spoofing_tampering,medium,30,UAV-008,20,39,normal
7,spoofing_tampering,medium,30,UAV-008,25,44,normal
7,spoofing_tampering,medium,30,UAV-008,30,49,normal
7,spoofing_tampering,medium,30,UAV-008,35,54,normal
7,spoofing_tampering,medium,30,UAV-008,40,59,normal
7,spoofing_tampering,medium,30,UAV-008,45,64,normal
7,spoofing_tampering,medium,30,UAV-008,50,69,normal
7,spoofing_tampering,medium,30,UAV-008,55,74,spoofing_tampering
7,spoofing_tampering,medium,30,UAV-008,60,78,spoofing_tampering
7,spoofing_tampering,medium,30,UAV-008,65,83,spoofing_tampering
7,spoofing_tampering,medium,30,UAV-008,70,88,spoofing_tampering
7,spoofing_tampering,medium,30,UAV-008,75,93,spoofing_tampering
7,spoofing_tampering,medium,30,UAV-008,80,98,spoofing_tampering
7,spoofing_tampering,medium,30,UAV-008,84,105,spoofing_tampering
7,spoofing_tampering,medium,30,UAV-008,89,108,spoofing_tampering
7,spoofing_tampering,medium,30,UAV-008,94,113,spoofing_tampering
7,spoofing_tampering,medium,30,UAV-008,100,119,spoofing_tampering
7,spoofing_tampering,medium,30,UAV-008,106,123,spoofing_tampering
7,spoofing_tampering,medium,30,UAV-008,109,128,spoofing_tampering
7,spoofing_tampering,medium,30,UAV-008,114,134,spoofing_tampering
7,spoofing_tampering,medium,30,UAV-008,120,140,spoofing_tampering
7,spoofing_tampering,medium,30,UAV-008,124,145,spoofing_tampering
7,spoofing_tampering,medium,30,UAV-008,130,149,spoofing_tampering
7,spoofing_tampering,medium,30,UAV-008,135,153,spoofing_tampering
7,spoofing_tampering,medium,30,UAV-008,141,159,spoofing_tampering
7,spoofing_tampering,medium,30,UAV-008,146,164,spoofing_tampering
7,spoofing_tampering,medium,30,UAV-008,150,171,spoofing_tampering
7,spoofing_tampering,medium,30,UAV-008,154,175,spoofing_tampering
7,spoofing_tampering,medium,30,UAV-008,160,179,spoofing_tampering
7,spoofing_tampering,medium,30,UAV-008,165,184,spoofing_tampering
7,spoofing_tampering,medium,30,UAV-008,172,189,normal
7,spoofing_tampering,medium,30,UAV-008,176,194,normal
7,spoofing_tampering,medium,30,UAV-008,180,199,normal
7,spoofing_tampering,medium,30,UAV-008,185,204,normal
7,spoofing_tampering,medium,30,UAV-008,190,209,normal
7,spoofing_tampering,medium,30,UAV-008,195,214,normal
7,spoofing_tampering,medium,30,UAV-008,200,219,normal
7,spoofing_tampering,medium,30,UAV-008,205,224,normal
7,spoofing_tampering,medium,30,UAV-008,210,229,normal
7,spoofing_tampering,medium,30,UAV-008,215,234,normal
7,spoofing_tampering,medium,30,UAV-008,220,239,normal
7,tampering,high,20,UAV-005,0,19,normal
7,tampering,high,20,UAV-005,5,24,normal
7,tampering,high,20,UAV-005,10,29,normal
7,tampering,high,20,UAV-005,15,34,normal
7,tampering,high,20,UAV-005,20,39,normal
7,tampering,high,20,UAV-005,25,44,normal
7,tampering,high,20,UAV-005,30,48,normal
7,tampering,high,20,UAV-005,35,53,normal
7,tampering,high,20,UAV-005,40,58,normal
7,tampering,high,20,UAV-005,45,62,normal
7,tampering,high,20,UAV-005,49,66,tampering
7,tampering,high,20,UAV-005,54,74,tampering
7,tampering,high,20,UAV-005,59,79,tampering
7,tampering,high,20,UAV-005,63,82,tampering
7,tampering,high,20,UAV-005,67,87,tampering
7,tampering,high,20,UAV-005,75,94,tampering
7,tampering,high,20,UAV-005,80,98,tampering
7,tampering,high,20,UAV-005,83,102,tampering
7,tampering,high,20,UAV-005,88,108,tampering
7,tampering,high,20,UAV-005,95,115,tampering
7,tampering,high,20,UAV-005,98,120,tampering
7,tampering,high,20,UAV-005,103,125,tampering
7,tampering,high,20,UAV-005,110,131,tampering
7,tampering,high,20,UAV-005,116,136,tampering
7,tampering,high,20,UAV-005,121,140,tampering
7,tampering,high,20,UAV-005,125,145,tampering
7,tampering,high,20,UAV-005,131,147,tampering
7,tampering,high,20,UAV-005,137,152,tampering
7,tampering,high,20,UAV-005,141,156,tampering
7,tampering,high,20,UAV-005,145,161,tampering
7,tampering,high,20,UAV-005,148,168,tampering
7,tampering,high,20,UAV-005,152,174,tampering
7,tampering,high,20,UAV-005,157,180,tampering
7,tampering,high,20,UAV-005,162,185,tampering
7,tampering,high,20,UAV-005,169,190,tampering
7,tampering,high,20,UAV-005,175,195,normal
7,tampering,high,20,UAV-005,181,199,normal
7,tampering,high,20,UAV-005,186,204,normal
7,tampering,high,20,UAV-005,191,209,normal
7,tampering,high,20,UAV-005,195,214,normal
7,tampering,high,20,UAV-005,200,219,normal
7,tampering,high,20,UAV-005,205,224,normal
7,tampering,high,20,UAV-005,210,229,normal
7,tampering,high,20,UAV-005,215,234,normal
7,tampering,high,20,UAV-005,220,239,normal
7,tampering,high,20,UAV-009,0,19,normal
7,tampering,high,20,UAV-009,5,24,normal
7,tampering,high,20,UAV-009,10,29,normal
7,tampering,high,20,UAV-009,15,34,normal
7,tampering,high,20,UAV-009,20,39,normal
7,tampering,high,20,UAV-009,25,44,normal
7,tampering,high,20,UAV-009,30,48,normal
7,tampering,high,20,UAV-009,35,52,normal
7,tampering,high,20,UAV-009,40,57,normal
7,tampering,high,20,UAV-009,45,62,normal
7,tampering,high,20,UAV-009,49,68,tampering
7,tampering,high,20,UAV-009,53,73,tampering
7,tampering,high,20,UAV-009,58,79,tampering
7,tampering,high,20,UAV-009,63,86,tampering
7,tampering,high,20,UAV-009,69,89,tampering
7,tampering,high,20,UAV-009,74,94,tampering
7,tampering,high,20,UAV-009,80,100,tampering
7,tampering,high,20,UAV-009,86,107,tampering
7,tampering,high,20,UAV-009,90,112,tampering
7,tampering,high,20,UAV-009,95,118,tampering
7,tampering,high,20,UAV-009,103,120,tampering
7,tampering,high,20,UAV-009,108,125,tampering
7,tampering,high,20,UAV-009,113,128,tampering
7,tampering,high,20,UAV-009,118,135,tampering
7,tampering,high,20,UAV-009,121,140,tampering
7,tampering,high,20,UAV-009,126,144,tampering
7,tampering,high,20,UAV-009,129,149,tampering
7,tampering,high,20,UAV-009,136,154,tampering
7,tampering,high,20,UAV-009,140,160,tampering
7,tampering,high,20,UAV-009,145,166,tampering
7,tampering,high,20,UAV-009,150,172,tampering
7,tampering,high,20,UAV-009,156,177,tampering
7,tampering,high,20,UAV-009,162,182,tampering
7,tampering,high,20,UAV-009,167,187,tampering
7,tampering,high,20,UAV-009,173,190,tampering
7,tampering,high,20,UAV-009,178,195,normal
7,tampering,high,20,UAV-009,183,199,normal
7,tampering,high,20,UAV-009,187,204,normal
7,tampering,high,20,UAV-009,191,209,normal
7,tampering,high,20,UAV-009,195,214,normal
7,tampering,high,20,UAV-009,200,219,normal
7,tampering,high,20,UAV-009,205,224,normal
7,tampering,high,20,UAV-009,210,229,normal
7,tampering,high,20,UAV-009,215,234,normal
7,tampering,high,20,UAV-009,220,239,normal
7,tampering,low,30,UAV-018,0,19,normal
7,tampering,low,30,UAV-018,5,24,normal
7,tampering,low,30,UAV-018,10,29,normal
7,tampering,low,30,UAV-018,15,34,normal
7,tampering,low,30,UAV-018,20,39,normal
7,tampering,low,30,UAV-018,25,44,normal
7,tampering,low,30,UAV-018,30,49,normal
7,tampering,low,30,UAV-018,35,54,normal
7,tampering,low,30,UAV-018,40,59,normal
7,tampering,low,30,UAV-018,45,64,normal
7,tampering,low,30,UAV-018,50,67,normal
7,tampering,low,30,UAV-018,55,73,tampering
7,tampering,low,30,UAV-018,60,78,tampering
7,tampering,low,30,UAV-018,65,84,normal
7,tampering,low,30,UAV-018,68,89,normal
7,tampering,low,30,UAV-018,74,94,normal
7,tampering,low,30,UAV-018,80,98,tampering
7,tampering,low,30,UAV-018,85,101,tampering
7,tampering,low,30,UAV-018,90,109,tampering
7,tampering,low,30,UAV-018,94,113,tampering
7,tampering,low,30,UAV-018,98,119,tampering
7,tampering,low,30,UAV-018,101,124,normal
7,tampering,low,30,UAV-018,110,129,normal
7,tampering,low,30,UAV-018,114,134,tampering
7,tampering,low,30,UAV-018,120,138,normal
7,tampering,low,30,UAV-018,125,144,tampering
7,tampering,low,30,UAV-018,130,149,tampering
7,tampering,low,30,UAV-018,134,154,tampering
7,tampering,low,30,UAV-018,139,159,tampering
7,tampering,low,30,UAV-018,145,164,tampering
7,tampering,low,30,UAV-018,150,168,tampering
7,tampering,low,30,UAV-018,154,174,normal
7,tampering,low,30,UAV-018,160,179,tampering
7,tampering,low,30,UAV-018,164,184,tampering
7,tampering,low,30,UAV-018,169,189,normal
7,tampering,low,30,UAV-018,175,194,normal
7,tampering,low,30,UAV-018,180,199,normal
7,tampering,low,30,UAV-018,185,204,normal
7,tampering,low,30,UAV-018,190,209,normal
7,tampering,low,30,UAV-018,195,214,normal
7,tampering,low,30,UAV-018,200,219,normal
7,tampering,low,30,UAV-018,205,224,normal
7,tampering,low,30,UAV-018,210,229,normal
7,tampering,low,30,UAV-018,215,234,normal
7,tampering,low,30,UAV-018,220,239,normal
7,tampering,medium,20,UAV-007,0,19,normal
7,tampering,medium,20,UAV-007,5,24,normal
7,tampering,medium,20,UAV-007,10,29,normal
7,tampering,medium,20,UAV-007,15,34,normal
7,tampering,medium,20,UAV-007,20,39,normal
7,tampering,medium,20,UAV-007,25,44,normal
7,tampering,medium,20,UAV-007,30,49,normal
7,tampering,medium,20,UAV-007,35,54,normal
7,tampering,medium,20,UAV-007,40,58,normal
7,tampering,medium,20,UAV-007,45,64,normal
7,tampering,medium,20,UAV-007,50,69,normal
7,tampering,medium,20,UAV-007,54,75,tampering
7,tampering,medium,20,UAV-007,59,79,tampering
7,tampering,medium,20,UAV-007,65,83,tampering
7,tampering,medium,20,UAV-007,71,87,tampering
7,tampering,medium,20,UAV-007,76,94,tampering
7,tampering,medium,20,UAV-007,80,100,tampering
7,tampering,medium,20,UAV-007,84,105,tampering
7,tampering,medium,20,UAV-007,88,110,tampering
7,tampering,medium,20,UAV-007,95,115,tampering
7,tampering,medium,20,UAV-007,101,119,tampering
7,tampering,medium,20,UAV-007,106,124,tampering
7,tampering,medium,20,UAV-007,111,128,tampering
7,tampering,medium,20,UAV-007,116,133,tampering
7,tampering,medium,20,UAV-007,120,139,tampering
7,tampering,medium,20,UAV-007,125,144,tampering
7,tampering,medium,20,UAV-007,129,149,tampering
7,tampering,medium,20,UAV-007,135,154,tampering
7,tampering,medium,20,UAV-007,139,159,tampering
7,tampering,medium,20,UAV-007,145,165,tampering
7,tampering,medium,20,UAV-007,150,169,tampering
7,tampering,medium,20,UAV-007,154,175,tampering
7,tampering,medium,20,UAV-007,160,179,tampering
7,tampering,medium,20,UAV-007,165,184,tampering
7,tampering,medium,20,UAV-007,170,189,tampering
7,tampering,medium,20,UAV-007,176,194,normal
7,tampering,medium,20,UAV-007,180,199,normal
7,tampering,medium,20,UAV-007,185,204,normal
7,tampering,medium,20,UAV-007,190,209,normal
7,tampering,medium,20,UAV-007,195,214,normal
7,tampering,medium,20,UAV-007,200,219,normal
7,tampering,medium,20,UAV-007,205,224,normal
7,tampering,medium,20,UAV-007,210,229,normal
7,tampering,medium,20,UAV-007,215,234,normal
7,tampering,medium,20,UAV-007,220,239,normal
7,tampering,medium,30,UAV-021,0,19,normal
7,tampering,medium,30,UAV-021,5,24,normal
7,tampering,medium,30,UAV-021,10,29,normal
7,tampering,medium,30,UAV-021,15,34,normal
7,tampering,medium,30,UAV-021,20,39,normal
7,tampering,medium,30,UAV-021,25,44,normal
7,tampering,medium,30,UAV-021,30,48,normal
7,tampering,medium,30,UAV-021,35,53,normal
7,tampering,medium,30,UAV-021,40,58,normal
7,tampering,medium,30,UAV-021,45,64,normal
7,tampering,medium,30,UAV-021,49,69,tampering
7,tampering,medium,30,UAV-021,54,74,tampering
7,tampering,medium,30,UAV-021,59,79,tampering
7,tampering,medium,30,UAV-021,65,84,tampering
7,tampering,medium,30,UAV-021,69,89,tampering
7,tampering,medium,30,UAV-021,75,94,tampering
7,tampering,medium,30,UAV-021,80,98,tampering
7,tampering,medium,30,UAV-021,85,102,tampering
7,tampering,medium,30,UAV-021,90,108,tampering
7,tampering,medium,30,UAV-021,95,113,tampering
7,tampering,medium,30,UAV-021,99,120,tampering
7,tampering,medium,30,UAV-021,103,124,tampering
7,tampering,medium,30,UAV-021,109,130,tampering
7,tampering,medium,30,UAV-021,115,135,tampering
7,tampering,medium,30,UAV-021,120,139,tampering
7,tampering,medium,30,UAV-021,125,145,tampering
7,tampering,medium,30,UAV-021,132,149,tampering
7,tampering,medium,30,UAV-021,136,153,tampering
7,tampering,medium,30,UAV-021,140,157,tampering
7,tampering,medium,30,UAV-021,146,163,tampering
7,tampering,medium,30,UAV-021,150,168,tampering
7,tampering,medium,30,UAV-021,154,175,tampering
7,tampering,medium,30,UAV-021,158,180,tampering
7,tampering,medium,30,UAV-021,163,184,tampering
7,tampering,medium,30,UAV-021,170,189,tampering
7,tampering,medium,30,UAV-021,176,194,normal
7,tampering,medium,30,UAV-021,181,199,normal
7,tampering,medium,30,UAV-021,185,204,normal
7,tampering,medium,30,UAV-021,190,209,normal
7,tampering,medium,30,UAV-021,195,214,normal
7,tampering,medium,30,UAV-021,200,219,normal
7,tampering,medium,30,UAV-021,205,224,normal
7,tampering,medium,30,UAV-021,210,229,normal
7,tampering,medium,30,UAV-021,215,234,normal
7,tampering,medium,30,UAV-021,220,239,normal
8,combined,high,10,UAV-010,0,19,normal
8,combined,high,10,UAV-010,5,24,normal
8,combined,high,10,UAV-010,10,29,normal
8,combined,high,10,UAV-010,15,34,normal
8,combined,high,10,UAV-010,20,39,normal
8,combined,high,10,UAV-010,25,44,normal
8,combined,high,10,UAV-010,30,48,normal
8,combined,high,10,UAV-010,35,53,normal
8,combined,high,10,UAV-010,40,58,normal
8,combined,high,10,UAV-010,45,63,normal
8,combined,high,10,UAV-010,49,68,normal
8,combined,high,10,UAV-010,54,73,combined
8,combined,high,10,UAV-010,59,79,combined
8,combined,high,10,UAV-010,64,84,combined
8,combined,high,10,UAV-010,69,88,combined
8,combined,high,10,UAV-010,75,92,combined
8,combined,high,10,UAV-010,81,96,combined
8,combined,high,10,UAV-010,84,102,combined
8,combined,high,10,UAV-010,90,107,combined
8,combined,high,10,UAV-010,93,113,combined
8,combined,high,10,UAV-010,97,119,combined
8,combined,high,10,UAV-010,103,126,combined
8,combined,high,10,UAV-010,109,130,combined
8,combined,high,10,UAV-010,114,134,combined
8,combined,high,10,UAV-010,120,138,combined
8,combined,high,10,UAV-010,127,145,combined
8,combined,high,10,UAV-010,130,151,combined
8,combined,high,10,UAV-010,135,155,combined
8,combined,high,10,UAV-010,140,158,combined
8,combined,high,10,UAV-010,148,166,combined
8,combined,high,10,UAV-010,151,172,combined
8,combined,high,10,UAV-010,156,176,combined
8,combined,high,10,UAV-010,159,181,combined
8,combined,high,10,UAV-010,167,186,combined
8,combined,high,10,UAV-010,173,189,combined
8,combined,high,10,UAV-010,177,194,normal
8,combined,high,10,UAV-010,182,199,normal
8,combined,high,10,UAV-010,186,204,normal
8,combined,high,10,UAV-010,190,209,normal
8,combined,high,10,UAV-010,195,214,normal
8,combined,high,10,UAV-010,200,219,normal
8,combined,high,10,UAV-010,205,224,normal
8,combined,high,10,UAV-010,210,229,normal
8,combined,high,10,UAV-010,215,234,normal
8,combined,high,10,UAV-010,220,239,normal
8,combined,high,30,UAV-008,0,19,normal
8,combined,high,30,UAV-008,5,24,normal
8,combined,high,30,UAV-008,10,29,normal
8,combined,high,30,UAV-008,15,34,normal
8,combined,high,30,UAV-008,20,39,normal
8,combined,high,30,UAV-008,25,44,normal
8,combined,high,30,UAV-008,30,49,normal
8,combined,high,30,UAV-008,35,54,normal
8,combined,high,30,UAV-008,40,58,normal
8,combined,high,30,UAV-008,45,64,normal
8,combined,high,30,UAV-008,50,70,combined
8,combined,high,30,UAV-008,55,74,combined
8,combined,high,30,UAV-008,59,79,combined
8,combined,high,30,UAV-008,66,87,combined
8,combined,high,30,UAV-008,71,90,combined
8,combined,high,30,UAV-008,76,94,combined
8,combined,high,30,UAV-008,80,98,combined
8,combined,high,30,UAV-008,87,105,combined
8,combined,high,30,UAV-008,90,109,combined
8,combined,high,30,UAV-008,94,115,combined
8,combined,high,30,UAV-008,100,121,combined
8,combined,high,30,UAV-008,106,125,combined
8,combined,high,30,UAV-008,110,129,combined
8,combined,high,30,UAV-008,116,133,combined
8,combined,high,30,UAV-008,121,138,combined
8,combined,high,30,UAV-008,126,142,combined
8,combined,high,30,UAV-008,130,147,combined
8,combined,high,30,UAV-008,134,152,combined
8,combined,high,30,UAV-008,139,157,combined
8,combined,high,30,UAV-008,143,163,combined
8,combined,high,30,UAV-008,148,166,combined
8,combined,high,30,UAV-008,154,174,combined
8,combined,high,30,UAV-008,159,179,combined
8,combined,high,30,UAV-008,164,184,combined
8,combined,high,30,UAV-008,167,189,combined
8,combined,high,30,UAV-008,175,194,normal
8,combined,high,30,UAV-008,180,199,normal
8,combined,high,30,UAV-008,185,204,normal
8,combined,high,30,UAV-008,190,209,normal
8,combined,high,30,UAV-008,195,214,normal
8,combined,high,30,UAV-008,200,219,normal
8,combined,high,30,UAV-008,205,224,normal
8,combined,high,30,UAV-008,210,229,normal
8,combined,high,30,UAV-008,215,234,normal
8,combined,high,30,UAV-008,220,239,normal
8,combined,high,30,UAV-017,0,19,normal
8,combined,high,30,UAV-017,5,24,normal
8,combined,high,30,UAV-017,10,29,normal
8,combined,high,30,UAV-017,15,34,normal
8,combined,high,30,UAV-017,20,39,normal
8,combined,high,30,UAV-017,25,44,normal
8,combined,high,30,UAV-017,30,48,normal
8,combined,high,30,UAV-017,35,52,normal
8,combined,high,30,UAV-017,40,56,normal
8,combined,high,30,UAV-017,45,61,normal
8,combined,high,30,UAV-017,49,65,combined
8,combined,high,30,UAV-017,53,72,combined
8,combined,high,30,UAV-017,57,77,combined
8,combined,high,30,UAV-017,62,83,combined
8,combined,high,30,UAV-017,66,87,combined
8,combined,high,30,UAV-017,72,91,combined
8,combined,high,30,UAV-017,80,97,combined
8,combined,high,30,UAV-017,84,104,combined
8,combined,high,30,UAV-017,88,108,combined
8,combined,high,30,UAV-017,92,113,combined
8,combined,high,30,UAV-017,98,118,combined
8,combined,high,30,UAV-017,105,123,combined
8,combined,high,30,UAV-017,109,128,combined
8,combined,high,30,UAV-017,114,131,combined
8,combined,high,30,UAV-017,119,137,combined
8,combined,high,30,UAV-017,123,145,combined
8,combined,high,30,UAV-017,129,149,combined
8,combined,high,30,UAV-017,132,153,combined
8,combined,high,30,UAV-017,139,159,combined
8,combined,high,30,UAV-017,146,167,combined
8,combined,high,30,UAV-017,149,170,combined
8,combined,high,30,UAV-017,154,173,combined
8,combined,high,30,UAV-017,160,178,combined
8,combined,high,30,UAV-017,167,184,combined
8,combined,high,30,UAV-017,171,189,combined
8,combined,high,30,UAV-017,174,194,normal
8,combined,high,30,UAV-017,180,199,normal
8,combined,high,30,UAV-017,185,204,normal
8,combined,high,30,UAV-017,190,209,normal
8,combined,high,30,UAV-017,195,214,normal
8,combined,high,30,UAV-017,200,219,normal
8,combined,high,30,UAV-017,205,224,normal
8,combined,high,30,UAV-017,210,229,normal
8,combined,high,30,UAV-017,215,234,normal
8,combined,high,30,UAV-017,220,239,normal
8,combined,low,20,UAV-005,0,19,normal
8,combined,low,20,UAV-005,5,24,normal
8,combined,low,20,UAV-005,10,29,normal
8,combined,low,20,UAV-005,15,34,normal
8,combined,low,20,UAV-005,20,39,normal
8,combined,low,20,UAV-005,25,44,normal
8,combined,low,20,UAV-005,30,49,normal
8,combined,low,20,UAV-005,35,54,normal
8,combined,low,20,UAV-005,40,59,normal
8,combined,low,20,UAV-005,45,64,normal
8,combined,low,20,UAV-005,50,69,normal
8,combined,low,20,UAV-005,55,75,combined
8,combined,low,20,UAV-005,60,80,combined
8,combined,low,20,UAV-005,65,83,combined
8,combined,low,20,UAV-005,70,88,combined
8,combined,low,20,UAV-005,76,93,combined
8,combined,low,20,UAV-005,80,98,combined
8,combined,low,20,UAV-005,83,105,normal
8,combined,low,20,UAV-005,89,108,combined
8,combined,low,20,UAV-005,94,114,combined
8,combined,low,20,UAV-005,99,119,combined
8,combined,low,20,UAV-005,106,124,combined
8,combined,low,20,UAV-005,110,129,combined
8,combined,low,20,UAV-005,116,133,combined
8,combined,low,20,UAV-005,120,138,combined
8,combined,low,20,UAV-005,125,144,combined
8,combined,low,20,UAV-005,129,149,normal
8,combined,low,20,UAV-005,134,154,normal
8,combined,low,20,UAV-005,140,159,normal
8,combined,low,20,UAV-005,145,163,normal
8,combined,low,20,UAV-005,150,168,combined
8,combined,low,20,UAV-005,155,174,normal
8,combined,low,20,UAV-005,160,179,normal
8,combined,low,20,UAV-005,164,184,normal
8,combined,low,20,UAV-005,169,189,normal
8,combined,low,20,UAV-005,175,194,normal
8,combined,low,20,UAV-005,180,199,normal
8,combined,low,20,UAV-005,185,204,normal
8,combined,low,20,UAV-005,190,209,normal
8,combined,low,20,UAV-005,195,214,normal
8,combined,low,20,UAV-005,200,219,normal
8,combined,low,20,UAV-005,205,224,normal
8,combined,low,20,UAV-005,210,229,normal
8,combined,low,20,UAV-005,215,234,normal
8,combined,low,20,UAV-005,220,239,normal
8,combined,low,20,UAV-019,0,19,normal
8,combined,low,20,UAV-019,5,24,normal
8,combined,low,20,UAV-019,10,29,normal
8,combined,low,20,UAV-019,15,34,normal
8,combined,low,20,UAV-019,20,39,normal
8,combined,low,20,UAV-019,25,44,normal
8,combined,low,20,UAV-019,30,49,normal
8,combined,low,20,UAV-019,35,54,normal
8,combined,low,20,UAV-019,40,59,normal
8,combined,low,20,UAV-019,45,64,normal
8,combined,low,20,UAV-019,50,70,normal
8,combined,low,20,UAV-019,55,74,normal
8,combined,low,20,UAV-019,60,79,normal
8,combined,low,20,UAV-019,65,84,normal
8,combined,low,20,UAV-019,71,89,normal
8,combined,low,20,UAV-019,75,93,normal
8,combined,low,20,UAV-019,80,98,normal
8,combined,low,20,UAV-019,85,104,normal
8,combined,low,20,UAV-019,90,109,normal
8,combined,low,20,UAV-019,94,114,normal
8,combined,low,20,UAV-019,99,119,normal
8,combined,low,20,UAV-019,105,124,normal
8,combined,low,20,UAV-019,110,130,normal
8,combined,low,20,UAV-019,115,134,normal
8,combined,low,20,UAV-019,120,140,normal
8,combined,low,20,UAV-019,125,145,normal
8,combined,low,20,UAV-019,131,150,combined
8,combined,low,20,UAV-019,135,154,combined
8,combined,low,20,UAV-019,141,159,combined
8,combined,low,20,UAV-019,146,164,combined
8,combined,low,20,UAV-019,150,169,combined
8,combined,low,20,UAV-019,155,174,combined
8,combined,low,20,UAV-019,160,179,combined
8,combined,low,20,UAV-019,165,184,normal
8,combined,low,20,UAV-019,170,189,normal
8,combined,low,20,UAV-019,175,194,normal
8,combined,low,20,UAV-019,180,199,normal
8,combined,low,20,UAV-019,185,204,normal
8,combined,low,20,UAV-019,190,209,normal
8,combined,low,20,UAV-019,195,214,normal
8,combined,low,20,UAV-019,200,219,normal
8,combined,low,20,UAV-019,205,224,normal
8,combined,low,20,UAV-019,210,229,normal
8,combined,low,20,UAV-019,215,234,normal
8,combined,low,20,UAV-019,220,239,normal
8,combined,medium,10,UAV-001,0,19,normal
8,combined,medium,10,UAV-001,5,24,normal
8,combined,medium,10,UAV-001,10,29,normal
8,combined,medium,10,UAV-001,15,34,normal
8,combined,medium,10,UAV-001,20,39,normal
8,combined,medium,10,UAV-001,25,44,normal
8,combined,medium,10,UAV-001,30,49,normal
8,combined,medium,10,UAV-001,35,54,normal
8,combined,medium,10,UAV-001,40,59,normal
8,combined,medium,10,UAV-001,45,66,normal
8,combined,medium,10,UAV-001,50,71,normal
8,combined,medium,10,UAV-001,55,75,combined
8,combined,medium,10,UAV-001,60,80,combined
8,combined,medium,10,UAV-001,67,84,combined
8,combined,medium,10,UAV-001,72,87,combined
8,combined,medium,10,UAV-001,76,92,combined
8,combined,medium,10,UAV-001,80,98,combined
8,combined,medium,10,UAV-001,85,104,combined
8,combined,medium,10,UAV-001,88,108,combined
8,combined,medium,10,UAV-001,94,113,combined
8,combined,medium,10,UAV-001,99,118,combined
8,combined,medium,10,UAV-001,104,124,combined
8,combined,medium,10,UAV-001,109,128,combined
8,combined,medium,10,UAV-001,114,133,combined
8,combined,medium,10,UAV-001,119,140,combined
8,combined,medium,10,UAV-001,124,144,combined
8,combined,medium,10,UAV-001,128,148,combined
8,combined,medium,10,UAV-001,134,152,combined
8,combined,medium,10,UAV-001,140,157,combined
8,combined,medium,10,UAV-001,145,164,combined
8,combined,medium,10,UAV-001,149,169,combined
8,combined,medium,10,UAV-001,153,173,combined
8,combined,medium,10,UAV-001,158,181,combined
8,combined,medium,10,UAV-001,165,185,combined
8,combined,medium,10,UAV-001,170,189,combined
8,combined,medium,10,UAV-001,176,194,normal
8,combined,medium,10,UAV-001,181,199,normal
8,combined,medium,10,UAV-001,186,204,normal
8,combined,medium,10,UAV-001,190,209,normal
8,combined,medium,10,UAV-001,195,214,normal
8,combined,medium,10,UAV-001,200,219,normal
8,combined,medium,10,UAV-001,205,224,normal
8,combined,medium,10,UAV-001,210,229,normal
8,combined,medium,10,UAV-001,215,234,normal
8,combined,medium,10,UAV-001,220,239,normal
8,combined,medium,20,UAV-015,0,19,normal
8,combined,medium,20,UAV-015,5,24,normal
8,combined,medium,20,UAV-015,10,29,normal
8,combined,medium,20,UAV-015,15,34,normal
8,combined,medium,20,UAV-015,20,39,normal
8,combined,medium,20,UAV-015,25,44,normal
8,combined,medium,20,UAV-015,30,48,normal
8,combined,medium,20,UAV-015,35,53,normal
8,combined,medium,20,UAV-015,40,57,normal
8,combined,medium,20,UAV-015,45,62,normal
8,combined,medium,20,UAV-015,49,69,normal
8,combined,medium,20,UAV-015,54,76,combined
8,combined,medium,20,UAV-015,58,79,combined
8,combined,medium,20,UAV-015,63,84,combined
8,combined,medium,20,UAV-015,70,89,combined
8,combined,medium,20,UAV-015,76,94,combined
8,combined,medium,20,UAV-015,79,99,combined
8,combined,medium,20,UAV-015,86,103,combined
8,combined,medium,20,UAV-015,91,108,combined
8,combined,medium,20,UAV-015,95,113,combined
8,combined,medium,20,UAV-015,99,119,combined
8,combined,medium,20,UAV-015,104,125,combined
8,combined,medium,20,UAV-015,109,130,combined
8,combined,medium,20,UAV-015,114,133,combined
8,combined,medium,20,UAV-015,120,138,combined
8,combined,medium,20,UAV-015,126,144,combined
8,combined,medium,20,UAV-015,130,148,combined
8,combined,medium,20,UAV-015,134,153,combined
8,combined,medium,20,UAV-015,139,158,combined
8,combined,medium,20,UAV-015,145,164,combined
8,combined,medium,20,UAV-015,149,170,combined
8,combined,medium,20,UAV-015,154,174,combined
8,combined,medium,20,UAV-015,159,180,combined
8,combined,medium,20,UAV-015,165,185,combined
8,combined,medium,20,UAV-015,171,189,combined
8,combined,medium,20,UAV-015,175,194,normal
8,combined,medium,20,UAV-015,181,199,normal
8,combined,medium,20,UAV-015,186,204,normal
8,combined,medium,20,UAV-015,190,209,normal
8,combined,medium,20,UAV-015,195,214,normal
8,combined,medium,20,UAV-015,200,219,normal
8,combined,medium,20,UAV-015,205,224,normal
8,combined,medium,20,UAV-015,210,229,normal
8,combined,medium,20,UAV-015,215,234,normal
8,combined,medium,20,UAV-015,220,239,normal
8,jamming,high,30,UAV-020,0,19,normal
8,jamming,high,30,UAV-020,5,24,normal
8,jamming,high,30,UAV-020,10,29,normal
8,jamming,high,30,UAV-020,15,34,normal
8,jamming,high,30,UAV-020,20,39,normal
8,jamming,high,30,UAV-020,25,44,normal
8,jamming,high,30,UAV-020,30,49,normal
8,jamming,high,30,UAV-020,35,54,normal
8,jamming,high,30,UAV-020,40,59,normal
8,jamming,high,30,UAV-020,45,64,normal
8,jamming,high,30,UAV-020,50,69,jamming
8,jamming,high,30,UAV-020,55,74,jamming
8,jamming,high,30,UAV-020,60,79,jamming
8,jamming,high,30,UAV-020,65,84,jamming
8,jamming,high,30,UAV-020,70,89,jamming
8,jamming,high,30,UAV-020,75,94,jamming
8,jamming,high,30,UAV-020,80,99,jamming
8,jamming,high,30,UAV-020,85,104,jamming
8,jamming,high,30,UAV-020,90,109,jamming
8,jamming,high,30,UAV-020,95,114,jamming
8,jamming,high,30,UAV-020,100,119,jamming
8,jamming,high,30,UAV-020,105,124,jamming
8,jamming,high,30,UAV-020,110,129,jamming
8,jamming,high,30,UAV-020,115,134,jamming
8,jamming,high,30,UAV-020,120,139,jamming
8,jamming,high,30,UAV-020,125,144,jamming
8,jamming,high,30,UAV-020,130,149,jamming
8,jamming,high,30,UAV-020,135,154,jamming
8,jamming,high,30,UAV-020,140,159,jamming
8,jamming,high,30,UAV-020,145,164,jamming
8,jamming,high,30,UAV-020,150,169,jamming
8,jamming,high,30,UAV-020,155,174,jamming
8,jamming,high,30,UAV-020,160,179,jamming
8,jamming,high,30,UAV-020,165,184,jamming
8,jamming,high,30,UAV-020,170,189,jamming
8,jamming,high,30,UAV-020,175,194,normal
8,jamming,high,30,UAV-020,180,199,normal
8,jamming,high,30,UAV-020,185,204,normal
8,jamming,high,30,UAV-020,190,209,normal
8,jamming,high,30,UAV-020,195,214,normal
8,jamming,high,30,UAV-020,200,219,normal
8,jamming,high,30,UAV-020,205,224,normal
8,jamming,high,30,UAV-020,210,229,normal
8,jamming,high,30,UAV-020,215,234,normal
8,jamming,high,30,UAV-020,220,239,normal
8,jamming,high,30,UAV-029,0,19,normal
8,jamming,high,30,UAV-029,5,24,normal
8,jamming,high,30,UAV-029,10,29,normal
8,jamming,high,30,UAV-029,15,34,normal
8,jamming,high,30,UAV-029,20,39,normal
8,jamming,high,30,UAV-029,25,44,normal
8,jamming,high,30,UAV-029,30,49,normal
8,jamming,high,30,UAV-029,35,54,normal
8,jamming,high,30,UAV-029,40,59,normal
8,jamming,high,30,UAV-029,45,64,normal
8,jamming,high,30,UAV-029,50,69,jamming
8,jamming,high,30,UAV-029,55,74,jamming
8,jamming,high,30,UAV-029,60,79,jamming
8,jamming,high,30,UAV-029,65,84,jamming
8,jamming,high,30,UAV-029,70,89,jamming
8,jamming,high,30,UAV-029,75,94,jamming
8,jamming,high,30,UAV-029,80,99,jamming
8,jamming,high,30,UAV-029,85,104,jamming
8,jamming,high,30,UAV-029,90,109,jamming
8,jamming,high,30,UAV-029,95,114,jamming
8,jamming,high,30,UAV-029,100,119,jamming
8,jamming,high,30,UAV-029,105,124,jamming
8,jamming,high,30,UAV-029,110,129,jamming
8,jamming,high,30,UAV-029,115,134,jamming
8,jamming,high,30,UAV-029,120,139,jamming
8,jamming,high,30,UAV-029,125,144,jamming
8,jamming,high,30,UAV-029,130,149,jamming
8,jamming,high,30,UAV-029,135,154,jamming
8,jamming,high,30,UAV-029,140,159,jamming
8,jamming,high,30,UAV-029,145,164,jamming
8,jamming,high,30,UAV-029,150,169,jamming
8,jamming,high,30,UAV-029,155,174,jamming
8,jamming,high,30,UAV-029,160,179,jamming
8,jamming,high,30,UAV-029,165,184,jamming
8,jamming,high,30,UAV-029,170,189,jamming
8,jamming,high,30,UAV-029,175,194,jamming
8,jamming,high,30,UAV-029,180,199,normal
8,jamming,high,30,UAV-029,185,204,normal
8,jamming,high,30,UAV-029,190,209,normal
8,jamming,high,30,UAV-029,195,214,normal
8,jamming,high,30,UAV-029,200,219,normal
8,jamming,high,30,UAV-029,205,224,normal
8,jamming,high,30,UAV-029,210,229,normal
8,jamming,high,30,UAV-029,215,234,normal
8,jamming,high,30,UAV-029,220,239,normal
8,jamming,low,10,UAV-008,0,19,normal
8,jamming,low,10,UAV-008,5,24,normal
8,jamming,low,10,UAV-008,10,29,normal
8,jamming,low,10,UAV-008,15,34,normal
8,jamming,low,10,UAV-008,20,39,normal
8,jamming,low,10,UAV-008,25,44,normal
8,jamming,low,10,UAV-008,30,49,normal
8,jamming,low,10,UAV-008,35,54,normal
8,jamming,low,10,UAV-008,40,59,normal
8,jamming,low,10,UAV-008,45,64,normal
8,jamming,low,10,UAV-008,50,69,normal
8,jamming,low,10,UAV-008,55,74,jamming
8,jamming,low,10,UAV-008,60,79,jamming
8,jamming,low,10,UAV-008,65,84,normal
8,jamming,low,10,UAV-008,70,89,normal
8,jamming,low,10,UAV-008,75,94,normal
8,jamming,low,10,UAV-008,80,99,jamming
8,jamming,low,10,UAV-008,85,104,jamming
8,jamming,low,10,UAV-008,90,109,jamming
8,jamming,low,10,UAV-008,95,114,jamming
8,jamming,low,10,UAV-008,100,119,jamming
8,jamming,low,10,UAV-008,105,124,normal
8,jamming,low,10,UAV-008,110,129,jamming
8,jamming,low,10,UAV-008,115,134,jamming
8,jamming,low,10,UAV-008,120,139,normal
8,jamming,low,10,UAV-008,125,144,normal
8,jamming,low,10,UAV-008,130,149,normal
8,jamming,low,10,UAV-008,135,154,normal
8,jamming,low,10,UAV-008,140,159,normal
8,jamming,low,10,UAV-008,145,164,jamming
8,jamming,low,10,UAV-008,150,169,normal
8,jamming,low,10,UAV-008,155,174,jamming
8,jamming,low,10,UAV-008,160,179,jamming
8,jamming,low,10,UAV-008,165,184,normal
8,jamming,low,10,UAV-008,170,189,normal
8,jamming,low,10,UAV-008,175,194,normal
8,jamming,low,10,UAV-008,180,199,normal
8,jamming,low,10,UAV-008,185,204,normal
8,jamming,low,10,UAV-008,190,209,normal
8,jamming,low,10,UAV-008,195,214,normal
8,jamming,low,10,UAV-008,200,219,normal
8,jamming,low,10,UAV-008,205,224,normal
8,jamming,low,10,UAV-008,210,229,normal
8,jamming,low,10,UAV-008,215,234,normal
8,jamming,low,10,UAV-008,220,239,normal
8,jamming,low,20,UAV-014,0,19,normal
8,jamming,low,20,UAV-014,5,24,normal
8,jamming,low,20,UAV-014,10,29,normal
8,jamming,low,20,UAV-014,15,34,normal
8,jamming,low,20,UAV-014,20,39,normal
8,jamming,low,20,UAV-014,25,44,normal
8,jamming,low,20,UAV-014,30,49,normal
8,jamming,low,20,UAV-014,35,54,normal
8,jamming,low,20,UAV-014,40,59,normal
8,jamming,low,20,UAV-014,45,64,normal
8,jamming,low,20,UAV-014,50,69,jamming
8,jamming,low,20,UAV-014,55,74,jamming
8,jamming,low,20,UAV-014,60,79,jamming
8,jamming,low,20,UAV-014,65,84,jamming
8,jamming,low,20,UAV-014,70,89,jamming
8,jamming,low,20,UAV-014,75,94,normal
8,jamming,low,20,UAV-014,80,99,normal
8,jamming,low,20,UAV-014,85,104,jamming
8,jamming,low,20,UAV-014,90,109,jamming
8,jamming,low,20,UAV-014,95,114,jamming
8,jamming,low,20,UAV-014,100,119,jamming
8,jamming,low,20,UAV-014,105,124,jamming
8,jamming,low,20,UAV-014,110,129,jamming
8,jamming,low,20,UAV-014,115,134,jamming
8,jamming,low,20,UAV-014,120,139,normal
8,jamming,low,20,UAV-014,125,144,jamming
8,jamming,low,20,UAV-014,130,149,jamming
8,jamming,low,20,UAV-014,135,154,jamming
8,jamming,low,20,UAV-014,140,159,jamming
8,jamming,low,20,UAV-014,145,164,jamming
8,jamming,low,20,UAV-014,150,169,jamming
8,jamming,low,20,UAV-014,155,174,jamming
8,jamming,low,20,UAV-014,160,179,jamming
8,jamming,low,20,UAV-014,165,184,jamming
8,jamming,low,20,UAV-014,170,189,normal
8,jamming,low,20,UAV-014,175,194,normal
8,jamming,low,20,UAV-014,180,199,normal
8,jamming,low,20,UAV-014,185,204,normal
8,jamming,low,20,UAV-014,190,209,normal
8,jamming,low,20,UAV-014,195,214,normal
8,jamming,low,20,UAV-014,200,219,normal
8,jamming,low,20,UAV-014,205,224,normal
8,jamming,low,20,UAV-014,210,229,normal
8,jamming,low,20,UAV-014,215,234,normal
8,jamming,low,20,UAV-014,220,239,normal
8,jamming,medium,10,UAV-001,0,19,normal
8,jamming,medium,10,UAV-001,5,24,normal
8,jamming,medium,10,UAV-001,10,29,normal
8,jamming,medium,10,UAV-001,15,34,normal
8,jamming,medium,10,UAV-001,20,39,normal
8,jamming,medium,10,UAV-001,25,44,normal
8,jamming,medium,10,UAV-001,30,49,normal
8,jamming,medium,10,UAV-001,35,54,normal
8,jamming,medium,10,UAV-001,40,59,normal
8,jamming,medium,10,UAV-001,45,64,normal
8,jamming,medium,10,UAV-001,50,69,normal
8,jamming,medium,10,UAV-001,55,74,jamming
8,jamming,medium,10,UAV-001,60,79,jamming
8,jamming,medium,10,UAV-001,65,84,normal
8,jamming,medium,10,UAV-001,70,89,jamming
8,jamming,medium,10,UAV-001,75,94,jamming
8,jamming,medium,10,UAV-001,80,99,jamming
8,jamming,medium,10,UAV-001,85,104,jamming
8,jamming,medium,10,UAV-001,90,109,jamming
8,jamming,medium,10,UAV-001,95,114,jamming
8,jamming,medium,10,UAV-001,100,119,jamming
8,jamming,medium,10,UAV-001,105,124,jamming
8,jamming,medium,10,UAV-001,110,129,jamming
8,jamming,medium,10,UAV-001,115,134,jamming
8,jamming,medium,10,UAV-001,120,139,jamming
8,jamming,medium,10,UAV-001,125,144,jamming
8,jamming,medium,10,UAV-001,130,149,jamming
8,jamming,medium,10,UAV-001,135,154,jamming
8,jamming,medium,10,UAV-001,140,159,jamming
8,jamming,medium,10,UAV-001,145,164,jamming
8,jamming,medium,10,UAV-001,150,169,jamming
8,jamming,medium,10,UAV-001,155,174,jamming
8,jamming,medium,10,UAV-001,160,179,jamming
8,jamming,medium,10,UAV-001,165,184,jamming
8,jamming,medium,10,UAV-001,170,189,jamming
8,jamming,medium,10,UAV-001,175,194,normal
8,jamming,medium,10,UAV-001,180,199,normal
8,jamming,medium,10,UAV-001,185,204,normal
8,jamming,medium,10,UAV-001,190,209,normal
8,jamming,medium,10,UAV-001,195,214,normal
8,jamming,medium,10,UAV-001,200,219,normal
8,jamming,medium,10,UAV-001,205,224,normal
8,jamming,medium,10,UAV-001,210,229,normal
8,jamming,medium,10,UAV-001,215,234,normal
8,jamming,medium,10,UAV-001,220,239,normal
8,jamming,medium,20,UAV-003,0,19,normal
8,jamming,medium,20,UAV-003,5,24,normal
8,jamming,medium,20,UAV-003,10,29,normal
8,jamming,medium,20,UAV-003,15,34,normal
8,jamming,medium,20,UAV-003,20,39,normal
8,jamming,medium,20,UAV-003,25,44,normal
8,jamming,medium,20,UAV-003,30,49,normal
8,jamming,medium,20,UAV-003,35,54,normal
8,jamming,medium,20,UAV-003,40,59,normal
8,jamming,medium,20,UAV-003,45,64,normal
8,jamming,medium,20,UAV-003,50,69,normal
8,jamming,medium,20,UAV-003,55,74,jamming
8,jamming,medium,20,UAV-003,60,79,jamming
8,jamming,medium,20,UAV-003,65,84,jamming
8,jamming,medium,20,UAV-003,70,89,jamming
8,jamming,medium,20,UAV-003,75,94,jamming
8,jamming,medium,20,UAV-003,80,99,jamming
8,jamming,medium,20,UAV-003,85,104,jamming
8,jamming,medium,20,UAV-003,90,109,jamming
8,jamming,medium,20,UAV-003,95,114,jamming
8,jamming,medium,20,UAV-003,100,119,jamming
8,jamming,medium,20,UAV-003,105,124,jamming
8,jamming,medium,20,UAV-003,110,129,jamming
8,jamming,medium,20,UAV-003,115,134,jamming
8,jamming,medium,20,UAV-003,120,139,jamming
8,jamming,medium,20,UAV-003,125,144,jamming
8,jamming,medium,20,UAV-003,130,149,jamming
8,jamming,medium,20,UAV-003,135,154,jamming
8,jamming,medium,20,UAV-003,140,159,jamming
8,jamming,medium,20,UAV-003,145,164,jamming
8,jamming,medium,20,UAV-003,150,169,jamming
8,jamming,medium,20,UAV-003,155,174,jamming
8,jamming,medium,20,UAV-003,160,179,jamming
8,jamming,medium,20,UAV-003,165,184,jamming
8,jamming,medium,20,UAV-003,170,189,normal
8,jamming,medium,20,UAV-003,175,194,normal
8,jamming,medium,20,UAV-003,180,199,normal
8,jamming,medium,20,UAV-003,185,204,normal
8,jamming,medium,20,UAV-003,190,209,normal
8,jamming,medium,20,UAV-003,195,214,normal
8,jamming,medium,20,UAV-003,200,219,normal
8,jamming,medium,20,UAV-003,205,224,normal
8,jamming,medium,20,UAV-003,210,229,normal
8,jamming,medium,20,UAV-003,215,234,normal
8,jamming,medium,20,UAV-003,220,239,normal
8,jamming,medium,30,UAV-014,0,19,normal
8,jamming,medium,30,UAV-014,5,24,normal
8,jamming,medium,30,UAV-014,10,29,normal
8,jamming,medium,30,UAV-014,15,34,normal
8,jamming,medium,30,UAV-014,20,39,normal
8,jamming,medium,30,UAV-014,25,44,normal
8,jamming,medium,30,UAV-014,30,49,normal
8,jamming,medium,30,UAV-014,35,54,normal
8,jamming,medium,30,UAV-014,40,59,normal
8,jamming,medium,30,UAV-014,45,64,normal
8,jamming,medium,30,UAV-014,50,69,jamming
8,jamming,medium,30,UAV-014,55,74,jamming
8,jamming,medium,30,UAV-014,60,79,jamming
8,jamming,medium,30,UAV-014,65,84,jamming
8,jamming,medium,30,UAV-014,70,89,jamming
8,jamming,medium,30,UAV-014,75,94,jamming
8,jamming,medium,30,UAV-014,80,99,jamming
8,jamming,medium,30,UAV-014,85,104,jamming
8,jamming,medium,30,UAV-014,90,109,jamming
8,jamming,medium,30,UAV-014,95,114,jamming
8,jamming,medium,30,UAV-014,100,119,jamming
8,jamming,medium,30,UAV-014,105,124,jamming
8,jamming,medium,30,UAV-014,110,129,jamming
8,jamming,medium,30,UAV-014,115,134,jamming
8,jamming,medium,30,UAV-014,120,139,jamming
8,jamming,medium,30,UAV-014,125,144,jamming
8,jamming,medium,30,UAV-014,130,149,jamming
8,jamming,medium,30,UAV-014,135,154,jamming
8,jamming,medium,30,UAV-014,140,159,jamming
8,jamming,medium,30,UAV-014,145,164,jamming
8,jamming,medium,30,UAV-014,150,169,jamming
8,jamming,medium,30,UAV-014,155,174,jamming
8,jamming,medium,30,UAV-014,160,179,jamming
8,jamming,medium,30,UAV-014,165,184,jamming
8,jamming,medium,30,UAV-014,170,189,jamming
8,jamming,medium,30,UAV-014,175,194,normal
8,jamming,medium,30,UAV-014,180,199,normal
8,jamming,medium,30,UAV-014,185,204,normal
8,jamming,medium,30,UAV-014,190,209,normal
8,jamming,medium,30,UAV-014,195,214,normal
8,jamming,medium,30,UAV-014,200,219,normal
8,jamming,medium,30,UAV-014,205,224,normal
8,jamming,medium,30,UAV-014,210,229,normal
8,jamming,medium,30,UAV-014,215,234,normal
8,jamming,medium,30,UAV-014,220,239,normal
8,jamming,medium,30,UAV-018,0,19,normal
8,jamming,medium,30,UAV-018,5,24,normal
8,jamming,medium,30,UAV-018,10,29,normal
8,jamming,medium,30,UAV-018,15,34,normal
8,jamming,medium,30,UAV-018,20,39,normal
8,jamming,medium,30,UAV-018,25,44,normal
8,jamming,medium,30,UAV-018,30,49,normal
8,jamming,medium,30,UAV-018,35,54,normal
8,jamming,medium,30,UAV-018,40,59,normal
8,jamming,medium,30,UAV-018,45,64,normal
8,jamming,medium,30,UAV-018,50,69,jamming
8,jamming,medium,30,UAV-018,55,74,jamming
8,jamming,medium,30,UAV-018,60,79,jamming
8,jamming,medium,30,UAV-018,65,84,jamming
8,jamming,medium,30,UAV-018,70,89,jamming
8,jamming,medium,30,UAV-018,75,94,jamming
8,jamming,medium,30,UAV-018,80,99,jamming
8,jamming,medium,30,UAV-018,85,104,jamming
8,jamming,medium,30,UAV-018,90,109,jamming
8,jamming,medium,30,UAV-018,95,114,jamming
8,jamming,medium,30,UAV-018,100,119,jamming
8,jamming,medium,30,UAV-018,105,124,jamming
8,jamming,medium,30,UAV-018,110,129,jamming
8,jamming,medium,30,UAV-018,115,134,jamming
8,jamming,medium,30,UAV-018,120,139,jamming
8,jamming,medium,30,UAV-018,125,144,jamming
8,jamming,medium,30,UAV-018,130,149,jamming
8,jamming,medium,30,UAV-018,135,154,jamming
8,jamming,medium,30,UAV-018,140,159,jamming
8,jamming,medium,30,UAV-018,145,164,jamming
8,jamming,medium,30,UAV-018,150,169,jamming
8,jamming,medium,30,UAV-018,155,174,jamming
8,jamming,medium,30,UAV-018,160,179,jamming
8,jamming,medium,30,UAV-018,165,184,jamming
8,jamming,medium,30,UAV-018,170,189,jamming
8,jamming,medium,30,UAV-018,175,194,normal
8,jamming,medium,30,UAV-018,180,199,normal
8,jamming,medium,30,UAV-018,185,204,normal
8,jamming,medium,30,UAV-018,190,209,normal
8,jamming,medium,30,UAV-018,195,214,normal
8,jamming,medium,30,UAV-018,200,219,normal
8,jamming,medium,30,UAV-018,205,224,normal
8,jamming,medium,30,UAV-018,210,229,normal
8,jamming,medium,30,UAV-018,215,234,normal
8,jamming,medium,30,UAV-018,220,239,normal
8,jamming,medium,30,UAV-020,0,19,normal
8,jamming,medium,30,UAV-020,5,24,normal
8,jamming,medium,30,UAV-020,10,29,normal
8,jamming,medium,30,UAV-020,15,34,normal
8,jamming,medium,30,UAV-020,20,39,normal
8,jamming,medium,30,UAV-020,25,44,normal
8,jamming,medium,30,UAV-020,30,49,normal
8,jamming,medium,30,UAV-020,35,54,normal
8,jamming,medium,30,UAV-020,40,59,normal
8,jamming,medium,30,UAV-020,45,64,normal
8,jamming,medium,30,UAV-020,50,69,normal
8,jamming,medium,30,UAV-020,55,74,jamming
8,jamming,medium,30,UAV-020,60,79,jamming
8,jamming,medium,30,UAV-020,65,84,jamming
8,jamming,medium,30,UAV-020,70,89,jamming
8,jamming,medium,30,UAV-020,75,94,jamming
8,jamming,medium,30,UAV-020,80,99,jamming
8,jamming,medium,30,UAV-020,85,104,jamming
8,jamming,medium,30,UAV-020,90,109,jamming
8,jamming,medium,30,UAV-020,95,114,jamming
8,jamming,medium,30,UAV-020,100,119,jamming
8,jamming,medium,30,UAV-020,105,124,jamming
8,jamming,medium,30,UAV-020,110,129,jamming
8,jamming,medium,30,UAV-020,115,134,jamming
8,jamming,medium,30,UAV-020,120,139,jamming
8,jamming,medium,30,UAV-020,125,144,jamming
8,jamming,medium,30,UAV-020,130,149,jamming
8,jamming,medium,30,UAV-020,135,154,jamming
8,jamming,medium,30,UAV-020,140,159,jamming
8,jamming,medium,30,UAV-020,145,164,jamming
8,jamming,medium,30,UAV-020,150,169,jamming
8,jamming,medium,30,UAV-020,155,174,jamming
8,jamming,medium,30,UAV-020,160,179,jamming
8,jamming,medium,30,UAV-020,165,184,jamming
8,jamming,medium,30,UAV-020,170,189,jamming
8,jamming,medium,30,UAV-020,175,194,normal
8,jamming,medium,30,UAV-020,180,199,normal
8,jamming,medium,30,UAV-020,185,204,normal
8,jamming,medium,30,UAV-020,190,209,normal
8,jamming,medium,30,UAV-020,195,214,normal
8,jamming,medium,30,UAV-020,200,219,normal
8,jamming,medium,30,UAV-020,205,224,normal
8,jamming,medium,30,UAV-020,210,229,normal
8,jamming,medium,30,UAV-020,215,234,normal
8,jamming,medium,30,UAV-020,220,239,normal
8,jamming_spoofing,high,20,UAV-007,0,19,normal
8,jamming_spoofing,high,20,UAV-007,5,24,normal
8,jamming_spoofing,high,20,UAV-007,10,29,normal
8,jamming_spoofing,high,20,UAV-007,15,34,normal
8,jamming_spoofing,high,20,UAV-007,20,39,normal
8,jamming_spoofing,high,20,UAV-007,25,44,normal
8,jamming_spoofing,high,20,UAV-007,30,49,normal
8,jamming_spoofing,high,20,UAV-007,35,54,normal
8,jamming_spoofing,high,20,UAV-007,40,59,normal
8,jamming_spoofing,high,20,UAV-007,45,64,normal
8,jamming_spoofing,high,20,UAV-007,50,69,jamming_spoofing
8,jamming_spoofing,high,20,UAV-007,55,74,jamming_spoofing
8,jamming_spoofing,high,20,UAV-007,60,79,jamming_spoofing
8,jamming_spoofing,high,20,UAV-007,65,84,jamming_spoofing
8,jamming_spoofing,high,20,UAV-007,70,89,jamming_spoofing
8,jamming_spoofing,high,20,UAV-007,75,94,jamming_spoofing
8,jamming_spoofing,high,20,UAV-007,80,99,jamming_spoofing
8,jamming_spoofing,high,20,UAV-007,85,104,jamming_spoofing
8,jamming_spoofing,high,20,UAV-007,90,109,jamming_spoofing
8,jamming_spoofing,high,20,UAV-007,95,114,jamming_spoofing
8,jamming_spoofing,high,20,UAV-007,100,119,jamming_spoofing
8,jamming_spoofing,high,20,UAV-007,105,124,jamming_spoofing
8,jamming_spoofing,high,20,UAV-007,110,129,jamming_spoofing
8,jamming_spoofing,high,20,UAV-007,115,134,jamming_spoofing
8,jamming_spoofing,high,20,UAV-007,120,139,jamming_spoofing
8,jamming_spoofing,high,20,UAV-007,125,144,jamming_spoofing
8,jamming_spoofing,high,20,UAV-007,130,149,jamming_spoofing
8,jamming_spoofing,high,20,UAV-007,135,154,jamming_spoofing
8,jamming_spoofing,high,20,UAV-007,140,159,jamming_spoofing
8,jamming_spoofing,high,20,UAV-007,145,164,jamming_spoofing
8,jamming_spoofing,high,20,UAV-007,150,169,jamming_spoofing
8,jamming_spoofing,high,20,UAV-007,155,174,jamming_spoofing
8,jamming_spoofing,high,20,UAV-007,160,179,jamming_spoofing
8,jamming_spoofing,high,20,UAV-007,165,184,jamming_spoofing
8,jamming_spoofing,high,20,UAV-007,170,189,jamming_spoofing
8,jamming_spoofing,high,20,UAV-007,175,194,normal
8,jamming_spoofing,high,20,UAV-007,180,199,normal
8,jamming_spoofing,high,20,UAV-007,185,204,normal
8,jamming_spoofing,high,20,UAV-007,190,209,normal
8,jamming_spoofing,high,20,UAV-007,195,214,normal
8,jamming_spoofing,high,20,UAV-007,200,219,normal
8,jamming_spoofing,high,20,UAV-007,205,224,normal
8,jamming_spoofing,high,20,UAV-007,210,229,normal
8,jamming_spoofing,high,20,UAV-007,215,234,normal
8,jamming_spoofing,high,20,UAV-007,220,239,normal
8,jamming_spoofing,high,30,UAV-006,0,19,normal
8,jamming_spoofing,high,30,UAV-006,5,24,normal
8,jamming_spoofing,high,30,UAV-006,10,29,normal
8,jamming_spoofing,high,30,UAV-006,15,34,normal
8,jamming_spoofing,high,30,UAV-006,20,39,normal
8,jamming_spoofing,high,30,UAV-006,25,44,normal
8,jamming_spoofing,high,30,UAV-006,30,49,normal
8,jamming_spoofing,high,30,UAV-006,35,54,normal
8,jamming_spoofing,high,30,UAV-006,40,59,normal
8,jamming_spoofing,high,30,UAV-006,45,64,normal
8,jamming_spoofing,high,30,UAV-006,50,69,jamming_spoofing
8,jamming_spoofing,high,30,UAV-006,55,74,jamming_spoofing
8,jamming_spoofing,high,30,UAV-006,60,79,jamming_spoofing
8,jamming_spoofing,high,30,UAV-006,65,84,jamming_spoofing
8,jamming_spoofing,high,30,UAV-006,70,89,jamming_spoofing
8,jamming_spoofing,high,30,UAV-006,75,94,jamming_spoofing
8,jamming_spoofing,high,30,UAV-006,80,99,jamming_spoofing
8,jamming_spoofing,high,30,UAV-006,85,104,jamming_spoofing
8,jamming_spoofing,high,30,UAV-006,90,109,jamming_spoofing
8,jamming_spoofing,high,30,UAV-006,95,114,jamming_spoofing
8,jamming_spoofing,high,30,UAV-006,100,119,jamming_spoofing
8,jamming_spoofing,high,30,UAV-006,105,124,jamming_spoofing
8,jamming_spoofing,high,30,UAV-006,110,129,jamming_spoofing
8,jamming_spoofing,high,30,UAV-006,115,134,jamming_spoofing
8,jamming_spoofing,high,30,UAV-006,120,139,jamming_spoofing
8,jamming_spoofing,high,30,UAV-006,125,144,jamming_spoofing
8,jamming_spoofing,high,30,UAV-006,130,149,jamming_spoofing
8,jamming_spoofing,high,30,UAV-006,135,154,jamming_spoofing
8,jamming_spoofing,high,30,UAV-006,140,159,jamming_spoofing
8,jamming_spoofing,high,30,UAV-006,145,164,jamming_spoofing
8,jamming_spoofing,high,30,UAV-006,150,169,jamming_spoofing
8,jamming_spoofing,high,30,UAV-006,155,174,jamming_spoofing
8,jamming_spoofing,high,30,UAV-006,160,179,jamming_spoofing
8,jamming_spoofing,high,30,UAV-006,165,184,jamming_spoofing
8,jamming_spoofing,high,30,UAV-006,170,189,jamming_spoofing
8,jamming_spoofing,high,30,UAV-006,175,194,normal
8,jamming_spoofing,high,30,UAV-006,180,199,normal
8,jamming_spoofing,high,30,UAV-006,185,204,normal
8,jamming_spoofing,high,30,UAV-006,190,209,normal
8,jamming_spoofing,high,30,UAV-006,195,214,normal
8,jamming_spoofing,high,30,UAV-006,200,219,normal
8,jamming_spoofing,high,30,UAV-006,205,224,normal
8,jamming_spoofing,high,30,UAV-006,210,229,normal
8,jamming_spoofing,high,30,UAV-006,215,234,normal
8,jamming_spoofing,high,30,UAV-006,220,239,normal
8,jamming_spoofing,high,30,UAV-010,0,19,normal
8,jamming_spoofing,high,30,UAV-010,5,24,normal
8,jamming_spoofing,high,30,UAV-010,10,29,normal
8,jamming_spoofing,high,30,UAV-010,15,34,normal
8,jamming_spoofing,high,30,UAV-010,20,39,normal
8,jamming_spoofing,high,30,UAV-010,25,44,normal
8,jamming_spoofing,high,30,UAV-010,30,49,normal
8,jamming_spoofing,high,30,UAV-010,35,54,normal
8,jamming_spoofing,high,30,UAV-010,40,59,normal
8,jamming_spoofing,high,30,UAV-010,45,64,normal
8,jamming_spoofing,high,30,UAV-010,50,69,jamming_spoofing
8,jamming_spoofing,high,30,UAV-010,55,74,jamming_spoofing
8,jamming_spoofing,high,30,UAV-010,60,79,jamming_spoofing
8,jamming_spoofing,high,30,UAV-010,65,84,jamming_spoofing
8,jamming_spoofing,high,30,UAV-010,70,89,jamming_spoofing
8,jamming_spoofing,high,30,UAV-010,75,94,jamming_spoofing
8,jamming_spoofing,high,30,UAV-010,80,99,jamming_spoofing
8,jamming_spoofing,high,30,UAV-010,85,104,jamming_spoofing
8,jamming_spoofing,high,30,UAV-010,90,109,jamming_spoofing
8,jamming_spoofing,high,30,UAV-010,95,114,jamming_spoofing
8,jamming_spoofing,high,30,UAV-010,100,119,jamming_spoofing
8,jamming_spoofing,high,30,UAV-010,105,124,jamming_spoofing
8,jamming_spoofing,high,30,UAV-010,110,129,jamming_spoofing
8,jamming_spoofing,high,30,UAV-010,115,134,jamming_spoofing
8,jamming_spoofing,high,30,UAV-010,120,139,jamming_spoofing
8,jamming_spoofing,high,30,UAV-010,125,144,jamming_spoofing
8,jamming_spoofing,high,30,UAV-010,130,149,jamming_spoofing
8,jamming_spoofing,high,30,UAV-010,135,154,jamming_spoofing
8,jamming_spoofing,high,30,UAV-010,140,159,jamming_spoofing
8,jamming_spoofing,high,30,UAV-010,145,164,jamming_spoofing
8,jamming_spoofing,high,30,UAV-010,150,169,jamming_spoofing
8,jamming_spoofing,high,30,UAV-010,155,174,jamming_spoofing
8,jamming_spoofing,high,30,UAV-010,160,179,jamming_spoofing
8,jamming_spoofing,high,30,UAV-010,165,184,jamming_spoofing
8,jamming_spoofing,high,30,UAV-010,170,189,jamming_spoofing
8,jamming_spoofing,high,30,UAV-010,175,194,normal
8,jamming_spoofing,high,30,UAV-010,180,199,normal
8,jamming_spoofing,high,30,UAV-010,185,204,normal
8,jamming_spoofing,high,30,UAV-010,190,209,normal
8,jamming_spoofing,high,30,UAV-010,195,214,normal
8,jamming_spoofing,high,30,UAV-010,200,219,normal
8,jamming_spoofing,high,30,UAV-010,205,224,normal
8,jamming_spoofing,high,30,UAV-010,210,229,normal
8,jamming_spoofing,high,30,UAV-010,215,234,normal
8,jamming_spoofing,high,30,UAV-010,220,239,normal
8,jamming_spoofing,high,30,UAV-011,0,19,normal
8,jamming_spoofing,high,30,UAV-011,5,24,normal
8,jamming_spoofing,high,30,UAV-011,10,29,normal
8,jamming_spoofing,high,30,UAV-011,15,34,normal
8,jamming_spoofing,high,30,UAV-011,20,39,normal
8,jamming_spoofing,high,30,UAV-011,25,44,normal
8,jamming_spoofing,high,30,UAV-011,30,49,normal
8,jamming_spoofing,high,30,UAV-011,35,54,normal
8,jamming_spoofing,high,30,UAV-011,40,59,normal
8,jamming_spoofing,high,30,UAV-011,45,64,normal
8,jamming_spoofing,high,30,UAV-011,50,69,jamming_spoofing
8,jamming_spoofing,high,30,UAV-011,55,74,jamming_spoofing
8,jamming_spoofing,high,30,UAV-011,60,79,jamming_spoofing
8,jamming_spoofing,high,30,UAV-011,65,84,jamming_spoofing
8,jamming_spoofing,high,30,UAV-011,70,89,jamming_spoofing
8,jamming_spoofing,high,30,UAV-011,75,94,jamming_spoofing
8,jamming_spoofing,high,30,UAV-011,80,99,jamming_spoofing
8,jamming_spoofing,high,30,UAV-011,85,104,jamming_spoofing
8,jamming_spoofing,high,30,UAV-011,90,109,jamming_spoofing
8,jamming_spoofing,high,30,UAV-011,95,114,jamming_spoofing
8,jamming_spoofing,high,30,UAV-011,100,119,jamming_spoofing
8,jamming_spoofing,high,30,UAV-011,105,124,jamming_spoofing
8,jamming_spoofing,high,30,UAV-011,110,129,jamming_spoofing
8,jamming_spoofing,high,30,UAV-011,115,134,jamming_spoofing
8,jamming_spoofing,high,30,UAV-011,120,139,jamming_spoofing
8,jamming_spoofing,high,30,UAV-011,125,144,jamming_spoofing
8,jamming_spoofing,high,30,UAV-011,130,149,jamming_spoofing
8,jamming_spoofing,high,30,UAV-011,135,154,jamming_spoofing
8,jamming_spoofing,high,30,UAV-011,140,159,jamming_spoofing
8,jamming_spoofing,high,30,UAV-011,145,164,jamming_spoofing
8,jamming_spoofing,high,30,UAV-011,150,169,jamming_spoofing
8,jamming_spoofing,high,30,UAV-011,155,174,jamming_spoofing
8,jamming_spoofing,high,30,UAV-011,160,179,jamming_spoofing
8,jamming_spoofing,high,30,UAV-011,165,184,jamming_spoofing
8,jamming_spoofing,high,30,UAV-011,170,189,jamming_spoofing
8,jamming_spoofing,high,30,UAV-011,175,194,normal
8,jamming_spoofing,high,30,UAV-011,180,199,normal
8,jamming_spoofing,high,30,UAV-011,185,204,normal
8,jamming_spoofing,high,30,UAV-011,190,209,normal
8,jamming_spoofing,high,30,UAV-011,195,214,normal
8,jamming_spoofing,high,30,UAV-011,200,219,normal
8,jamming_spoofing,high,30,UAV-011,205,224,normal
8,jamming_spoofing,high,30,UAV-011,210,229,normal
8,jamming_spoofing,high,30,UAV-011,215,234,normal
8,jamming_spoofing,high,30,UAV-011,220,239,normal
8,jamming_spoofing,low,10,UAV-007,0,19,normal
8,jamming_spoofing,low,10,UAV-007,5,24,normal
8,jamming_spoofing,low,10,UAV-007,10,29,normal
8,jamming_spoofing,low,10,UAV-007,15,34,normal
8,jamming_spoofing,low,10,UAV-007,20,39,normal
8,jamming_spoofing,low,10,UAV-007,25,44,normal
8,jamming_spoofing,low,10,UAV-007,30,49,normal
8,jamming_spoofing,low,10,UAV-007,35,54,normal
8,jamming_spoofing,low,10,UAV-007,40,59,normal
8,jamming_spoofing,low,10,UAV-007,45,64,normal
8,jamming_spoofing,low,10,UAV-007,50,69,normal
8,jamming_spoofing,low,10,UAV-007,55,74,normal
8,jamming_spoofing,low,10,UAV-007,60,79,normal
8,jamming_spoofing,low,10,UAV-007,65,84,jamming_spoofing
8,jamming_spoofing,low,10,UAV-007,70,89,jamming_spoofing
8,jamming_spoofing,low,10,UAV-007,75,94,jamming_spoofing
8,jamming_spoofing,low,10,UAV-007,80,99,normal
8,jamming_spoofing,low,10,UAV-007,85,104,normal
8,jamming_spoofing,low,10,UAV-007,90,109,jamming_spoofing
8,jamming_spoofing,low,10,UAV-007,95,114,jamming_spoofing
8,jamming_spoofing,low,10,UAV-007,100,119,jamming_spoofing
8,jamming_spoofing,low,10,UAV-007,105,124,jamming_spoofing
8,jamming_spoofing,low,10,UAV-007,110,129,jamming_spoofing
8,jamming_spoofing,low,10,UAV-007,115,134,normal
8,jamming_spoofing,low,10,UAV-007,120,139,normal
8,jamming_spoofing,low,10,UAV-007,125,144,normal
8,jamming_spoofing,low,10,UAV-007,130,149,normal
8,jamming_spoofing,low,10,UAV-007,135,154,jamming_spoofing
8,jamming_spoofing,low,10,UAV-007,140,159,jamming_spoofing
8,jamming_spoofing,low,10,UAV-007,145,164,jamming_spoofing
8,jamming_spoofing,low,10,UAV-007,150,169,jamming_spoofing
8,jamming_spoofing,low,10,UAV-007,155,174,jamming_spoofing
8,jamming_spoofing,low,10,UAV-007,160,179,jamming_spoofing
8,jamming_spoofing,low,10,UAV-007,165,184,jamming_spoofing
8,jamming_spoofing,low,10,UAV-007,170,189,normal
8,jamming_spoofing,low,10,UAV-007,175,194,normal
8,jamming_spoofing,low,10,UAV-007,180,199,normal
8,jamming_spoofing,low,10,UAV-007,185,204,normal
8,jamming_spoofing,low,10,UAV-007,190,209,normal
8,jamming_spoofing,low,10,UAV-007,195,214,normal
8,jamming_spoofing,low,10,UAV-007,200,219,normal
8,jamming_spoofing,low,10,UAV-007,205,224,normal
8,jamming_spoofing,low,10,UAV-007,210,229,normal
8,jamming_spoofing,low,10,UAV-007,215,234,normal
8,jamming_spoofing,low,10,UAV-007,220,239,normal
8,jamming_spoofing,low,30,UAV-007,0,19,normal
8,jamming_spoofing,low,30,UAV-007,5,24,normal
8,jamming_spoofing,low,30,UAV-007,10,29,normal
8,jamming_spoofing,low,30,UAV-007,15,34,normal
8,jamming_spoofing,low,30,UAV-007,20,39,normal
8,jamming_spoofing,low,30,UAV-007,25,44,normal
8,jamming_spoofing,low,30,UAV-007,30,49,normal
8,jamming_spoofing,low,30,UAV-007,35,54,normal
8,jamming_spoofing,low,30,UAV-007,40,59,normal
8,jamming_spoofing,low,30,UAV-007,45,64,normal
8,jamming_spoofing,low,30,UAV-007,50,69,normal
8,jamming_spoofing,low,30,UAV-007,55,74,jamming_spoofing
8,jamming_spoofing,low,30,UAV-007,60,79,jamming_spoofing
8,jamming_spoofing,low,30,UAV-007,65,84,jamming_spoofing
8,jamming_spoofing,low,30,UAV-007,70,89,jamming_spoofing
8,jamming_spoofing,low,30,UAV-007,75,94,jamming_spoofing
8,jamming_spoofing,low,30,UAV-007,80,99,jamming_spoofing
8,jamming_spoofing,low,30,UAV-007,85,104,jamming_spoofing
8,jamming_spoofing,low,30,UAV-007,90,109,jamming_spoofing
8,jamming_spoofing,low,30,UAV-007,95,114,jamming_spoofing
8,jamming_spoofing,low,30,UAV-007,100,119,jamming_spoofing
8,jamming_spoofing,low,30,UAV-007,105,124,jamming_spoofing
8,jamming_spoofing,low,30,UAV-007,110,129,jamming_spoofing
8,jamming_spoofing,low,30,UAV-007,115,134,jamming_spoofing
8,jamming_spoofing,low,30,UAV-007,120,139,jamming_spoofing
8,jamming_spoofing,low,30,UAV-007,125,144,normal
8,jamming_spoofing,low,30,UAV-007,130,149,jamming_spoofing
8,jamming_spoofing,low,30,UAV-007,135,154,jamming_spoofing
8,jamming_spoofing,low,30,UAV-007,140,159,jamming_spoofing
8,jamming_spoofing,low,30,UAV-007,145,164,jamming_spoofing
8,jamming_spoofing,low,30,UAV-007,150,169,jamming_spoofing
8,jamming_spoofing,low,30,UAV-007,155,174,jamming_spoofing
8,jamming_spoofing,low,30,UAV-007,160,179,jamming_spoofing
8,jamming_spoofing,low,30,UAV-007,165,184,jamming_spoofing
8,jamming_spoofing,low,30,UAV-007,170,189,normal
8,jamming_spoofing,low,30,UAV-007,175,194,normal
8,jamming_spoofing,low,30,UAV-007,180,199,normal
8,jamming_spoofing,low,30,UAV-007,185,204,normal
8,jamming_spoofing,low,30,UAV-007,190,209,normal
8,jamming_spoofing,low,30,UAV-007,195,214,normal
8,jamming_spoofing,low,30,UAV-007,200,219,normal
8,jamming_spoofing,low,30,UAV-007,205,224,normal
8,jamming_spoofing,low,30,UAV-007,210,229,normal
8,jamming_spoofing,low,30,UAV-007,215,234,normal
8,jamming_spoofing,low,30,UAV-007,220,239,normal
8,jamming_spoofing,low,30,UAV-026,0,19,normal
8,jamming_spoofing,low,30,UAV-026,5,24,normal
8,jamming_spoofing,low,30,UAV-026,10,29,normal
8,jamming_spoofing,low,30,UAV-026,15,34,normal
8,jamming_spoofing,low,30,UAV-026,20,39,normal
8,jamming_spoofing,low,30,UAV-026,25,44,normal
8,jamming_spoofing,low,30,UAV-026,30,49,normal
8,jamming_spoofing,low,30,UAV-026,35,54,normal
8,jamming_spoofing,low,30,UAV-026,40,59,normal
8,jamming_spoofing,low,30,UAV-026,45,64,normal
8,jamming_spoofing,low,30,UAV-026,50,69,normal
8,jamming_spoofing,low,30,UAV-026,55,74,jamming_spoofing
8,jamming_spoofing,low,30,UAV-026,60,79,jamming_spoofing
8,jamming_spoofing,low,30,UAV-026,65,84,jamming_spoofing
8,jamming_spoofing,low,30,UAV-026,70,89,jamming_spoofing
8,jamming_spoofing,low,30,UAV-026,75,94,jamming_spoofing
8,jamming_spoofing,low,30,UAV-026,80,99,jamming_spoofing
8,jamming_spoofing,low,30,UAV-026,85,104,jamming_spoofing
8,jamming_spoofing,low,30,UAV-026,90,109,jamming_spoofing
8,jamming_spoofing,low,30,UAV-026,95,114,jamming_spoofing
8,jamming_spoofing,low,30,UAV-026,100,119,jamming_spoofing
8,jamming_spoofing,low,30,UAV-026,105,124,jamming_spoofing
8,jamming_spoofing,low,30,UAV-026,110,129,jamming_spoofing
8,jamming_spoofing,low,30,UAV-026,115,134,normal
8,jamming_spoofing,low,30,UAV-026,120,139,normal
8,jamming_spoofing,low,30,UAV-026,125,144,jamming_spoofing
8,jamming_spoofing,low,30,UAV-026,130,149,jamming_spoofing
8,jamming_spoofing,low,30,UAV-026,135,154,jamming_spoofing
8,jamming_spoofing,low,30,UAV-026,140,159,normal
8,jamming_spoofing,low,30,UAV-026,145,164,normal
8,jamming_spoofing,low,30,UAV-026,150,169,normal
8,jamming_spoofing,low,30,UAV-026,155,174,jamming_spoofing
8,jamming_spoofing,low,30,UAV-026,160,179,jamming_spoofing
8,jamming_spoofing,low,30,UAV-026,165,184,normal
8,jamming_spoofing,low,30,UAV-026,170,189,normal
8,jamming_spoofing,low,30,UAV-026,175,194,normal
8,jamming_spoofing,low,30,UAV-026,180,199,normal
8,jamming_spoofing,low,30,UAV-026,185,204,normal
8,jamming_spoofing,low,30,UAV-026,190,209,normal
8,jamming_spoofing,low,30,UAV-026,195,214,normal
8,jamming_spoofing,low,30,UAV-026,200,219,normal
8,jamming_spoofing,low,30,UAV-026,205,224,normal
8,jamming_spoofing,low,30,UAV-026,210,229,normal
8,jamming_spoofing,low,30,UAV-026,215,234,normal
8,jamming_spoofing,low,30,UAV-026,220,239,normal
8,jamming_tampering,high,20,UAV-002,0,19,normal
8,jamming_tampering,high,20,UAV-002,5,24,normal
8,jamming_tampering,high,20,UAV-002,10,29,normal
8,jamming_tampering,high,20,UAV-002,15,34,normal
8,jamming_tampering,high,20,UAV-002,20,39,normal
8,jamming_tampering,high,20,UAV-002,25,43,normal
8,jamming_tampering,high,20,UAV-002,30,48,normal
8,jamming_tampering,high,20,UAV-002,35,52,normal
8,jamming_tampering,high,20,UAV-002,39,57,normal
8,jamming_tampering,high,20,UAV-002,44,61,normal
8,jamming_tampering,high,20,UAV-002,49,67,jamming_tampering
8,jamming_tampering,high,20,UAV-002,53,73,jamming_tampering
8,jamming_tampering,high,20,UAV-002,57,80,jamming_tampering
8,jamming_tampering,high,20,UAV-002,63,84,jamming_tampering
8,jamming_tampering,high,20,UAV-002,68,90,jamming_tampering
8,jamming_tampering,high,20,UAV-002,74,94,jamming_tampering
8,jamming_tampering,high,20,UAV-002,81,99,jamming_tampering
8,jamming_tampering,high,20,UAV-002,85,104,jamming_tampering
8,jamming_tampering,high,20,UAV-002,91,108,jamming_tampering
8,jamming_tampering,high,20,UAV-002,95,111,jamming_tampering
8,jamming_tampering,high,20,UAV-002,100,116,jamming_tampering
8,jamming_tampering,high,20,UAV-002,105,120,jamming_tampering
8,jamming_tampering,high,20,UAV-002,109,128,jamming_tampering
8,jamming_tampering,high,20,UAV-002,112,136,jamming_tampering
8,jamming_tampering,high,20,UAV-002,116,142,jamming_tampering
8,jamming_tampering,high,20,UAV-002,122,147,jamming_tampering
8,jamming_tampering,high,20,UAV-002,130,150,jamming_tampering
8,jamming_tampering,high,20,UAV-002,137,157,jamming_tampering
8,jamming_tampering,high,20,UAV-002,142,160,jamming_tampering
8,jamming_tampering,high,20,UAV-002,148,167,jamming_tampering
8,jamming_tampering,high,20,UAV-002,151,172,jamming_tampering
8,jamming_tampering,high,20,UAV-002,158,176,jamming_tampering
8,jamming_tampering,high,20,UAV-002,160,181,jamming_tampering
8,jamming_tampering,high,20,UAV-002,168,186,jamming_tampering
8,jamming_tampering,high,20,UAV-002,173,189,jamming_tampering
8,jamming_tampering,high,20,UAV-002,177,194,normal
8,jamming_tampering,high,20,UAV-002,182,199,normal
8,jamming_tampering,high,20,UAV-002,186,204,normal
8,jamming_tampering,high,20,UAV-002,190,209,normal
8,jamming_tampering,high,20,UAV-002,195,214,normal
8,jamming_tampering,high,20,UAV-002,200,219,normal
8,jamming_tampering,high,20,UAV-002,205,224,normal
8,jamming_tampering,high,20,UAV-002,210,229,normal
8,jamming_tampering,high,20,UAV-002,215,234,normal
8,jamming_tampering,high,20,UAV-002,220,239,normal
8,jamming_tampering,high,30,UAV-007,0,19,normal
8,jamming_tampering,high,30,UAV-007,5,24,normal
8,jamming_tampering,high,30,UAV-007,10,29,normal
8,jamming_tampering,high,30,UAV-007,15,34,normal
8,jamming_tampering,high,30,UAV-007,20,39,normal
8,jamming_tampering,high,30,UAV-007,25,44,normal
8,jamming_tampering,high,30,UAV-007,30,49,normal
8,jamming_tampering,high,30,UAV-007,35,54,normal
8,jamming_tampering,high,30,UAV-007,40,58,normal
8,jamming_tampering,high,30,UAV-007,45,62,normal
8,jamming_tampering,high,30,UAV-007,50,67,jamming_tampering
8,jamming_tampering,high,30,UAV-007,54,74,jamming_tampering
8,jamming_tampering,high,30,UAV-007,59,78,jamming_tampering
8,jamming_tampering,high,30,UAV-007,63,84,jamming_tampering
8,jamming_tampering,high,30,UAV-007,70,91,jamming_tampering
8,jamming_tampering,high,30,UAV-007,75,95,jamming_tampering
8,jamming_tampering,high,30,UAV-007,79,99,jamming_tampering
8,jamming_tampering,high,30,UAV-007,85,103,jamming_tampering
8,jamming_tampering,high,30,UAV-007,92,107,jamming_tampering
8,jamming_tampering,high,30,UAV-007,96,112,jamming_tampering
8,jamming_tampering,high,30,UAV-007,100,118,jamming_tampering
8,jamming_tampering,high,30,UAV-007,103,123,jamming_tampering
8,jamming_tampering,high,30,UAV-007,108,128,jamming_tampering
8,jamming_tampering,high,30,UAV-007,115,135,jamming_tampering
8,jamming_tampering,high,30,UAV-007,120,140,jamming_tampering
8,jamming_tampering,high,30,UAV-007,124,144,jamming_tampering
8,jamming_tampering,high,30,UAV-007,129,149,jamming_tampering
8,jamming_tampering,high,30,UAV-007,136,155,jamming_tampering
8,jamming_tampering,high,30,UAV-007,141,160,jamming_tampering
8,jamming_tampering,high,30,UAV-007,145,166,jamming_tampering
8,jamming_tampering,high,30,UAV-007,151,173,jamming_tampering
8,jamming_tampering,high,30,UAV-007,156,177,jamming_tampering
8,jamming_tampering,high,30,UAV-007,162,182,jamming_tampering
8,jamming_tampering,high,30,UAV-007,167,186,jamming_tampering
8,jamming_tampering,high,30,UAV-007,174,189,jamming_tampering
8,jamming_tampering,high,30,UAV-007,178,194,normal
8,jamming_tampering,high,30,UAV-007,183,199,normal
8,jamming_tampering,high,30,UAV-007,186,204,normal
8,jamming_tampering,high,30,UAV-007,190,209,normal
8,jamming_tampering,high,30,UAV-007,195,214,normal
8,jamming_tampering,high,30,UAV-007,200,219,normal
8,jamming_tampering,high,30,UAV-007,205,224,normal
8,jamming_tampering,high,30,UAV-007,210,229,normal
8,jamming_tampering,high,30,UAV-007,215,234,normal
8,jamming_tampering,high,30,UAV-007,220,239,normal
8,jamming_tampering,low,10,UAV-005,0,19,normal
8,jamming_tampering,low,10,UAV-005,5,24,normal
8,jamming_tampering,low,10,UAV-005,10,29,normal
8,jamming_tampering,low,10,UAV-005,15,34,normal
8,jamming_tampering,low,10,UAV-005,20,39,normal
8,jamming_tampering,low,10,UAV-005,25,44,normal
8,jamming_tampering,low,10,UAV-005,30,49,normal
8,jamming_tampering,low,10,UAV-005,35,54,normal
8,jamming_tampering,low,10,UAV-005,40,59,normal
8,jamming_tampering,low,10,UAV-005,45,64,normal
8,jamming_tampering,low,10,UAV-005,50,69,normal
8,jamming_tampering,low,10,UAV-005,55,74,normal
8,jamming_tampering,low,10,UAV-005,60,79,normal
8,jamming_tampering,low,10,UAV-005,65,84,normal
8,jamming_tampering,low,10,UAV-005,70,89,normal
8,jamming_tampering,low,10,UAV-005,75,95,normal
8,jamming_tampering,low,10,UAV-005,80,99,jamming_tampering
8,jamming_tampering,low,10,UAV-005,85,104,jamming_tampering
8,jamming_tampering,low,10,UAV-005,90,109,jamming_tampering
8,jamming_tampering,low,10,UAV-005,95,114,jamming_tampering
8,jamming_tampering,low,10,UAV-005,100,119,jamming_tampering
8,jamming_tampering,low,10,UAV-005,105,124,jamming_tampering
8,jamming_tampering,low,10,UAV-005,110,128,jamming_tampering
8,jamming_tampering,low,10,UAV-005,115,133,jamming_tampering
8,jamming_tampering,low,10,UAV-005,120,138,jamming_tampering
8,jamming_tampering,low,10,UAV-005,124,144,normal
8,jamming_tampering,low,10,UAV-005,129,149,normal
8,jamming_tampering,low,10,UAV-005,135,154,normal
8,jamming_tampering,low,10,UAV-005,139,159,normal
8,jamming_tampering,low,10,UAV-005,145,164,normal
8,jamming_tampering,low,10,UAV-005,150,169,normal
8,jamming_tampering,low,10,UAV-005,155,175,normal
8,jamming_tampering,low,10,UAV-005,160,181,normal
8,jamming_tampering,low,10,UAV-005,165,185,normal
8,jamming_tampering,low,10,UAV-005,170,190,normal
8,jamming_tampering,low,10,UAV-005,176,194,normal
8,jamming_tampering,low,10,UAV-005,182,199,normal
8,jamming_tampering,low,10,UAV-005,186,204,normal
8,jamming_tampering,low,10,UAV-005,191,209,normal
8,jamming_tampering,low,10,UAV-005,195,214,normal
8,jamming_tampering,low,10,UAV-005,200,219,normal
8,jamming_tampering,low,10,UAV-005,205,224,normal
8,jamming_tampering,low,10,UAV-005,210,229,normal
8,jamming_tampering,low,10,UAV-005,215,234,normal
8,jamming_tampering,low,10,UAV-005,220,239,normal
8,jamming_tampering,low,30,UAV-025,0,19,normal
8,jamming_tampering,low,30,UAV-025,5,24,normal
8,jamming_tampering,low,30,UAV-025,10,29,normal
8,jamming_tampering,low,30,UAV-025,15,34,normal
8,jamming_tampering,low,30,UAV-025,20,39,normal
8,jamming_tampering,low,30,UAV-025,25,44,normal
8,jamming_tampering,low,30,UAV-025,30,49,normal
8,jamming_tampering,low,30,UAV-025,35,54,normal
8,jamming_tampering,low,30,UAV-025,40,58,normal
8,jamming_tampering,low,30,UAV-025,45,65,normal
8,jamming_tampering,low,30,UAV-025,50,69,normal
8,jamming_tampering,low,30,UAV-025,55,74,jamming_tampering
8,jamming_tampering,low,30,UAV-025,59,79,jamming_tampering
8,jamming_tampering,low,30,UAV-025,65,83,jamming_tampering
8,jamming_tampering,low,30,UAV-025,70,88,jamming_tampering
8,jamming_tampering,low,30,UAV-025,75,95,jamming_tampering
8,jamming_tampering,low,30,UAV-025,80,99,jamming_tampering
8,jamming_tampering,low,30,UAV-025,84,104,jamming_tampering
8,jamming_tampering,low,30,UAV-025,89,108,jamming_tampering
8,jamming_tampering,low,30,UAV-025,96,114,jamming_tampering
8,jamming_tampering,low,30,UAV-025,100,120,jamming_tampering
8,jamming_tampering,low,30,UAV-025,105,124,jamming_tampering
8,jamming_tampering,low,30,UAV-025,109,128,jamming_tampering
8,jamming_tampering,low,30,UAV-025,116,133,jamming_tampering
8,jamming_tampering,low,30,UAV-025,121,139,jamming_tampering
8,jamming_tampering,low,30,UAV-025,125,144,jamming_tampering
8,jamming_tampering,low,30,UAV-025,129,149,normal
8,jamming_tampering,low,30,UAV-025,135,154,normal
8,jamming_tampering,low,30,UAV-025,140,159,normal
8,jamming_tampering,low,30,UAV-025,145,163,normal
8,jamming_tampering,low,30,UAV-025,150,168,normal
8,jamming_tampering,low,30,UAV-025,155,173,jamming_tampering
8,jamming_tampering,low,30,UAV-025,160,180,jamming_tampering
8,jamming_tampering,low,30,UAV-025,164,184,jamming_tampering
8,jamming_tampering,low,30,UAV-025,169,189,jamming_tampering
8,jamming_tampering,low,30,UAV-025,173,194,normal
8,jamming_tampering,low,30,UAV-025,181,199,normal
8,jamming_tampering,low,30,UAV-025,185,204,normal
8,jamming_tampering,low,30,UAV-025,190,209,normal
8,jamming_tampering,low,30,UAV-025,195,214,normal
8,jamming_tampering,low,30,UAV-025,200,219,normal
8,jamming_tampering,low,30,UAV-025,205,224,normal
8,jamming_tampering,low,30,UAV-025,210,229,normal
8,jamming_tampering,low,30,UAV-025,215,234,normal
8,jamming_tampering,low,30,UAV-025,220,239,normal
8,jamming_tampering,medium,20,UAV-015,0,19,normal
8,jamming_tampering,medium,20,UAV-015,5,24,normal
8,jamming_tampering,medium,20,UAV-015,10,29,normal
8,jamming_tampering,medium,20,UAV-015,15,34,normal
8,jamming_tampering,medium,20,UAV-015,20,39,normal
8,jamming_tampering,medium,20,UAV-015,25,44,normal
8,jamming_tampering,medium,20,UAV-015,30,49,normal
8,jamming_tampering,medium,20,UAV-015,35,54,normal
8,jamming_tampering,medium,20,UAV-015,40,59,normal
8,jamming_tampering,medium,20,UAV-015,45,64,normal
8,jamming_tampering,medium,20,UAV-015,50,70,normal
8,jamming_tampering,medium,20,UAV-015,55,75,jamming_tampering
8,jamming_tampering,medium,20,UAV-015,60,81,jamming_tampering
8,jamming_tampering,medium,20,UAV-015,65,86,jamming_tampering
8,jamming_tampering,medium,20,UAV-015,71,92,jamming_tampering
8,jamming_tampering,medium,20,UAV-015,76,96,jamming_tampering
8,jamming_tampering,medium,20,UAV-015,82,99,jamming_tampering
8,jamming_tampering,medium,20,UAV-015,87,104,jamming_tampering
8,jamming_tampering,medium,20,UAV-015,93,109,jamming_tampering
8,jamming_tampering,medium,20,UAV-015,96,115,jamming_tampering
8,jamming_tampering,medium,20,UAV-015,100,120,jamming_tampering
8,jamming_tampering,medium,20,UAV-015,105,124,jamming_tampering
8,jamming_tampering,medium,20,UAV-015,110,129,jamming_tampering
8,jamming_tampering,medium,20,UAV-015,116,133,jamming_tampering
8,jamming_tampering,medium,20,UAV-015,121,138,jamming_tampering
8,jamming_tampering,medium,20,UAV-015,125,143,normal
8,jamming_tampering,medium,20,UAV-015,130,149,normal
8,jamming_tampering,medium,20,UAV-015,134,154,normal
8,jamming_tampering,medium,20,UAV-015,139,159,jamming_tampering
8,jamming_tampering,medium,20,UAV-015,144,164,jamming_tampering
8,jamming_tampering,medium,20,UAV-015,150,169,jamming_tampering
8,jamming_tampering,medium,20,UAV-015,155,175,jamming_tampering
8,jamming_tampering,medium,20,UAV-015,160,179,jamming_tampering
8,jamming_tampering,medium,20,UAV-015,165,184,jamming_tampering
8,jamming_tampering,medium,20,UAV-015,170,189,jamming_tampering
8,jamming_tampering,medium,20,UAV-015,175,194,normal
8,jamming_tampering,medium,20,UAV-015,180,199,normal
8,jamming_tampering,medium,20,UAV-015,185,204,normal
8,jamming_tampering,medium,20,UAV-015,190,209,normal
8,jamming_tampering,medium,20,UAV-015,195,214,normal
8,jamming_tampering,medium,20,UAV-015,200,219,normal
8,jamming_tampering,medium,20,UAV-015,205,224,normal
8,jamming_tampering,medium,20,UAV-015,210,229,normal
8,jamming_tampering,medium,20,UAV-015,215,234,normal
8,jamming_tampering,medium,20,UAV-015,220,239,normal
8,jamming_tampering,medium,30,UAV-008,0,19,normal
8,jamming_tampering,medium,30,UAV-008,5,24,normal
8,jamming_tampering,medium,30,UAV-008,10,29,normal
8,jamming_tampering,medium,30,UAV-008,15,34,normal
8,jamming_tampering,medium,30,UAV-008,20,39,normal
8,jamming_tampering,medium,30,UAV-008,25,44,normal
8,jamming_tampering,medium,30,UAV-008,30,49,normal
8,jamming_tampering,medium,30,UAV-008,35,54,normal
8,jamming_tampering,medium,30,UAV-008,40,58,normal
8,jamming_tampering,medium,30,UAV-008,45,63,normal
8,jamming_tampering,medium,30,UAV-008,50,67,normal
8,jamming_tampering,medium,30,UAV-008,55,75,jamming_tampering
8,jamming_tampering,medium,30,UAV-008,59,79,jamming_tampering
8,jamming_tampering,medium,30,UAV-008,64,84,jamming_tampering
8,jamming_tampering,medium,30,UAV-008,68,88,jamming_tampering
8,jamming_tampering,medium,30,UAV-008,76,94,jamming_tampering
8,jamming_tampering,medium,30,UAV-008,80,99,jamming_tampering
8,jamming_tampering,medium,30,UAV-008,85,104,jamming_tampering
8,jamming_tampering,medium,30,UAV-008,89,110,jamming_tampering
8,jamming_tampering,medium,30,UAV-008,95,115,jamming_tampering
8,jamming_tampering,medium,30,UAV-008,100,119,jamming_tampering
8,jamming_tampering,medium,30,UAV-008,105,123,jamming_tampering
8,jamming_tampering,medium,30,UAV-008,111,128,jamming_tampering
8,jamming_tampering,medium,30,UAV-008,116,134,jamming_tampering
8,jamming_tampering,medium,30,UAV-008,120,139,jamming_tampering
8,jamming_tampering,medium,30,UAV-008,124,143,jamming_tampering
8,jamming_tampering,medium,30,UAV-008,129,148,jamming_tampering
8,jamming_tampering,medium,30,UAV-008,135,153,jamming_tampering
8,jamming_tampering,medium,30,UAV-008,140,158,jamming_tampering
8,jamming_tampering,medium,30,UAV-008,144,164,jamming_tampering
8,jamming_tampering,medium,30,UAV-008,149,168,jamming_tampering
8,jamming_tampering,medium,30,UAV-008,154,173,jamming_tampering
8,jamming_tampering,medium,30,UAV-008,159,179,jamming_tampering
8,jamming_tampering,medium,30,UAV-008,165,184,jamming_tampering
8,jamming_tampering,medium,30,UAV-008,169,189,normal
8,jamming_tampering,medium,30,UAV-008,174,194,normal
8,jamming_tampering,medium,30,UAV-008,180,199,normal
8,jamming_tampering,medium,30,UAV-008,185,204,normal
8,jamming_tampering,medium,30,UAV-008,190,209,normal
8,jamming_tampering,medium,30,UAV-008,195,214,normal
8,jamming_tampering,medium,30,UAV-008,200,219,normal
8,jamming_tampering,medium,30,UAV-008,205,224,normal
8,jamming_tampering,medium,30,UAV-008,210,229,normal
8,jamming_tampering,medium,30,UAV-008,215,234,normal
8,jamming_tampering,medium,30,UAV-008,220,239,normal
8,jamming_tampering,medium,30,UAV-016,0,19,normal
8,jamming_tampering,medium,30,UAV-016,5,24,normal
8,jamming_tampering,medium,30,UAV-016,10,29,normal
8,jamming_tampering,medium,30,UAV-016,15,34,normal
8,jamming_tampering,medium,30,UAV-016,20,39,normal
8,jamming_tampering,medium,30,UAV-016,25,44,normal
8,jamming_tampering,medium,30,UAV-016,30,49,normal
8,jamming_tampering,medium,30,UAV-016,35,54,normal
8,jamming_tampering,medium,30,UAV-016,40,59,normal
8,jamming_tampering,medium,30,UAV-016,45,63,normal
8,jamming_tampering,medium,30,UAV-016,50,68,jamming_tampering
8,jamming_tampering,medium,30,UAV-016,55,74,jamming_tampering
8,jamming_tampering,medium,30,UAV-016,60,79,jamming_tampering
8,jamming_tampering,medium,30,UAV-016,64,84,jamming_tampering
8,jamming_tampering,medium,30,UAV-016,69,89,jamming_tampering
8,jamming_tampering,medium,30,UAV-016,75,95,jamming_tampering
8,jamming_tampering,medium,30,UAV-016,80,98,jamming_tampering
8,jamming_tampering,medium,30,UAV-016,85,104,jamming_tampering
8,jamming_tampering,medium,30,UAV-016,90,110,jamming_tampering
8,jamming_tampering,medium,30,UAV-016,96,114,jamming_tampering
8,jamming_tampering,medium,30,UAV-016,99,117,jamming_tampering
8,jamming_tampering,medium,30,UAV-016,105,124,jamming_tampering
8,jamming_tampering,medium,30,UAV-016,111,131,jamming_tampering
8,jamming_tampering,medium,30,UAV-016,114,134,jamming_tampering
8,jamming_tampering,medium,30,UAV-016,119,137,jamming_tampering
8,jamming_tampering,medium,30,UAV-016,125,142,jamming_tampering
8,jamming_tampering,medium,30,UAV-016,132,147,jamming_tampering
8,jamming_tampering,medium,30,UAV-016,135,153,jamming_tampering
8,jamming_tampering,medium,30,UAV-016,138,159,jamming_tampering
8,jamming_tampering,medium,30,UAV-016,143,163,jamming_tampering
8,jamming_tampering,medium,30,UAV-016,148,168,jamming_tampering
8,jamming_tampering,medium,30,UAV-016,154,174,jamming_tampering
8,jamming_tampering,medium,30,UAV-016,160,180,jamming_tampering
8,jamming_tampering,medium,30,UAV-016,164,185,jamming_tampering
8,jamming_tampering,medium,30,UAV-016,169,189,jamming_tampering
8,jamming_tampering,medium,30,UAV-016,175,194,normal
8,jamming_tampering,medium,30,UAV-016,181,199,normal
8,jamming_tampering,medium,30,UAV-016,185,204,normal
8,jamming_tampering,medium,30,UAV-016,190,209,normal
8,jamming_tampering,medium,30,UAV-016,195,214,normal
8,jamming_tampering,medium,30,UAV-016,200,219,normal
8,jamming_tampering,medium,30,UAV-016,205,224,normal
8,jamming_tampering,medium,30,UAV-016,210,229,normal
8,jamming_tampering,medium,30,UAV-016,215,234,normal
8,jamming_tampering,medium,30,UAV-016,220,239,normal
8,normal,none,30,UAV-013,0,19,normal
8,normal,none,30,UAV-013,5,24,normal
8,normal,none,30,UAV-013,10,29,normal
8,normal,none,30,UAV-013,15,34,normal
8,normal,none,30,UAV-013,20,39,normal
8,normal,none,30,UAV-013,25,44,normal
8,normal,none,30,UAV-013,30,49,normal
8,normal,none,30,UAV-013,35,54,normal
8,normal,none,30,UAV-013,40,59,normal
8,normal,none,30,UAV-013,45,64,normal
8,normal,none,30,UAV-013,50,69,normal
8,normal,none,30,UAV-013,55,74,normal
8,normal,none,30,UAV-013,60,79,normal
8,normal,none,30,UAV-013,65,84,normal
8,normal,none,30,UAV-013,70,89,normal
8,normal,none,30,UAV-013,75,94,normal
8,normal,none,30,UAV-013,80,99,normal
8,normal,none,30,UAV-013,85,104,normal
8,normal,none,30,UAV-013,90,109,normal
8,normal,none,30,UAV-013,95,114,normal
8,normal,none,30,UAV-013,100,119,normal
8,normal,none,30,UAV-013,105,124,normal
8,normal,none,30,UAV-013,110,129,normal
8,normal,none,30,UAV-013,115,134,normal
8,normal,none,30,UAV-013,120,139,normal
8,normal,none,30,UAV-013,125,144,normal
8,normal,none,30,UAV-013,130,149,normal
8,normal,none,30,UAV-013,135,154,normal
8,normal,none,30,UAV-013,140,159,normal
8,normal,none,30,UAV-013,145,164,normal
8,normal,none,30,UAV-013,150,169,normal
8,normal,none,30,UAV-013,155,174,normal
8,normal,none,30,UAV-013,160,179,normal
8,normal,none,30,UAV-013,165,184,normal
8,normal,none,30,UAV-013,170,189,normal
8,normal,none,30,UAV-013,175,194,normal
8,normal,none,30,UAV-013,180,199,normal
8,normal,none,30,UAV-013,185,204,normal
8,normal,none,30,UAV-013,190,209,normal
8,normal,none,30,UAV-013,195,214,normal
8,normal,none,30,UAV-013,200,219,normal
8,normal,none,30,UAV-013,205,224,normal
8,normal,none,30,UAV-013,210,229,normal
8,normal,none,30,UAV-013,215,234,normal
8,normal,none,30,UAV-013,220,239,normal
8,spoofing,low,30,UAV-005,0,19,normal
8,spoofing,low,30,UAV-005,5,24,normal
8,spoofing,low,30,UAV-005,10,29,normal
8,spoofing,low,30,UAV-005,15,34,normal
8,spoofing,low,30,UAV-005,20,39,normal
8,spoofing,low,30,UAV-005,25,44,normal
8,spoofing,low,30,UAV-005,30,49,normal
8,spoofing,low,30,UAV-005,35,54,normal
8,spoofing,low,30,UAV-005,40,59,normal
8,spoofing,low,30,UAV-005,45,64,normal
8,spoofing,low,30,UAV-005,50,69,normal
8,spoofing,low,30,UAV-005,55,74,normal
8,spoofing,low,30,UAV-005,60,79,spoofing
8,spoofing,low,30,UAV-005,65,84,spoofing
8,spoofing,low,30,UAV-005,70,89,spoofing
8,spoofing,low,30,UAV-005,75,94,spoofing
8,spoofing,low,30,UAV-005,80,99,spoofing
8,spoofing,low,30,UAV-005,85,104,spoofing
8,spoofing,low,30,UAV-005,90,109,normal
8,spoofing,low,30,UAV-005,95,114,spoofing
8,spoofing,low,30,UAV-005,100,119,spoofing
8,spoofing,low,30,UAV-005,105,124,spoofing
8,spoofing,low,30,UAV-005,110,129,spoofing
8,spoofing,low,30,UAV-005,115,134,spoofing
8,spoofing,low,30,UAV-005,120,139,spoofing
8,spoofing,low,30,UAV-005,125,144,spoofing
8,spoofing,low,30,UAV-005,130,149,normal
8,spoofing,low,30,UAV-005,135,154,normal
8,spoofing,low,30,UAV-005,140,159,spoofing
8,spoofing,low,30,UAV-005,145,164,spoofing
8,spoofing,low,30,UAV-005,150,169,spoofing
8,spoofing,low,30,UAV-005,155,174,spoofing
8,spoofing,low,30,UAV-005,160,179,spoofing
8,spoofing,low,30,UAV-005,165,184,spoofing
8,spoofing,low,30,UAV-005,170,189,normal
8,spoofing,low,30,UAV-005,175,194,normal
8,spoofing,low,30,UAV-005,180,199,normal
8,spoofing,low,30,UAV-005,185,204,normal
8,spoofing,low,30,UAV-005,190,209,normal
8,spoofing,low,30,UAV-005,195,214,normal
8,spoofing,low,30,UAV-005,200,219,normal
8,spoofing,low,30,UAV-005,205,224,normal
8,spoofing,low,30,UAV-005,210,229,normal
8,spoofing,low,30,UAV-005,215,234,normal
8,spoofing,low,30,UAV-005,220,239,normal
8,spoofing,low,30,UAV-014,0,19,normal
8,spoofing,low,30,UAV-014,5,24,normal
8,spoofing,low,30,UAV-014,10,29,normal
8,spoofing,low,30,UAV-014,15,34,normal
8,spoofing,low,30,UAV-014,20,39,normal
8,spoofing,low,30,UAV-014,25,44,normal
8,spoofing,low,30,UAV-014,30,49,normal
8,spoofing,low,30,UAV-014,35,54,normal
8,spoofing,low,30,UAV-014,40,59,normal
8,spoofing,low,30,UAV-014,45,64,normal
8,spoofing,low,30,UAV-014,50,69,normal
8,spoofing,low,30,UAV-014,55,74,normal
8,spoofing,low,30,UAV-014,60,79,spoofing
8,spoofing,low,30,UAV-014,65,84,spoofing
8,spoofing,low,30,UAV-014,70,89,spoofing
8,spoofing,low,30,UAV-014,75,94,spoofing
8,spoofing,low,30,UAV-014,80,99,spoofing
8,spoofing,low,30,UAV-014,85,104,spoofing
8,spoofing,low,30,UAV-014,90,109,spoofing
8,spoofing,low,30,UAV-014,95,114,spoofing
8,spoofing,low,30,UAV-014,100,119,spoofing
8,spoofing,low,30,UAV-014,105,124,spoofing
8,spoofing,low,30,UAV-014,110,129,spoofing
8,spoofing,low,30,UAV-014,115,134,spoofing
8,spoofing,low,30,UAV-014,120,139,spoofing
8,spoofing,low,30,UAV-014,125,144,spoofing
8,spoofing,low,30,UAV-014,130,149,spoofing
8,spoofing,low,30,UAV-014,135,154,normal
8,spoofing,low,30,UAV-014,140,159,normal
8,spoofing,low,30,UAV-014,145,164,normal
8,spoofing,low,30,UAV-014,150,169,spoofing
8,spoofing,low,30,UAV-014,155,174,spoofing
8,spoofing,low,30,UAV-014,160,179,spoofing
8,spoofing,low,30,UAV-014,165,184,spoofing
8,spoofing,low,30,UAV-014,170,189,spoofing
8,spoofing,low,30,UAV-014,175,194,normal
8,spoofing,low,30,UAV-014,180,199,normal
8,spoofing,low,30,UAV-014,185,204,normal
8,spoofing,low,30,UAV-014,190,209,normal
8,spoofing,low,30,UAV-014,195,214,normal
8,spoofing,low,30,UAV-014,200,219,normal
8,spoofing,low,30,UAV-014,205,224,normal
8,spoofing,low,30,UAV-014,210,229,normal
8,spoofing,low,30,UAV-014,215,234,normal
8,spoofing,low,30,UAV-014,220,239,normal
8,spoofing,low,30,UAV-030,0,19,normal
8,spoofing,low,30,UAV-030,5,24,normal
8,spoofing,low,30,UAV-030,10,29,normal
8,spoofing,low,30,UAV-030,15,34,normal
8,spoofing,low,30,UAV-030,20,39,normal
8,spoofing,low,30,UAV-030,25,44,normal
8,spoofing,low,30,UAV-030,30,49,normal
8,spoofing,low,30,UAV-030,35,54,normal
8,spoofing,low,30,UAV-030,40,59,normal
8,spoofing,low,30,UAV-030,45,64,normal
8,spoofing,low,30,UAV-030,50,69,normal
8,spoofing,low,30,UAV-030,55,74,spoofing
8,spoofing,low,30,UAV-030,60,79,spoofing
8,spoofing,low,30,UAV-030,65,84,normal
8,spoofing,low,30,UAV-030,70,89,normal
8,spoofing,low,30,UAV-030,75,94,normal
8,spoofing,low,30,UAV-030,80,99,spoofing
8,spoofing,low,30,UAV-030,85,104,spoofing
8,spoofing,low,30,UAV-030,90,109,spoofing
8,spoofing,low,30,UAV-030,95,114,spoofing
8,spoofing,low,30,UAV-030,100,119,spoofing
8,spoofing,low,30,UAV-030,105,124,spoofing
8,spoofing,low,30,UAV-030,110,129,normal
8,spoofing,low,30,UAV-030,115,134,spoofing
8,spoofing,low,30,UAV-030,120,139,spoofing
8,spoofing,low,30,UAV-030,125,144,spoofing
8,spoofing,low,30,UAV-030,130,149,spoofing
8,spoofing,low,30,UAV-030,135,154,spoofing
8,spoofing,low,30,UAV-030,140,159,normal
8,spoofing,low,30,UAV-030,145,164,normal
8,spoofing,low,30,UAV-030,150,169,spoofing
8,spoofing,low,30,UAV-030,155,174,spoofing
8,spoofing,low,30,UAV-030,160,179,spoofing
8,spoofing,low,30,UAV-030,165,184,spoofing
8,spoofing,low,30,UAV-030,170,189,normal
8,spoofing,low,30,UAV-030,175,194,normal
8,spoofing,low,30,UAV-030,180,199,normal
8,spoofing,low,30,UAV-030,185,204,normal
8,spoofing,low,30,UAV-030,190,209,normal
8,spoofing,low,30,UAV-030,195,214,normal
8,spoofing,low,30,UAV-030,200,219,normal
8,spoofing,low,30,UAV-030,205,224,normal
8,spoofing,low,30,UAV-030,210,229,normal
8,spoofing,low,30,UAV-030,215,234,normal
8,spoofing,low,30,UAV-030,220,239,normal
8,spoofing_tampering,high,20,UAV-005,0,19,normal
8,spoofing_tampering,high,20,UAV-005,5,24,normal
8,spoofing_tampering,high,20,UAV-005,10,29,normal
8,spoofing_tampering,high,20,UAV-005,15,34,normal
8,spoofing_tampering,high,20,UAV-005,20,39,normal
8,spoofing_tampering,high,20,UAV-005,25,44,normal
8,spoofing_tampering,high,20,UAV-005,30,49,normal
8,spoofing_tampering,high,20,UAV-005,35,54,normal
8,spoofing_tampering,high,20,UAV-005,40,59,normal
8,spoofing_tampering,high,20,UAV-005,45,64,normal
8,spoofing_tampering,high,20,UAV-005,50,68,spoofing_tampering
8,spoofing_tampering,high,20,UAV-005,55,74,spoofing_tampering
8,spoofing_tampering,high,20,UAV-005,60,78,spoofing_tampering
8,spoofing_tampering,high,20,UAV-005,65,84,spoofing_tampering
8,spoofing_tampering,high,20,UAV-005,69,89,spoofing_tampering
8,spoofing_tampering,high,20,UAV-005,75,95,spoofing_tampering
8,spoofing_tampering,high,20,UAV-005,79,100,spoofing_tampering
8,spoofing_tampering,high,20,UAV-005,85,104,spoofing_tampering
8,spoofing_tampering,high,20,UAV-005,90,109,spoofing_tampering
8,spoofing_tampering,high,20,UAV-005,95,114,spoofing_tampering
8,spoofing_tampering,high,20,UAV-005,101,119,spoofing_tampering
8,spoofing_tampering,high,20,UAV-005,106,125,spoofing_tampering
8,spoofing_tampering,high,20,UAV-005,110,132,spoofing_tampering
8,spoofing_tampering,high,20,UAV-005,116,134,spoofing_tampering
8,spoofing_tampering,high,20,UAV-005,120,138,spoofing_tampering
8,spoofing_tampering,high,20,UAV-005,126,142,spoofing_tampering
8,spoofing_tampering,high,20,UAV-005,133,148,spoofing_tampering
8,spoofing_tampering,high,20,UAV-005,136,155,spoofing_tampering
8,spoofing_tampering,high,20,UAV-005,139,160,spoofing_tampering
8,spoofing_tampering,high,20,UAV-005,143,164,spoofing_tampering
8,spoofing_tampering,high,20,UAV-005,149,169,spoofing_tampering
8,spoofing_tampering,high,20,UAV-005,156,174,spoofing_tampering
8,spoofing_tampering,high,20,UAV-005,161,181,spoofing_tampering
8,spoofing_tampering,high,20,UAV-005,165,186,spoofing_tampering
8,spoofing_tampering,high,20,UAV-005,170,190,normal
8,spoofing_tampering,high,20,UAV-005,175,195,normal
8,spoofing_tampering,high,20,UAV-005,182,199,normal
8,spoofing_tampering,high,20,UAV-005,187,204,normal
8,spoofing_tampering,high,20,UAV-005,191,209,normal
8,spoofing_tampering,high,20,UAV-005,196,214,normal
8,spoofing_tampering,high,20,UAV-005,200,219,normal
8,spoofing_tampering,high,20,UAV-005,205,224,normal
8,spoofing_tampering,high,20,UAV-005,210,229,normal
8,spoofing_tampering,high,20,UAV-005,215,234,normal
8,spoofing_tampering,high,20,UAV-005,220,239,normal
8,spoofing_tampering,high,20,UAV-020,0,19,normal
8,spoofing_tampering,high,20,UAV-020,5,24,normal
8,spoofing_tampering,high,20,UAV-020,10,29,normal
8,spoofing_tampering,high,20,UAV-020,15,34,normal
8,spoofing_tampering,high,20,UAV-020,20,38,normal
8,spoofing_tampering,high,20,UAV-020,25,43,normal
8,spoofing_tampering,high,20,UAV-020,30,48,normal
8,spoofing_tampering,high,20,UAV-020,35,53,normal
8,spoofing_tampering,high,20,UAV-020,39,58,normal
8,spoofing_tampering,high,20,UAV-020,44,61,normal
8,spoofing_tampering,high,20,UAV-020,49,69,spoofing_tampering
8,spoofing_tampering,high,20,UAV-020,54,73,spoofing_tampering
8,spoofing_tampering,high,20,UAV-020,58,79,spoofing_tampering
8,spoofing_tampering,high,20,UAV-020,63,84,spoofing_tampering
8,spoofing_tampering,high,20,UAV-020,70,89,spoofing_tampering
8,spoofing_tampering,high,20,UAV-020,74,93,spoofing_tampering
8,spoofing_tampering,high,20,UAV-020,81,99,spoofing_tampering
8,spoofing_tampering,high,20,UAV-020,86,103,spoofing_tampering
8,spoofing_tampering,high,20,UAV-020,90,108,spoofing_tampering
8,spoofing_tampering,high,20,UAV-020,94,115,spoofing_tampering
8,spoofing_tampering,high,20,UAV-020,99,122,spoofing_tampering
8,spoofing_tampering,high,20,UAV-020,104,127,spoofing_tampering
8,spoofing_tampering,high,20,UAV-020,109,131,spoofing_tampering
8,spoofing_tampering,high,20,UAV-020,116,137,spoofing_tampering
8,spoofing_tampering,high,20,UAV-020,123,140,spoofing_tampering
8,spoofing_tampering,high,20,UAV-020,128,144,spoofing_tampering
8,spoofing_tampering,high,20,UAV-020,131,148,spoofing_tampering
8,spoofing_tampering,high,20,UAV-020,138,154,spoofing_tampering
8,spoofing_tampering,high,20,UAV-020,141,157,spoofing_tampering
8,spoofing_tampering,high,20,UAV-020,145,162,spoofing_tampering
8,spoofing_tampering,high,20,UAV-020,149,168,spoofing_tampering
8,spoofing_tampering,high,20,UAV-020,154,173,spoofing_tampering
8,spoofing_tampering,high,20,UAV-020,158,180,spoofing_tampering
8,spoofing_tampering,high,20,UAV-020,163,185,spoofing_tampering
8,spoofing_tampering,high,20,UAV-020,169,189,spoofing_tampering
8,spoofing_tampering,high,20,UAV-020,175,194,spoofing_tampering
8,spoofing_tampering,high,20,UAV-020,181,199,normal
8,spoofing_tampering,high,20,UAV-020,186,204,normal
8,spoofing_tampering,high,20,UAV-020,190,209,normal
8,spoofing_tampering,high,20,UAV-020,195,214,normal
8,spoofing_tampering,high,20,UAV-020,200,219,normal
8,spoofing_tampering,high,20,UAV-020,205,224,normal
8,spoofing_tampering,high,20,UAV-020,210,229,normal
8,spoofing_tampering,high,20,UAV-020,215,234,normal
8,spoofing_tampering,high,20,UAV-020,220,239,normal
8,spoofing_tampering,high,30,UAV-012,0,19,normal
8,spoofing_tampering,high,30,UAV-012,5,24,normal
8,spoofing_tampering,high,30,UAV-012,10,29,normal
8,spoofing_tampering,high,30,UAV-012,15,34,normal
8,spoofing_tampering,high,30,UAV-012,20,39,normal
8,spoofing_tampering,high,30,UAV-012,25,43,normal
8,spoofing_tampering,high,30,UAV-012,30,48,normal
8,spoofing_tampering,high,30,UAV-012,35,52,normal
8,spoofing_tampering,high,30,UAV-012,40,57,normal
8,spoofing_tampering,high,30,UAV-012,44,64,normal
8,spoofing_tampering,high,30,UAV-012,49,70,normal
8,spoofing_tampering,high,30,UAV-012,53,74,spoofing_tampering
8,spoofing_tampering,high,30,UAV-012,58,78,spoofing_tampering
8,spoofing_tampering,high,30,UAV-012,65,82,spoofing_tampering
8,spoofing_tampering,high,30,UAV-012,71,88,spoofing_tampering
8,spoofing_tampering,high,30,UAV-012,75,92,spoofing_tampering
8,spoofing_tampering,high,30,UAV-012,79,98,spoofing_tampering
8,spoofing_tampering,high,30,UAV-012,83,103,spoofing_tampering
8,spoofing_tampering,high,30,UAV-012,88,108,spoofing_tampering
8,spoofing_tampering,high,30,UAV-012,93,115,spoofing_tampering
8,spoofing_tampering,high,30,UAV-012,99,122,spoofing_tampering
8,spoofing_tampering,high,30,UAV-012,103,128,spoofing_tampering
8,spoofing_tampering,high,30,UAV-012,110,132,spoofing_tampering
8,spoofing_tampering,high,30,UAV-012,118,136,spoofing_tampering
8,spoofing_tampering,high,30,UAV-012,123,140,spoofing_tampering
8,spoofing_tampering,high,30,UAV-012,129,143,spoofing_tampering
8,spoofing_tampering,high,30,UAV-012,133,150,spoofing_tampering
8,spoofing_tampering,high,30,UAV-012,137,155,spoofing_tampering
8,spoofing_tampering,high,30,UAV-012,141,158,spoofing_tampering
8,spoofing_tampering,high,30,UAV-012,145,164,spoofing_tampering
8,spoofing_tampering,high,30,UAV-012,151,170,spoofing_tampering
8,spoofing_tampering,high,30,UAV-012,156,177,spoofing_tampering
8,spoofing_tampering,high,30,UAV-012,159,182,spoofing_tampering
8,spoofing_tampering,high,30,UAV-012,165,185,spoofing_tampering
8,spoofing_tampering,high,30,UAV-012,172,190,spoofing_tampering
8,spoofing_tampering,high,30,UAV-012,178,194,spoofing_tampering
8,spoofing_tampering,high,30,UAV-012,183,199,normal
8,spoofing_tampering,high,30,UAV-012,186,204,normal
8,spoofing_tampering,high,30,UAV-012,191,209,normal
8,spoofing_tampering,high,30,UAV-012,195,214,normal
8,spoofing_tampering,high,30,UAV-012,200,219,normal
8,spoofing_tampering,high,30,UAV-012,205,224,normal
8,spoofing_tampering,high,30,UAV-012,210,229,normal
8,spoofing_tampering,high,30,UAV-012,215,234,normal
8,spoofing_tampering,high,30,UAV-012,220,239,normal
8,spoofing_tampering,medium,10,UAV-001,0,19,normal
8,spoofing_tampering,medium,10,UAV-001,5,24,normal
8,spoofing_tampering,medium,10,UAV-001,10,29,normal
8,spoofing_tampering,medium,10,UAV-001,15,34,normal
8,spoofing_tampering,medium,10,UAV-001,20,39,normal
8,spoofing_tampering,medium,10,UAV-001,25,44,normal
8,spoofing_tampering,medium,10,UAV-001,30,49,normal
8,spoofing_tampering,medium,10,UAV-001,35,54,normal
8,spoofing_tampering,medium,10,UAV-001,40,59,normal
8,spoofing_tampering,medium,10,UAV-001,45,63,normal
8,spoofing_tampering,medium,10,UAV-001,50,69,spoofing_tampering
8,spoofing_tampering,medium,10,UAV-001,55,75,spoofing_tampering
8,spoofing_tampering,medium,10,UAV-001,60,81,spoofing_tampering
8,spoofing_tampering,medium,10,UAV-001,63,84,spoofing_tampering
8,spoofing_tampering,medium,10,UAV-001,70,89,spoofing_tampering
8,spoofing_tampering,medium,10,UAV-001,76,94,spoofing_tampering
8,spoofing_tampering,medium,10,UAV-001,82,99,spoofing_tampering
8,spoofing_tampering,medium,10,UAV-001,85,104,spoofing_tampering
8,spoofing_tampering,medium,10,UAV-001,90,108,spoofing_tampering
8,spoofing_tampering,medium,10,UAV-001,95,112,spoofing_tampering
8,spoofing_tampering,medium,10,UAV-001,100,118,spoofing_tampering
8,spoofing_tampering,medium,10,UAV-001,105,121,spoofing_tampering
8,spoofing_tampering,medium,10,UAV-001,109,125,spoofing_tampering
8,spoofing_tampering,medium,10,UAV-001,113,134,spoofing_tampering
8,spoofing_tampering,medium,10,UAV-001,119,140,spoofing_tampering
8,spoofing_tampering,medium,10,UAV-001,122,142,spoofing_tampering
8,spoofing_tampering,medium,10,UAV-001,126,148,spoofing_tampering
8,spoofing_tampering,medium,10,UAV-001,135,153,spoofing_tampering
8,spoofing_tampering,medium,10,UAV-001,141,159,spoofing_tampering
8,spoofing_tampering,medium,10,UAV-001,143,163,spoofing_tampering
8,spoofing_tampering,medium,10,UAV-001,149,168,spoofing_tampering
8,spoofing_tampering,medium,10,UAV-001,155,173,spoofing_tampering
8,spoofing_tampering,medium,10,UAV-001,160,179,spoofing_tampering
8,spoofing_tampering,medium,10,UAV-001,164,184,spoofing_tampering
8,spoofing_tampering,medium,10,UAV-001,169,189,spoofing_tampering
8,spoofing_tampering,medium,10,UAV-001,174,194,normal
8,spoofing_tampering,medium,10,UAV-001,180,199,normal
8,spoofing_tampering,medium,10,UAV-001,185,204,normal
8,spoofing_tampering,medium,10,UAV-001,190,209,normal
8,spoofing_tampering,medium,10,UAV-001,195,214,normal
8,spoofing_tampering,medium,10,UAV-001,200,219,normal
8,spoofing_tampering,medium,10,UAV-001,205,224,normal
8,spoofing_tampering,medium,10,UAV-001,210,229,normal
8,spoofing_tampering,medium,10,UAV-001,215,234,normal
8,spoofing_tampering,medium,10,UAV-001,220,239,normal
8,spoofing_tampering,medium,20,UAV-009,0,19,normal
8,spoofing_tampering,medium,20,UAV-009,5,24,normal
8,spoofing_tampering,medium,20,UAV-009,10,29,normal
8,spoofing_tampering,medium,20,UAV-009,15,34,normal
8,spoofing_tampering,medium,20,UAV-009,20,39,normal
8,spoofing_tampering,medium,20,UAV-009,25,44,normal
8,spoofing_tampering,medium,20,UAV-009,30,49,normal
8,spoofing_tampering,medium,20,UAV-009,35,54,normal
8,spoofing_tampering,medium,20,UAV-009,40,59,normal
8,spoofing_tampering,medium,20,UAV-009,45,63,normal
8,spoofing_tampering,medium,20,UAV-009,50,70,normal
8,spoofing_tampering,medium,20,UAV-009,55,75,spoofing_tampering
8,spoofing_tampering,medium,20,UAV-009,60,80,spoofing_tampering
8,spoofing_tampering,medium,20,UAV-009,64,83,spoofing_tampering
8,spoofing_tampering,medium,20,UAV-009,71,87,spoofing_tampering
8,spoofing_tampering,medium,20,UAV-009,76,93,spoofing_tampering
8,spoofing_tampering,medium,20,UAV-009,81,97,spoofing_tampering
8,spoofing_tampering,medium,20,UAV-009,83,103,spoofing_tampering
8,spoofing_tampering,medium,20,UAV-009,88,107,spoofing_tampering
8,spoofing_tampering,medium,20,UAV-009,94,112,spoofing_tampering
8,spoofing_tampering,medium,20,UAV-009,98,119,spoofing_tampering
8,spoofing_tampering,medium,20,UAV-009,104,125,spoofing_tampering
8,spoofing_tampering,medium,20,UAV-009,108,128,spoofing_tampering
8,spoofing_tampering,medium,20,UAV-009,113,133,spoofing_tampering
8,spoofing_tampering,medium,20,UAV-009,121,138,spoofing_tampering
8,spoofing_tampering,medium,20,UAV-009,125,143,spoofing_tampering
8,spoofing_tampering,medium,20,UAV-009,130,146,spoofing_tampering
8,spoofing_tampering,medium,20,UAV-009,134,152,spoofing_tampering
8,spoofing_tampering,medium,20,UAV-009,139,158,spoofing_tampering
8,spoofing_tampering,medium,20,UAV-009,144,162,spoofing_tampering
8,spoofing_tampering,medium,20,UAV-009,149,167,spoofing_tampering
8,spoofing_tampering,medium,20,UAV-009,154,173,spoofing_tampering
8,spoofing_tampering,medium,20,UAV-009,158,180,spoofing_tampering
8,spoofing_tampering,medium,20,UAV-009,163,185,spoofing_tampering
8,spoofing_tampering,medium,20,UAV-009,168,190,normal
8,spoofing_tampering,medium,20,UAV-009,174,195,normal
8,spoofing_tampering,medium,20,UAV-009,181,199,normal
8,spoofing_tampering,medium,20,UAV-009,186,204,normal
8,spoofing_tampering,medium,20,UAV-009,191,209,normal
8,spoofing_tampering,medium,20,UAV-009,196,214,normal
8,spoofing_tampering,medium,20,UAV-009,200,219,normal
8,spoofing_tampering,medium,20,UAV-009,205,224,normal
8,spoofing_tampering,medium,20,UAV-009,210,229,normal
8,spoofing_tampering,medium,20,UAV-009,215,234,normal
8,spoofing_tampering,medium,20,UAV-009,220,239,normal
8,tampering,high,30,UAV-012,0,19,normal
8,tampering,high,30,UAV-012,5,24,normal
8,tampering,high,30,UAV-012,10,29,normal
8,tampering,high,30,UAV-012,15,34,normal
8,tampering,high,30,UAV-012,20,39,normal
8,tampering,high,30,UAV-012,25,44,normal
8,tampering,high,30,UAV-012,30,48,normal
8,tampering,high,30,UAV-012,35,53,normal
8,tampering,high,30,UAV-012,40,58,normal
8,tampering,high,30,UAV-012,45,64,normal
8,tampering,high,30,UAV-012,49,69,tampering
8,tampering,high,30,UAV-012,54,72,tampering
8,tampering,high,30,UAV-012,59,78,tampering
8,tampering,high,30,UAV-012,65,83,tampering
8,tampering,high,30,UAV-012,69,89,tampering
8,tampering,high,30,UAV-012,74,92,tampering
8,tampering,high,30,UAV-012,79,96,tampering
8,tampering,high,30,UAV-012,84,102,tampering
8,tampering,high,30,UAV-012,89,108,tampering
8,tampering,high,30,UAV-012,93,113,tampering
8,tampering,high,30,UAV-012,98,120,tampering
8,tampering,high,30,UAV-012,103,124,tampering
8,tampering,high,30,UAV-012,109,130,tampering
8,tampering,high,30,UAV-012,116,135,tampering
8,tampering,high,30,UAV-012,120,141,tampering
8,tampering,high,30,UAV-012,125,145,tampering
8,tampering,high,30,UAV-012,131,151,tampering
8,tampering,high,30,UAV-012,138,153,tampering
8,tampering,high,30,UAV-012,141,158,tampering
8,tampering,high,30,UAV-012,146,164,tampering
8,tampering,high,30,UAV-012,151,168,tampering
8,tampering,high,30,UAV-012,155,174,tampering
8,tampering,high,30,UAV-012,158,180,tampering
8,tampering,high,30,UAV-012,164,185,tampering
8,tampering,high,30,UAV-012,169,190,normal
8,tampering,high,30,UAV-012,175,194,normal
8,tampering,high,30,UAV-012,181,199,normal
8,tampering,high,30,UAV-012,186,204,normal
8,tampering,high,30,UAV-012,191,209,normal
8,tampering,high,30,UAV-012,195,214,normal
8,tampering,high,30,UAV-012,200,219,normal
8,tampering,high,30,UAV-012,205,224,normal
8,tampering,high,30,UAV-012,210,229,normal
8,tampering,high,30,UAV-012,215,234,normal
8,tampering,high,30,UAV-012,220,239,normal
8,tampering,high,30,UAV-029,0,19,normal
8,tampering,high,30,UAV-029,5,24,normal
8,tampering,high,30,UAV-029,10,29,normal
8,tampering,high,30,UAV-029,15,34,normal
8,tampering,high,30,UAV-029,20,39,normal
8,tampering,high,30,UAV-029,25,43,normal
8,tampering,high,30,UAV-029,30,48,normal
8,tampering,high,30,UAV-029,35,53,normal
8,tampering,high,30,UAV-029,40,57,normal
8,tampering,high,30,UAV-029,44,63,normal
8,tampering,high,30,UAV-029,49,67,tampering
8,tampering,high,30,UAV-029,54,72,tampering
8,tampering,high,30,UAV-029,58,81,tampering
8,tampering,high,30,UAV-029,64,85,tampering
8,tampering,high,30,UAV-029,68,89,tampering
8,tampering,high,30,UAV-029,73,94,tampering
8,tampering,high,30,UAV-029,82,100,tampering
8,tampering,high,30,UAV-029,86,104,tampering
8,tampering,high,30,UAV-029,90,109,tampering
8,tampering,high,30,UAV-029,95,114,tampering
8,tampering,high,30,UAV-029,101,118,tampering
8,tampering,high,30,UAV-029,105,127,tampering
8,tampering,high,30,UAV-029,110,130,tampering
8,tampering,high,30,UAV-029,115,134,tampering
8,tampering,high,30,UAV-029,121,141,tampering
8,tampering,high,30,UAV-029,128,145,tampering
8,tampering,high,30,UAV-029,131,149,tampering
8,tampering,high,30,UAV-029,136,158,tampering
8,tampering,high,30,UAV-029,142,163,tampering
8,tampering,high,30,UAV-029,146,166,tampering
8,tampering,high,30,UAV-029,152,172,tampering
8,tampering,high,30,UAV-029,159,176,tampering
8,tampering,high,30,UAV-029,163,180,tampering
8,tampering,high,30,UAV-029,167,185,tampering
8,tampering,high,30,UAV-029,172,190,tampering
8,tampering,high,30,UAV-029,177,195,normal
8,tampering,high,30,UAV-029,181,199,normal
8,tampering,high,30,UAV-029,186,204,normal
8,tampering,high,30,UAV-029,191,209,normal
8,tampering,high,30,UAV-029,195,214,normal
8,tampering,high,30,UAV-029,200,219,normal
8,tampering,high,30,UAV-029,205,224,normal
8,tampering,high,30,UAV-029,210,229,normal
8,tampering,high,30,UAV-029,215,234,normal
8,tampering,high,30,UAV-029,220,239,normal
8,tampering,low,20,UAV-006,0,19,normal
8,tampering,low,20,UAV-006,5,24,normal
8,tampering,low,20,UAV-006,10,29,normal
8,tampering,low,20,UAV-006,15,34,normal
8,tampering,low,20,UAV-006,20,39,normal
8,tampering,low,20,UAV-006,25,44,normal
8,tampering,low,20,UAV-006,30,49,normal
8,tampering,low,20,UAV-006,35,54,normal
8,tampering,low,20,UAV-006,40,58,normal
8,tampering,low,20,UAV-006,45,64,normal
8,tampering,low,20,UAV-006,50,70,normal
8,tampering,low,20,UAV-006,55,74,tampering
8,tampering,low,20,UAV-006,59,78,tampering
8,tampering,low,20,UAV-006,65,84,tampering
8,tampering,low,20,UAV-006,71,89,tampering
8,tampering,low,20,UAV-006,75,94,tampering
8,tampering,low,20,UAV-006,80,99,tampering
8,tampering,low,20,UAV-006,85,104,tampering
8,tampering,low,20,UAV-006,90,108,tampering
8,tampering,low,20,UAV-006,95,113,normal
8,tampering,low,20,UAV-006,100,119,normal
8,tampering,low,20,UAV-006,105,124,normal
8,tampering,low,20,UAV-006,109,129,normal
8,tampering,low,20,UAV-006,114,134,normal
8,tampering,low,20,UAV-006,120,139,normal
8,tampering,low,20,UAV-006,125,145,normal
8,tampering,low,20,UAV-006,130,149,normal
8,tampering,low,20,UAV-006,135,154,tampering
8,tampering,low,20,UAV-006,139,160,tampering
8,tampering,low,20,UAV-006,146,165,tampering
8,tampering,low,20,UAV-006,150,169,tampering
8,tampering,low,20,UAV-006,155,174,tampering
8,tampering,low,20,UAV-006,161,180,tampering
8,tampering,low,20,UAV-006,166,184,tampering
8,tampering,low,20,UAV-006,170,189,normal
8,tampering,low,20,UAV-006,175,194,normal
8,tampering,low,20,UAV-006,180,199,normal
8,tampering,low,20,UAV-006,185,204,normal
8,tampering,low,20,UAV-006,190,209,normal
8,tampering,low,20,UAV-006,195,214,normal
8,tampering,low,20,UAV-006,200,219,normal
8,tampering,low,20,UAV-006,205,224,normal
8,tampering,low,20,UAV-006,210,229,normal
8,tampering,low,20,UAV-006,215,234,normal
8,tampering,low,20,UAV-006,220,239,normal
8,tampering,low,20,UAV-013,0,19,normal
8,tampering,low,20,UAV-013,5,24,normal
8,tampering,low,20,UAV-013,10,29,normal
8,tampering,low,20,UAV-013,15,34,normal
8,tampering,low,20,UAV-013,20,39,normal
8,tampering,low,20,UAV-013,25,44,normal
8,tampering,low,20,UAV-013,30,49,normal
8,tampering,low,20,UAV-013,35,54,normal
8,tampering,low,20,UAV-013,40,59,normal
8,tampering,low,20,UAV-013,45,64,normal
8,tampering,low,20,UAV-013,50,69,normal
8,tampering,low,20,UAV-013,55,74,normal
8,tampering,low,20,UAV-013,60,79,tampering
8,tampering,low,20,UAV-013,65,84,normal
8,tampering,low,20,UAV-013,70,89,tampering
8,tampering,low,20,UAV-013,75,94,tampering
8,tampering,low,20,UAV-013,80,99,tampering
8,tampering,low,20,UAV-013,85,105,tampering
8,tampering,low,20,UAV-013,90,109,normal
8,tampering,low,20,UAV-013,95,114,normal
8,tampering,low,20,UAV-013,100,119,normal
8,tampering,low,20,UAV-013,106,124,normal
8,tampering,low,20,UAV-013,110,129,normal
8,tampering,low,20,UAV-013,114,134,normal
8,tampering,low,20,UAV-013,120,139,tampering
8,tampering,low,20,UAV-013,125,143,tampering
8,tampering,low,20,UAV-013,130,147,tampering
8,tampering,low,20,UAV-013,135,154,tampering
8,tampering,low,20,UAV-013,140,159,tampering
8,tampering,low,20,UAV-013,143,164,tampering
8,tampering,low,20,UAV-013,148,169,tampering
8,tampering,low,20,UAV-013,155,174,tampering
8,tampering,low,20,UAV-013,160,179,tampering
8,tampering,low,20,UAV-013,165,184,normal
8,tampering,low,20,UAV-013,170,189,normal
8,tampering,low,20,UAV-013,175,194,normal
8,tampering,low,20,UAV-013,180,199,normal
8,tampering,low,20,UAV-013,185,204,normal
8,tampering,low,20,UAV-013,190,209,normal
8,tampering,low,20,UAV-013,195,214,normal
8,tampering,low,20,UAV-013,200,219,normal
8,tampering,low,20,UAV-013,205,224,normal
8,tampering,low,20,UAV-013,210,229,normal
8,tampering,low,20,UAV-013,215,234,normal
8,tampering,low,20,UAV-013,220,239,normal
8,tampering,low,30,UAV-026,0,19,normal
8,tampering,low,30,UAV-026,5,24,normal
8,tampering,low,30,UAV-026,10,29,normal
8,tampering,low,30,UAV-026,15,34,normal
8,tampering,low,30,UAV-026,20,39,normal
8,tampering,low,30,UAV-026,25,44,normal
8,tampering,low,30,UAV-026,30,49,normal
8,tampering,low,30,UAV-026,35,54,normal
8,tampering,low,30,UAV-026,40,59,normal
8,tampering,low,30,UAV-026,45,64,normal
8,tampering,low,30,UAV-026,50,69,normal
8,tampering,low,30,UAV-026,55,74,normal
8,tampering,low,30,UAV-026,60,80,normal
8,tampering,low,30,UAV-026,65,84,normal
8,tampering,low,30,UAV-026,70,88,normal
8,tampering,low,30,UAV-026,75,94,normal
8,tampering,low,30,UAV-026,81,99,normal
8,tampering,low,30,UAV-026,84,104,normal
8,tampering,low,30,UAV-026,89,109,normal
8,tampering,low,30,UAV-026,95,113,tampering
8,tampering,low,30,UAV-026,100,117,normal
8,tampering,low,30,UAV-026,105,122,tampering
8,tampering,low,30,UAV-026,110,128,tampering
8,tampering,low,30,UAV-026,114,134,tampering
8,tampering,low,30,UAV-026,118,139,tampering
8,tampering,low,30,UAV-026,123,144,tampering
8,tampering,low,30,UAV-026,129,150,normal
8,tampering,low,30,UAV-026,135,153,tampering
8,tampering,low,30,UAV-026,140,158,tampering
8,tampering,low,30,UAV-026,146,164,tampering
8,tampering,low,30,UAV-026,150,167,tampering
8,tampering,low,30,UAV-026,154,174,tampering
8,tampering,low,30,UAV-026,159,179,tampering
8,tampering,low,30,UAV-026,165,184,tampering
8,tampering,low,30,UAV-026,169,189,normal
8,tampering,low,30,UAV-026,175,194,normal
8,tampering,low,30,UAV-026,180,199,normal
8,tampering,low,30,UAV-026,185,204,normal
8,tampering,low,30,UAV-026,190,209,normal
8,tampering,low,30,UAV-026,195,214,normal
8,tampering,low,30,UAV-026,200,219,normal
8,tampering,low,30,UAV-026,205,224,normal
8,tampering,low,30,UAV-026,210,229,normal
8,tampering,low,30,UAV-026,215,234,normal
8,tampering,low,30,UAV-026,220,239,normal
8,tampering,medium,20,UAV-018,0,19,normal
8,tampering,medium,20,UAV-018,5,24,normal
8,tampering,medium,20,UAV-018,10,29,normal
8,tampering,medium,20,UAV-018,15,34,normal
8,tampering,medium,20,UAV-018,20,39,normal
8,tampering,medium,20,UAV-018,25,44,normal
8,tampering,medium,20,UAV-018,30,49,normal
8,tampering,medium,20,UAV-018,35,54,normal
8,tampering,medium,20,UAV-018,40,59,normal
8,tampering,medium,20,UAV-018,45,64,normal
8,tampering,medium,20,UAV-018,50,69,tampering
8,tampering,medium,20,UAV-018,55,74,tampering
8,tampering,medium,20,UAV-018,59,79,tampering
8,tampering,medium,20,UAV-018,65,84,tampering
8,tampering,medium,20,UAV-018,70,90,tampering
8,tampering,medium,20,UAV-018,75,95,tampering
8,tampering,medium,20,UAV-018,80,100,tampering
8,tampering,medium,20,UAV-018,85,105,tampering
8,tampering,medium,20,UAV-018,91,109,normal
8,tampering,medium,20,UAV-018,96,115,tampering
8,tampering,medium,20,UAV-018,101,120,tampering
8,tampering,medium,20,UAV-018,105,125,tampering
8,tampering,medium,20,UAV-018,110,131,tampering
8,tampering,medium,20,UAV-018,115,136,tampering
8,tampering,medium,20,UAV-018,122,141,tampering
8,tampering,medium,20,UAV-018,126,145,tampering
8,tampering,medium,20,UAV-018,132,149,tampering
8,tampering,medium,20,UAV-018,136,152,tampering
8,tampering,medium,20,UAV-018,142,159,tampering
8,tampering,medium,20,UAV-018,146,165,tampering
8,tampering,medium,20,UAV-018,149,169,tampering
8,tampering,medium,20,UAV-018,153,175,tampering
8,tampering,medium,20,UAV-018,160,180,tampering
8,tampering,medium,20,UAV-018,166,185,normal
8,tampering,medium,20,UAV-018,170,189,normal
8,tampering,medium,20,UAV-018,176,194,normal
8,tampering,medium,20,UAV-018,181,199,normal
8,tampering,medium,20,UAV-018,185,204,normal
8,tampering,medium,20,UAV-018,190,209,normal
8,tampering,medium,20,UAV-018,195,214,normal
8,tampering,medium,20,UAV-018,200,219,normal
8,tampering,medium,20,UAV-018,205,224,normal
8,tampering,medium,20,UAV-018,210,229,normal
8,tampering,medium,20,UAV-018,215,234,normal
8,tampering,medium,20,UAV-018,220,239,normal
8,tampering,medium,30,UAV-009,0,19,normal
8,tampering,medium,30,UAV-009,5,24,normal
8,tampering,medium,30,UAV-009,10,29,normal
8,tampering,medium,30,UAV-009,15,34,normal
8,tampering,medium,30,UAV-009,20,39,normal
8,tampering,medium,30,UAV-009,25,44,normal
8,tampering,medium,30,UAV-009,30,49,normal
8,tampering,medium,30,UAV-009,35,54,normal
8,tampering,medium,30,UAV-009,40,58,normal
8,tampering,medium,30,UAV-009,45,63,normal
8,tampering,medium,30,UAV-009,50,68,tampering
8,tampering,medium,30,UAV-009,55,75,tampering
8,tampering,medium,30,UAV-009,59,78,tampering
8,tampering,medium,30,UAV-009,64,83,tampering
8,tampering,medium,30,UAV-009,69,87,tampering
8,tampering,medium,30,UAV-009,76,91,tampering
8,tampering,medium,30,UAV-009,79,97,tampering
8,tampering,medium,30,UAV-009,84,103,tampering
8,tampering,medium,30,UAV-009,88,109,tampering
8,tampering,medium,30,UAV-009,92,115,tampering
8,tampering,medium,30,UAV-009,100,118,tampering
8,tampering,medium,30,UAV-009,104,123,tampering
8,tampering,medium,30,UAV-009,110,128,tampering
8,tampering,medium,30,UAV-009,115,134,tampering
8,tampering,medium,30,UAV-009,119,139,tampering
8,tampering,medium,30,UAV-009,124,144,tampering
8,tampering,medium,30,UAV-009,129,149,tampering
8,tampering,medium,30,UAV-009,135,154,tampering
8,tampering,medium,30,UAV-009,140,159,tampering
8,tampering,medium,30,UAV-009,145,163,tampering
8,tampering,medium,30,UAV-009,150,168,tampering
8,tampering,medium,30,UAV-009,156,174,tampering
8,tampering,medium,30,UAV-009,160,180,tampering
8,tampering,medium,30,UAV-009,164,185,tampering
8,tampering,medium,30,UAV-009,169,190,normal
8,tampering,medium,30,UAV-009,176,194,normal
8,tampering,medium,30,UAV-009,181,199,normal
8,tampering,medium,30,UAV-009,186,204,normal
8,tampering,medium,30,UAV-009,191,209,normal
8,tampering,medium,30,UAV-009,195,214,normal
8,tampering,medium,30,UAV-009,200,219,normal
8,tampering,medium,30,UAV-009,205,224,normal
8,tampering,medium,30,UAV-009,210,229,normal
8,tampering,medium,30,UAV-009,215,234,normal
8,tampering,medium,30,UAV-009,220,239,normal
